post_id,date,title,category,url,evidence_type,keyword,snippet
64,2025-09-01T20:47:17+09:00,실시간 코인분석기,코인 프로그램 유료버전,https://mingogogo.tistory.com/64,algorithm_component,타임프레임,"전 반대방향 캔들 패턴 인식 Liquidity Grab 분석 : 고점/저점 돌파 후 반전 패턴 감지 200MA 추세 분석 : 폴 튜더 존스의 장기 추세 판단 원칙 적용 2. 실시간 분석 엔진 다중 타임프레임 : 1분, 3분, 15분봉 및 복합 분석 순차적 업데이트 : API 제한을 고려한 지능적 데이터 로딩 12단계 점수 시스템 : 극강매도(0-10점)부터 극강매수(90-100점)까지 4개"
64,2025-09-01T20:47:17+09:00,실시간 코인분석기,코인 프로그램 유료버전,https://mingogogo.tistory.com/64,indicator_feature,RSI,"1분, 3분, 15분봉 및 복합 분석 순차적 업데이트 : API 제한을 고려한 지능적 데이터 로딩 12단계 점수 시스템 : 극강매도(0-10점)부터 극강매수(90-100점)까지 4개 핵심 지표 : RSI, CCI, 볼린저밴드, 스마트레인지 통합 분석 3. 사용자 친화적 인터페이스 자동완성 검색 : 코인명 또는 심볼로 빠른 검색 개별/전체 새로고침 : 원하는 코인만 선택적 업데이트 실시간 추적"
64,2025-09-01T20:47:17+09:00,실시간 코인분석기,코인 프로그램 유료버전,https://mingogogo.tistory.com/64,indicator_feature,CCI,"분, 15분봉 및 복합 분석 순차적 업데이트 : API 제한을 고려한 지능적 데이터 로딩 12단계 점수 시스템 : 극강매도(0-10점)부터 극강매수(90-100점)까지 4개 핵심 지표 : RSI, CCI, 볼린저밴드, 스마트레인지 통합 분석 3. 사용자 친화적 인터페이스 자동완성 검색 : 코인명 또는 심볼로 빠른 검색 개별/전체 새로고침 : 원하는 코인만 선택적 업데이트 실시간 추적 : 검색"
67,2025-09-05T22:17:39+09:00,파밍 코인분석기 사용법 가이드,코인 프로그램 유료버전,https://mingogogo.tistory.com/67,algorithm_component,하모닉 패턴,"심리를 읽습니다. 카오스 이론 : 복잡한 시장 데이터에서 숨겨진 규칙성을 찾아내는 분석법입니다. 피보나치 클라우드 : 여러 시간대의 피보나치 되돌림을 중첩하여 강력한 지지/저항 구간을 찾습니다. 하모닉 패턴 : 기하학적 가격 패턴과 황금비율을 이용하여 반전점을 계산합니다. 3. 시간대 설정 3분봉, 15분봉, 30분봉, 1시간봉, 4시간봉, 일봉 중 선택하여 각각 다른 관점의 분석을 받을"
67,2025-09-05T22:17:39+09:00,파밍 코인분석기 사용법 가이드,코인 프로그램 유료버전,https://mingogogo.tistory.com/67,indicator_feature,RSI,인과 독립적인 움직임을 보이는 코인들을 분석 검색 갯수는 1개부터 170개까지 설정 가능합니다. 2. 분석 전략 (12가지) 각 전략은 서로 다른 기술적 분석 접근법을 사용합니다: 퀀텀 모멘텀 : RSI와 볼린저밴드를 결합하여 모멘텀의 지속성을 분석합니다. 뉴럴 돌파 : 가격이 주요 저항선을 돌파할 확률을 거래량과 함께 분석합니다. 스마트 반전 : 과매수/과매도 구간에서 발생하는 반전 신호를
68,2025-09-06T15:02:10+09:00,단타 프로그램 백프로밍(파밍) 제작,코인 프로그램 유료버전,https://mingogogo.tistory.com/68,algorithm_component,거래대금,"코인과 알트코인 점수를 종합하여 현재 시장의 매수 적정성을 평가합니다. ""극강매수 확신""부터 ""긴급탈출""까지 7단계로 구분되며, 각 단계별 권장 액션을 제시합니다. 코인 분석 기능 정렬 옵션 활용 거래대금 : 유동성이 높은 코인 순으로 정렬 상승률/하락률 : 변동성이 큰 코인들을 우선 표시 시가총액 : 안정성 있는 대형 코인 위주 정렬 커플링/디커플링 : BTC와의 상관관계 기준 정렬 개별"
68,2025-09-06T15:02:10+09:00,단타 프로그램 백프로밍(파밍) 제작,코인 프로그램 유료버전,https://mingogogo.tistory.com/68,algorithm_component,타임프레임,"수치 BTC 상관관계 분석 베타지수 해석 검색 및 필터링 상단 검색창에서 코인명이나 심볼로 검색 가능하며, 실시간 자동완성을 지원합니다. 표시할 코인 개수는 10개부터 50개까지 선택할 수 있고, 타임프레임도 1분, 3분, 15분, 복합 분석 중 선택 가능합니다. 실시간 업데이트 모든 데이터는 자동으로 업데이트되며, 가격 정보는 5초마다, 전체 분석은 30초마다 갱신됩니다. 우상단의 새로고침"
68,2025-09-06T15:02:10+09:00,단타 프로그램 백프로밍(파밍) 제작,코인 프로그램 유료버전,https://mingogogo.tistory.com/68,indicator_feature,RSI,"인 카드에는 다음 정보가 표시됩니다: 베타지수 : 시장 대비 변동성 (1.0 기준, 높을수록 고위험 고수익) 타이밍 지표 : 완벽타이밍, 좋은타이밍, 신중접근, 회피권장 4단계 미니 인디케이터 : RSI, MFI, CCI, 볼린저밴드의 간략한 상태 표시 상세 분석 모달 코인을 클릭하면 팝업창에서 상세 분석을 확인할 수 있습니다: 4시간 단위 가격 차트 RSI, MFI, CCI, 볼린저밴드 수"
68,2025-09-06T15:02:10+09:00,단타 프로그램 백프로밍(파밍) 제작,코인 프로그램 유료버전,https://mingogogo.tistory.com/68,indicator_feature,RSI,", 회피권장 4단계 미니 인디케이터 : RSI, MFI, CCI, 볼린저밴드의 간략한 상태 표시 상세 분석 모달 코인을 클릭하면 팝업창에서 상세 분석을 확인할 수 있습니다: 4시간 단위 가격 차트 RSI, MFI, CCI, 볼린저밴드 수치 BTC 상관관계 분석 베타지수 해석 검색 및 필터링 상단 검색창에서 코인명이나 심볼로 검색 가능하며, 실시간 자동완성을 지원합니다. 표시할 코인 개수는 1"
68,2025-09-06T15:02:10+09:00,단타 프로그램 백프로밍(파밍) 제작,코인 프로그램 유료버전,https://mingogogo.tistory.com/68,indicator_feature,CCI,"정보가 표시됩니다: 베타지수 : 시장 대비 변동성 (1.0 기준, 높을수록 고위험 고수익) 타이밍 지표 : 완벽타이밍, 좋은타이밍, 신중접근, 회피권장 4단계 미니 인디케이터 : RSI, MFI, CCI, 볼린저밴드의 간략한 상태 표시 상세 분석 모달 코인을 클릭하면 팝업창에서 상세 분석을 확인할 수 있습니다: 4시간 단위 가격 차트 RSI, MFI, CCI, 볼린저밴드 수치 BTC 상관관계"
68,2025-09-06T15:02:10+09:00,단타 프로그램 백프로밍(파밍) 제작,코인 프로그램 유료버전,https://mingogogo.tistory.com/68,indicator_feature,CCI,"미니 인디케이터 : RSI, MFI, CCI, 볼린저밴드의 간략한 상태 표시 상세 분석 모달 코인을 클릭하면 팝업창에서 상세 분석을 확인할 수 있습니다: 4시간 단위 가격 차트 RSI, MFI, CCI, 볼린저밴드 수치 BTC 상관관계 분석 베타지수 해석 검색 및 필터링 상단 검색창에서 코인명이나 심볼로 검색 가능하며, 실시간 자동완성을 지원합니다. 표시할 코인 개수는 10개부터 50개까지"
75,2025-09-10T02:14:50+09:00,업비트 코인 단타 프로그램 나눔 (비트코인 알트코인분석),코인 프로그램 무료 버전,https://mingogogo.tistory.com/75,algorithm_component,타임프레임,". 복잡한 기술적 지표들을 시각적으로 표현하여 투자 판단에 도움을 줄 수 있도록 설계되었습니다. 주요 기능 1. 실시간 시장 분석 업비트 API 연동 : 실제 거래소 데이터를 실시간으로 수신 다중 타임프레임 지원 : 1분, 3분, 5분, 15분, 30분봉 분석 자동 업데이트 : 선택한 타임프레임에 따라 2-15초 간격으로 자동 갱신 2. 6가지 기술적 지표 종합 분석 RSI (상대강도지수)"
75,2025-09-10T02:14:50+09:00,업비트 코인 단타 프로그램 나눔 (비트코인 알트코인분석),코인 프로그램 무료 버전,https://mingogogo.tistory.com/75,algorithm_component,타임프레임,"니다. 주요 기능 1. 실시간 시장 분석 업비트 API 연동 : 실제 거래소 데이터를 실시간으로 수신 다중 타임프레임 지원 : 1분, 3분, 5분, 15분, 30분봉 분석 자동 업데이트 : 선택한 타임프레임에 따라 2-15초 간격으로 자동 갱신 2. 6가지 기술적 지표 종합 분석 RSI (상대강도지수) : 과매수/과매도 구간 판단 MACD : 추세 전환 시점 포착 CCI (상품채널지수) :"
75,2025-09-10T02:14:50+09:00,업비트 코인 단타 프로그램 나눔 (비트코인 알트코인분석),코인 프로그램 무료 버전,https://mingogogo.tistory.com/75,indicator_feature,RSI,"실시간으로 수신 다중 타임프레임 지원 : 1분, 3분, 5분, 15분, 30분봉 분석 자동 업데이트 : 선택한 타임프레임에 따라 2-15초 간격으로 자동 갱신 2. 6가지 기술적 지표 종합 분석 RSI (상대강도지수) : 과매수/과매도 구간 판단 MACD : 추세 전환 시점 포착 CCI (상품채널지수) : 가격 변동성 측정 볼린저밴드 : 가격 위치 분석 스토캐스틱 : 모멘텀 지표 OBV ("
75,2025-09-10T02:14:50+09:00,업비트 코인 단타 프로그램 나눔 (비트코인 알트코인분석),코인 프로그램 무료 버전,https://mingogogo.tistory.com/75,indicator_feature,MACD,"분, 5분, 15분, 30분봉 분석 자동 업데이트 : 선택한 타임프레임에 따라 2-15초 간격으로 자동 갱신 2. 6가지 기술적 지표 종합 분석 RSI (상대강도지수) : 과매수/과매도 구간 판단 MACD : 추세 전환 시점 포착 CCI (상품채널지수) : 가격 변동성 측정 볼린저밴드 : 가격 위치 분석 스토캐스틱 : 모멘텀 지표 OBV (거래량 지표) : 거래량과 가격 추세 상관관계 3."
75,2025-09-10T02:14:50+09:00,업비트 코인 단타 프로그램 나눔 (비트코인 알트코인분석),코인 프로그램 무료 버전,https://mingogogo.tistory.com/75,indicator_feature,CCI,자동 업데이트 : 선택한 타임프레임에 따라 2-15초 간격으로 자동 갱신 2. 6가지 기술적 지표 종합 분석 RSI (상대강도지수) : 과매수/과매도 구간 판단 MACD : 추세 전환 시점 포착 CCI (상품채널지수) : 가격 변동성 측정 볼린저밴드 : 가격 위치 분석 스토캐스틱 : 모멘텀 지표 OBV (거래량 지표) : 거래량과 가격 추세 상관관계 3. 엘리어트 파동 이론 적용 현재 파동
75,2025-09-10T02:14:50+09:00,업비트 코인 단타 프로그램 나눔 (비트코인 알트코인분석),코인 프로그램 무료 버전,https://mingogogo.tistory.com/75,indicator_feature,OBV,"합 분석 RSI (상대강도지수) : 과매수/과매도 구간 판단 MACD : 추세 전환 시점 포착 CCI (상품채널지수) : 가격 변동성 측정 볼린저밴드 : 가격 위치 분석 스토캐스틱 : 모멘텀 지표 OBV (거래량 지표) : 거래량과 가격 추세 상관관계 3. 엘리어트 파동 이론 적용 현재 파동 단계 분석 (1-5파동, ABC 조정파) 파동 강도 및 방향성 측정 피보나치 되돌림 레벨 자동 계산"
76,2025-09-10T16:53:44+09:00,코인 주식 보조지표 강의,코인 강의(공부하기),https://mingogogo.tistory.com/76,algorithm_component,매집,"적한 지표입니다. 가격보다 먼저 움직이는 경향이 있어 선행지표로 활용됩니다. 바닥권 시그널 양의 다이버전스 : 주가는 신저점, OBV는 저점 높아짐 축적 신호 : 횡보 구간에서 OBV 상승은 세력 매집 의미 추세 전환 : OBV가 하락 추세선을 상향 돌파 실전 매수 전략 주가가 신저점을 기록했지만 OBV가 이전 저점보다 높다면, 이는 매도세가 약해지고 있다는 신호입니다. 주가가 주요 저항선을"
76,2025-09-10T16:53:44+09:00,코인 주식 보조지표 강의,코인 강의(공부하기),https://mingogogo.tistory.com/76,indicator_feature,RSI,"습니다. 이 가이드는 초보 투자자들이 15가지 핵심 보조지표를 활용해 바닥권을 찾고, 성공적으로 매수할 수 있도록 돕기 위해 작성되었습니다. 1부: 모멘텀 오실레이터 - 과매도 구간 포착하기 1. RSI (상대강도지수): 가격의 체온계 개념 이해하기: "" RSI"" 는 주식의 ""상승 압력""과 하락 압력의 상대적 강도를 측정하는 지표입니다 . 0부터 100까지의 값으로 표시되며, 주가가 너무 빨"
76,2025-09-10T16:53:44+09:00,코인 주식 보조지표 강의,코인 강의(공부하기),https://mingogogo.tistory.com/76,indicator_feature,RSI,"를 활용해 바닥권을 찾고, 성공적으로 매수할 수 있도록 돕기 위해 작성되었습니다. 1부: 모멘텀 오실레이터 - 과매도 구간 포착하기 1. RSI (상대강도지수): 가격의 체온계 개념 이해하기: "" RSI"" 는 주식의 ""상승 압력""과 하락 압력의 상대적 강도를 측정하는 지표입니다 . 0부터 100까지의 값으로 표시되며, 주가가 너무 빨리 떨어진 과매도 상태나 너무 빨리 오른 과매수 상태 를 알"
76,2025-09-10T16:53:44+09:00,코인 주식 보조지표 강의,코인 강의(공부하기),https://mingogogo.tistory.com/76,indicator_feature,RSI,가 너무 빨리 떨어진 과매도 상태나 너무 빨리 오른 과매수 상태 를 알려줍니다. 계산 방법 (간단 설명) 14일 동안의 평균 상승폭과 평균 하락폭 계산 상승폭을 하락폭으로 나눈 비율(RS) 구하기 RSI = 100 - (100 / (1 + RS)) 바닥권 시그널 표준 과매도 : RSI 30 이하 강력한 과매도 : RSI 20 이하 (더 확실한 신호) 매수 진입 : RSI가 30 아래에서 다시
76,2025-09-10T16:53:44+09:00,코인 주식 보조지표 강의,코인 강의(공부하기),https://mingogogo.tistory.com/76,indicator_feature,RSI,산 방법 (간단 설명) 14일 동안의 평균 상승폭과 평균 하락폭 계산 상승폭을 하락폭으로 나눈 비율(RS) 구하기 RSI = 100 - (100 / (1 + RS)) 바닥권 시그널 표준 과매도 : RSI 30 이하 강력한 과매도 : RSI 20 이하 (더 확실한 신호) 매수 진입 : RSI가 30 아래에서 다시 30을 상향 돌파할 때 보수적 진입 : RSI가 35-40까지 회복된 후 진입 실
76,2025-09-10T16:53:44+09:00,코인 주식 보조지표 강의,코인 강의(공부하기),https://mingogogo.tistory.com/76,indicator_feature,RSI,평균 상승폭과 평균 하락폭 계산 상승폭을 하락폭으로 나눈 비율(RS) 구하기 RSI = 100 - (100 / (1 + RS)) 바닥권 시그널 표준 과매도 : RSI 30 이하 강력한 과매도 : RSI 20 이하 (더 확실한 신호) 매수 진입 : RSI가 30 아래에서 다시 30을 상향 돌파할 때 보수적 진입 : RSI가 35-40까지 회복된 후 진입 실전 활용 예시 주식이 5일 만에 20
76,2025-09-10T16:53:44+09:00,코인 주식 보조지표 강의,코인 강의(공부하기),https://mingogogo.tistory.com/76,indicator_feature,RSI,"나눈 비율(RS) 구하기 RSI = 100 - (100 / (1 + RS)) 바닥권 시그널 표준 과매도 : RSI 30 이하 강력한 과매도 : RSI 20 이하 (더 확실한 신호) 매수 진입 : RSI가 30 아래에서 다시 30을 상향 돌파할 때 보수적 진입 : RSI가 35-40까지 회복된 후 진입 실전 활용 예시 주식이 5일 만에 20% 하락하여 RSI가 18까지 떨어졌다가, 다음날 R"
76,2025-09-10T16:53:44+09:00,코인 주식 보조지표 강의,코인 강의(공부하기),https://mingogogo.tistory.com/76,indicator_feature,RSI,"RS)) 바닥권 시그널 표준 과매도 : RSI 30 이하 강력한 과매도 : RSI 20 이하 (더 확실한 신호) 매수 진입 : RSI가 30 아래에서 다시 30을 상향 돌파할 때 보수적 진입 : RSI가 35-40까지 회복된 후 진입 실전 활용 예시 주식이 5일 만에 20% 하락하여 RSI가 18까지 떨어졌다가, 다음날 RSI가 30을 돌파한다면 이것이 바로 매수 신호입니다. 실제로 이런"
76,2025-09-10T16:53:44+09:00,코인 주식 보조지표 강의,코인 강의(공부하기),https://mingogogo.tistory.com/76,indicator_feature,RSI,"이하 (더 확실한 신호) 매수 진입 : RSI가 30 아래에서 다시 30을 상향 돌파할 때 보수적 진입 : RSI가 35-40까지 회복된 후 진입 실전 활용 예시 주식이 5일 만에 20% 하락하여 RSI가 18까지 떨어졌다가, 다음날 RSI가 30을 돌파한다면 이것이 바로 매수 신호입니다. 실제로 이런 패턴에서 평균 16-27%의 수익을 기록한 사례가 많습니다. 초보자 주의사항 RSI 30"
76,2025-09-10T16:53:44+09:00,코인 주식 보조지표 강의,코인 강의(공부하기),https://mingogogo.tistory.com/76,indicator_feature,RSI,"RSI가 30 아래에서 다시 30을 상향 돌파할 때 보수적 진입 : RSI가 35-40까지 회복된 후 진입 실전 활용 예시 주식이 5일 만에 20% 하락하여 RSI가 18까지 떨어졌다가, 다음날 RSI가 30을 돌파한다면 이것이 바로 매수 신호입니다. 실제로 이런 패턴에서 평균 16-27%의 수익을 기록한 사례가 많습니다. 초보자 주의사항 RSI 30 이하라고 즉시 반등하는 것이 아님 강한"
76,2025-09-10T16:53:44+09:00,코인 주식 보조지표 강의,코인 강의(공부하기),https://mingogogo.tistory.com/76,indicator_feature,RSI,"% 하락하여 RSI가 18까지 떨어졌다가, 다음날 RSI가 30을 돌파한다면 이것이 바로 매수 신호입니다. 실제로 이런 패턴에서 평균 16-27%의 수익을 기록한 사례가 많습니다. 초보자 주의사항 RSI 30 이하라고 즉시 반등하는 것이 아님 강한 하락 추세에서는 RSI가 장기간 과매도 상태 유지 가능 반드시 거래량과 함께 확인 필요 2. MACD: 추세 전환의 신호등 개념 이해하기 MACD"
76,2025-09-10T16:53:44+09:00,코인 주식 보조지표 강의,코인 강의(공부하기),https://mingogogo.tistory.com/76,indicator_feature,RSI,파한다면 이것이 바로 매수 신호입니다. 실제로 이런 패턴에서 평균 16-27%의 수익을 기록한 사례가 많습니다. 초보자 주의사항 RSI 30 이하라고 즉시 반등하는 것이 아님 강한 하락 추세에서는 RSI가 장기간 과매도 상태 유지 가능 반드시 거래량과 함께 확인 필요 2. MACD: 추세 전환의 신호등 개념 이해하기 MACD는 두 개의 이동평균선 차이를 이용해 모멘텀 변화를 포착합니다. RS
76,2025-09-10T16:53:44+09:00,코인 주식 보조지표 강의,코인 강의(공부하기),https://mingogogo.tistory.com/76,indicator_feature,RSI,는 RSI가 장기간 과매도 상태 유지 가능 반드시 거래량과 함께 확인 필요 2. MACD: 추세 전환의 신호등 개념 이해하기 MACD는 두 개의 이동평균선 차이를 이용해 모멘텀 변화를 포착합니다. RSI와 달리 고정된 과매도/과매수 레벨이 없어 추세 변화 감지에 더 유용합니다. 구성 요소 MACD선 : 12일 지수이동평균 - 26일 지수이동평균 시그널선 : MACD선의 9일 지수이동평균 히스
76,2025-09-10T16:53:44+09:00,코인 주식 보조지표 강의,코인 강의(공부하기),https://mingogogo.tistory.com/76,indicator_feature,RSI,에 닿거나 일시적으로 이탈 밴드 스퀴즈 : 밴드폭이 극도로 좁아진 후 상방 돌파 W바닥 패턴 : 하단밴드에서 두 번 반등하며 이중바닥 형성 매수 전략 주가가 하단밴드 터치 + 반전 캔들 패턴 확인 RSI 다이버전스와 함께 나타날 때 더욱 신뢰도 높음 중심선(20일선) 돌파시 본격 매수 목표가는 상단밴드 또는 전고점 실전 활용 예시 하단밴드에서 망치형 캔들이 나타나고 다음날 양봉으로 반등한다면
76,2025-09-10T16:53:44+09:00,코인 주식 보조지표 강의,코인 강의(공부하기),https://mingogogo.tistory.com/76,indicator_feature,RSI,"저항선을 돌파할 때 매수하세요. 주의사항 거래량이 적은 종목에서는 신뢰도 하락 4시간 이상 시간봉에서 사용 권장 단독 사용보다는 가격 패턴과 병행 10. MFI (자금흐름지수): 거래량을 반영한 RSI 개념 이해하기 MFI는 가격과 거래량을 함께 고려한 지표로, ""거래량 가중 RSI""라고 볼 수 있습니다. 0-100 사이 값으로 표시되며, 20 이하는 과매도, 80 이상은 과매수를 의미합니"
76,2025-09-10T16:53:44+09:00,코인 주식 보조지표 강의,코인 강의(공부하기),https://mingogogo.tistory.com/76,indicator_feature,RSI,"시간 이상 시간봉에서 사용 권장 단독 사용보다는 가격 패턴과 병행 10. MFI (자금흐름지수): 거래량을 반영한 RSI 개념 이해하기 MFI는 가격과 거래량을 함께 고려한 지표로, ""거래량 가중 RSI""라고 볼 수 있습니다. 0-100 사이 값으로 표시되며, 20 이하는 과매도, 80 이상은 과매수를 의미합니다. 바닥권 시그널 표준 과매도 : MFI 20 이하 극단 과매도 : MFI 10"
76,2025-09-10T16:53:44+09:00,코인 주식 보조지표 강의,코인 강의(공부하기),https://mingogogo.tistory.com/76,indicator_feature,RSI,Williams %R은 특히 단기 바닥을 찾는데 민감하게 반응합니다. -80 이하에서 -50을 돌파하는 것은 강력한 모멘텀 전환 신호입니다. 복합 활용 전략 Williams %R -90 이하 + RSI 20 이하 = 극단 과매도 이 조합이 나타나면 단기 반등 확률 85% 이상 5부: 통합 전략과 리스크 관리 바닥권 매수를 위한 체크리스트 필수 확인 사항 ☐ 최소 2개 이상 지표에서 과매도
76,2025-09-10T16:53:44+09:00,코인 주식 보조지표 강의,코인 강의(공부하기),https://mingogogo.tistory.com/76,indicator_feature,RSI,"할 7가지 실수 떨어지는 칼 잡기 : 지표 신호 없이 하락만 보고 매수 과도한 베팅 : 한 종목에 전체 자금의 20% 이상 투자 손절 없는 매매 : ""언젠가는 오르겠지"" 심리 단일 지표 맹신 : RSI만 보고 매수 결정 시장 무시 : 약세장에서 바닥 매수 시도 감정적 매매 : 손실 후 복수 매매 인내심 부족 : 확인 없이 성급한 진입 성공적인 바닥 매수 사례 실제 성공 사례 분석 사례 1:"
76,2025-09-10T16:53:44+09:00,코인 주식 보조지표 강의,코인 강의(공부하기),https://mingogogo.tistory.com/76,indicator_feature,RSI,감정적 매매 : 손실 후 복수 매매 인내심 부족 : 확인 없이 성급한 진입 성공적인 바닥 매수 사례 실제 성공 사례 분석 사례 1: 2020년 3월 코로나 바닥 VIX 80 돌파 (극단적 공포) RSI 전 종목 20 이하 대량 거래량 후 감소 결과: 이후 12개월간 70% 상승 사례 2: 개별종목 바닥 포착 RSI 18 + MACD 다이버전스 OBV 상승 전환 200일선 지지 결과: 3개월
76,2025-09-10T16:53:44+09:00,코인 주식 보조지표 강의,코인 강의(공부하기),https://mingogogo.tistory.com/76,indicator_feature,RSI,례 분석 사례 1: 2020년 3월 코로나 바닥 VIX 80 돌파 (극단적 공포) RSI 전 종목 20 이하 대량 거래량 후 감소 결과: 이후 12개월간 70% 상승 사례 2: 개별종목 바닥 포착 RSI 18 + MACD 다이버전스 OBV 상승 전환 200일선 지지 결과: 3개월 내 35% 수익 실전 매매 시나리오 시나리오별 대응 전략 A. 급락 후 횡보 RSI 과매도 유지 거래량 감소 전략
76,2025-09-10T16:53:44+09:00,코인 주식 보조지표 강의,코인 강의(공부하기),https://mingogogo.tistory.com/76,indicator_feature,RSI,상승 사례 2: 개별종목 바닥 포착 RSI 18 + MACD 다이버전스 OBV 상승 전환 200일선 지지 결과: 3개월 내 35% 수익 실전 매매 시나리오 시나리오별 대응 전략 A. 급락 후 횡보 RSI 과매도 유지 거래량 감소 전략: 돌파시 매수 대기 B. V자 반등 극단 과매도 후 급반등 거래량 폭증 전략: 첫 조정시 매수 C. 이중 바닥 두 번째 바닥이 더 높음 지표 다이버전스 전략:
76,2025-09-10T16:53:44+09:00,코인 주식 보조지표 강의,코인 강의(공부하기),https://mingogogo.tistory.com/76,indicator_feature,RSI,관리 : 계좌의 1-2%만 리스크 단계적 진입 : 확신이 높아질수록 포지션 증가 냉정한 손절 : 시나리오 틀리면 즉시 손절 지속적 학습 : 매매일지 작성 및 복기 추천 지표 조합 초보자 추천 조합 RSI + MACD + 거래량 이 3가지만 제대로 활용해도 충분 중급자 조합 RSI + MACD + 볼린저밴드 + OBV 스토캐스틱 + CCI 추가 활용 고급자 조합 모든 지표를 상황에 맞게 선택적
76,2025-09-10T16:53:44+09:00,코인 주식 보조지표 강의,코인 강의(공부하기),https://mingogogo.tistory.com/76,indicator_feature,RSI,가 냉정한 손절 : 시나리오 틀리면 즉시 손절 지속적 학습 : 매매일지 작성 및 복기 추천 지표 조합 초보자 추천 조합 RSI + MACD + 거래량 이 3가지만 제대로 활용해도 충분 중급자 조합 RSI + MACD + 볼린저밴드 + OBV 스토캐스틱 + CCI 추가 활용 고급자 조합 모든 지표를 상황에 맞게 선택적 활용 시장 상황별 최적 지표 조합 변경 시작하는 투자자에게 바닥권 매수는 높
76,2025-09-10T16:53:44+09:00,코인 주식 보조지표 강의,코인 강의(공부하기),https://mingogogo.tistory.com/76,indicator_feature,MACD,의 수익을 기록한 사례가 많습니다. 초보자 주의사항 RSI 30 이하라고 즉시 반등하는 것이 아님 강한 하락 추세에서는 RSI가 장기간 과매도 상태 유지 가능 반드시 거래량과 함께 확인 필요 2. MACD: 추세 전환의 신호등 개념 이해하기 MACD는 두 개의 이동평균선 차이를 이용해 모멘텀 변화를 포착합니다. RSI와 달리 고정된 과매도/과매수 레벨이 없어 추세 변화 감지에 더 유용합니다.
76,2025-09-10T16:53:44+09:00,코인 주식 보조지표 강의,코인 강의(공부하기),https://mingogogo.tistory.com/76,indicator_feature,MACD,의사항 RSI 30 이하라고 즉시 반등하는 것이 아님 강한 하락 추세에서는 RSI가 장기간 과매도 상태 유지 가능 반드시 거래량과 함께 확인 필요 2. MACD: 추세 전환의 신호등 개념 이해하기 MACD는 두 개의 이동평균선 차이를 이용해 모멘텀 변화를 포착합니다. RSI와 달리 고정된 과매도/과매수 레벨이 없어 추세 변화 감지에 더 유용합니다. 구성 요소 MACD선 : 12일 지수이동평균
76,2025-09-10T16:53:44+09:00,코인 주식 보조지표 강의,코인 강의(공부하기),https://mingogogo.tistory.com/76,indicator_feature,MACD,세 전환의 신호등 개념 이해하기 MACD는 두 개의 이동평균선 차이를 이용해 모멘텀 변화를 포착합니다. RSI와 달리 고정된 과매도/과매수 레벨이 없어 추세 변화 감지에 더 유용합니다. 구성 요소 MACD선 : 12일 지수이동평균 - 26일 지수이동평균 시그널선 : MACD선의 9일 지수이동평균 히스토그램 : MACD선 - 시그널선 바닥권 시그널 MACD선이 0 아래에서 시그널선을 상향 돌파
76,2025-09-10T16:53:44+09:00,코인 주식 보조지표 강의,코인 강의(공부하기),https://mingogogo.tistory.com/76,indicator_feature,MACD,이용해 모멘텀 변화를 포착합니다. RSI와 달리 고정된 과매도/과매수 레벨이 없어 추세 변화 감지에 더 유용합니다. 구성 요소 MACD선 : 12일 지수이동평균 - 26일 지수이동평균 시그널선 : MACD선의 9일 지수이동평균 히스토그램 : MACD선 - 시그널선 바닥권 시그널 MACD선이 0 아래에서 시그널선을 상향 돌파 (골든크로스) MACD 히스토그램이 음수에서 증가하기 시작 주가는 신
76,2025-09-10T16:53:44+09:00,코인 주식 보조지표 강의,코인 강의(공부하기),https://mingogogo.tistory.com/76,indicator_feature,MACD,"리 고정된 과매도/과매수 레벨이 없어 추세 변화 감지에 더 유용합니다. 구성 요소 MACD선 : 12일 지수이동평균 - 26일 지수이동평균 시그널선 : MACD선의 9일 지수이동평균 히스토그램 : MACD선 - 시그널선 바닥권 시그널 MACD선이 0 아래에서 시그널선을 상향 돌파 (골든크로스) MACD 히스토그램이 음수에서 증가하기 시작 주가는 신저점, MACD는 저점 높아지는 양의 다이버전"
76,2025-09-10T16:53:44+09:00,코인 주식 보조지표 강의,코인 강의(공부하기),https://mingogogo.tistory.com/76,indicator_feature,MACD,"추세 변화 감지에 더 유용합니다. 구성 요소 MACD선 : 12일 지수이동평균 - 26일 지수이동평균 시그널선 : MACD선의 9일 지수이동평균 히스토그램 : MACD선 - 시그널선 바닥권 시그널 MACD선이 0 아래에서 시그널선을 상향 돌파 (골든크로스) MACD 히스토그램이 음수에서 증가하기 시작 주가는 신저점, MACD는 저점 높아지는 양의 다이버전스 실전 매수 전략 공격적 : MACD"
76,2025-09-10T16:53:44+09:00,코인 주식 보조지표 강의,코인 강의(공부하기),https://mingogogo.tistory.com/76,indicator_feature,MACD,"2일 지수이동평균 - 26일 지수이동평균 시그널선 : MACD선의 9일 지수이동평균 히스토그램 : MACD선 - 시그널선 바닥권 시그널 MACD선이 0 아래에서 시그널선을 상향 돌파 (골든크로스) MACD 히스토그램이 음수에서 증가하기 시작 주가는 신저점, MACD는 저점 높아지는 양의 다이버전스 실전 매수 전략 공격적 : MACD가 음수 구간에서 시그널선 상향 돌파시 보수적 : MACD가"
76,2025-09-10T16:53:44+09:00,코인 주식 보조지표 강의,코인 강의(공부하기),https://mingogogo.tistory.com/76,indicator_feature,MACD,"선의 9일 지수이동평균 히스토그램 : MACD선 - 시그널선 바닥권 시그널 MACD선이 0 아래에서 시그널선을 상향 돌파 (골든크로스) MACD 히스토그램이 음수에서 증가하기 시작 주가는 신저점, MACD는 저점 높아지는 양의 다이버전스 실전 매수 전략 공격적 : MACD가 음수 구간에서 시그널선 상향 돌파시 보수적 : MACD가 0선을 상향 돌파할 때까지 대기 다이버전스 플레이 : 양의 다"
76,2025-09-10T16:53:44+09:00,코인 주식 보조지표 강의,코인 강의(공부하기),https://mingogogo.tistory.com/76,indicator_feature,MACD,"시그널 MACD선이 0 아래에서 시그널선을 상향 돌파 (골든크로스) MACD 히스토그램이 음수에서 증가하기 시작 주가는 신저점, MACD는 저점 높아지는 양의 다이버전스 실전 매수 전략 공격적 : MACD가 음수 구간에서 시그널선 상향 돌파시 보수적 : MACD가 0선을 상향 돌파할 때까지 대기 다이버전스 플레이 : 양의 다이버전스 + 시그널선 돌파시 진입 3. 스토캐스틱: 현재 가격의 위치"
76,2025-09-10T16:53:44+09:00,코인 주식 보조지표 강의,코인 강의(공부하기),https://mingogogo.tistory.com/76,indicator_feature,MACD,"든크로스) MACD 히스토그램이 음수에서 증가하기 시작 주가는 신저점, MACD는 저점 높아지는 양의 다이버전스 실전 매수 전략 공격적 : MACD가 음수 구간에서 시그널선 상향 돌파시 보수적 : MACD가 0선을 상향 돌파할 때까지 대기 다이버전스 플레이 : 양의 다이버전스 + 시그널선 돌파시 진입 3. 스토캐스틱: 현재 가격의 위치 파악 개념 이해하기 스토캐스틱은 일정 기간 동안의 최고가"
76,2025-09-10T16:53:44+09:00,코인 주식 보조지표 강의,코인 강의(공부하기),https://mingogogo.tistory.com/76,indicator_feature,MACD,: 2020년 3월 코로나 바닥 VIX 80 돌파 (극단적 공포) RSI 전 종목 20 이하 대량 거래량 후 감소 결과: 이후 12개월간 70% 상승 사례 2: 개별종목 바닥 포착 RSI 18 + MACD 다이버전스 OBV 상승 전환 200일선 지지 결과: 3개월 내 35% 수익 실전 매매 시나리오 시나리오별 대응 전략 A. 급락 후 횡보 RSI 과매도 유지 거래량 감소 전략: 돌파시 매수
76,2025-09-10T16:53:44+09:00,코인 주식 보조지표 강의,코인 강의(공부하기),https://mingogogo.tistory.com/76,indicator_feature,MACD,좌의 1-2%만 리스크 단계적 진입 : 확신이 높아질수록 포지션 증가 냉정한 손절 : 시나리오 틀리면 즉시 손절 지속적 학습 : 매매일지 작성 및 복기 추천 지표 조합 초보자 추천 조합 RSI + MACD + 거래량 이 3가지만 제대로 활용해도 충분 중급자 조합 RSI + MACD + 볼린저밴드 + OBV 스토캐스틱 + CCI 추가 활용 고급자 조합 모든 지표를 상황에 맞게 선택적 활용 시장
76,2025-09-10T16:53:44+09:00,코인 주식 보조지표 강의,코인 강의(공부하기),https://mingogogo.tistory.com/76,indicator_feature,MACD,손절 : 시나리오 틀리면 즉시 손절 지속적 학습 : 매매일지 작성 및 복기 추천 지표 조합 초보자 추천 조합 RSI + MACD + 거래량 이 3가지만 제대로 활용해도 충분 중급자 조합 RSI + MACD + 볼린저밴드 + OBV 스토캐스틱 + CCI 추가 활용 고급자 조합 모든 지표를 상황에 맞게 선택적 활용 시장 상황별 최적 지표 조합 변경 시작하는 투자자에게 바닥권 매수는 높은 수익률을
76,2025-09-10T16:53:44+09:00,코인 주식 보조지표 강의,코인 강의(공부하기),https://mingogogo.tistory.com/76,indicator_feature,CCI,"용법 MFI가 10 이하로 떨어지는 것은 극도의 매도 압력을 의미하며, 이후 반등시 평균 34% 상승이 관찰되었습니다. 특히 주요 지지선에서 이런 신호가 나타나면 성공률이 더욱 높아집니다. 11. CCI (상품채널지수): 극단값 포착 개념 이해하기 CCI는 현재 가격이 평균 가격에서 얼마나 벗어났는지 측정합니다. ±100을 기준으로 하지만, 제한이 없어 ±200, ±300까지도 움직일 수 있"
76,2025-09-10T16:53:44+09:00,코인 주식 보조지표 강의,코인 강의(공부하기),https://mingogogo.tistory.com/76,indicator_feature,CCI,"압력을 의미하며, 이후 반등시 평균 34% 상승이 관찰되었습니다. 특히 주요 지지선에서 이런 신호가 나타나면 성공률이 더욱 높아집니다. 11. CCI (상품채널지수): 극단값 포착 개념 이해하기 CCI는 현재 가격이 평균 가격에서 얼마나 벗어났는지 측정합니다. ±100을 기준으로 하지만, 제한이 없어 ±200, ±300까지도 움직일 수 있습니다. 바닥권 시그널 표준 과매도 : CCI -10"
76,2025-09-10T16:53:44+09:00,코인 주식 보조지표 강의,코인 강의(공부하기),https://mingogogo.tistory.com/76,indicator_feature,CCI,"념 이해하기 CCI는 현재 가격이 평균 가격에서 얼마나 벗어났는지 측정합니다. ±100을 기준으로 하지만, 제한이 없어 ±200, ±300까지도 움직일 수 있습니다. 바닥권 시그널 표준 과매도 : CCI -100 이하 강한 과매도 : CCI -200 이하 극단 과매도 : CCI -300 이하 (패닉 매도) 매수 전략 CCI가 -200 이하로 하락 CCI가 -100을 상향 돌파 이때 매수 진입"
76,2025-09-10T16:53:44+09:00,코인 주식 보조지표 강의,코인 강의(공부하기),https://mingogogo.tistory.com/76,indicator_feature,CCI,"가격에서 얼마나 벗어났는지 측정합니다. ±100을 기준으로 하지만, 제한이 없어 ±200, ±300까지도 움직일 수 있습니다. 바닥권 시그널 표준 과매도 : CCI -100 이하 강한 과매도 : CCI -200 이하 극단 과매도 : CCI -300 이하 (패닉 매도) 매수 전략 CCI가 -200 이하로 하락 CCI가 -100을 상향 돌파 이때 매수 진입 CCI가 0선 돌파시 추가 매수 효과"
76,2025-09-10T16:53:44+09:00,코인 주식 보조지표 강의,코인 강의(공부하기),https://mingogogo.tistory.com/76,indicator_feature,CCI,". ±100을 기준으로 하지만, 제한이 없어 ±200, ±300까지도 움직일 수 있습니다. 바닥권 시그널 표준 과매도 : CCI -100 이하 강한 과매도 : CCI -200 이하 극단 과매도 : CCI -300 이하 (패닉 매도) 매수 전략 CCI가 -200 이하로 하락 CCI가 -100을 상향 돌파 이때 매수 진입 CCI가 0선 돌파시 추가 매수 효과적인 조합 CCI 과매도 + 볼린저밴드"
76,2025-09-10T16:53:44+09:00,코인 주식 보조지표 강의,코인 강의(공부하기),https://mingogogo.tistory.com/76,indicator_feature,CCI,"200, ±300까지도 움직일 수 있습니다. 바닥권 시그널 표준 과매도 : CCI -100 이하 강한 과매도 : CCI -200 이하 극단 과매도 : CCI -300 이하 (패닉 매도) 매수 전략 CCI가 -200 이하로 하락 CCI가 -100을 상향 돌파 이때 매수 진입 CCI가 0선 돌파시 추가 매수 효과적인 조합 CCI 과매도 + 볼린저밴드 하단 터치 + 거래량 증가 = 고확률 바닥 신"
76,2025-09-10T16:53:44+09:00,코인 주식 보조지표 강의,코인 강의(공부하기),https://mingogogo.tistory.com/76,indicator_feature,CCI,수 있습니다. 바닥권 시그널 표준 과매도 : CCI -100 이하 강한 과매도 : CCI -200 이하 극단 과매도 : CCI -300 이하 (패닉 매도) 매수 전략 CCI가 -200 이하로 하락 CCI가 -100을 상향 돌파 이때 매수 진입 CCI가 0선 돌파시 추가 매수 효과적인 조합 CCI 과매도 + 볼린저밴드 하단 터치 + 거래량 증가 = 고확률 바닥 신호 12. DMI/ADX: 추세
76,2025-09-10T16:53:44+09:00,코인 주식 보조지표 강의,코인 강의(공부하기),https://mingogogo.tistory.com/76,indicator_feature,CCI,CI -100 이하 강한 과매도 : CCI -200 이하 극단 과매도 : CCI -300 이하 (패닉 매도) 매수 전략 CCI가 -200 이하로 하락 CCI가 -100을 상향 돌파 이때 매수 진입 CCI가 0선 돌파시 추가 매수 효과적인 조합 CCI 과매도 + 볼린저밴드 하단 터치 + 거래량 증가 = 고확률 바닥 신호 12. DMI/ADX: 추세의 강도 측정 개념 이해하기 DMI는 +DI(상
76,2025-09-10T16:53:44+09:00,코인 주식 보조지표 강의,코인 강의(공부하기),https://mingogogo.tistory.com/76,indicator_feature,CCI,"00 이하 극단 과매도 : CCI -300 이하 (패닉 매도) 매수 전략 CCI가 -200 이하로 하락 CCI가 -100을 상향 돌파 이때 매수 진입 CCI가 0선 돌파시 추가 매수 효과적인 조합 CCI 과매도 + 볼린저밴드 하단 터치 + 거래량 증가 = 고확률 바닥 신호 12. DMI/ADX: 추세의 강도 측정 개념 이해하기 DMI는 +DI(상승 방향성), -DI(하락 방향성), ADX(추"
76,2025-09-10T16:53:44+09:00,코인 주식 보조지표 강의,코인 강의(공부하기),https://mingogogo.tistory.com/76,indicator_feature,CCI,: 매매일지 작성 및 복기 추천 지표 조합 초보자 추천 조합 RSI + MACD + 거래량 이 3가지만 제대로 활용해도 충분 중급자 조합 RSI + MACD + 볼린저밴드 + OBV 스토캐스틱 + CCI 추가 활용 고급자 조합 모든 지표를 상황에 맞게 선택적 활용 시장 상황별 최적 지표 조합 변경 시작하는 투자자에게 바닥권 매수는 높은 수익률을 제공하지만 그만큼 리스크도 큽니다. 처음에는 모
76,2025-09-10T16:53:44+09:00,코인 주식 보조지표 강의,코인 강의(공부하기),https://mingogogo.tistory.com/76,indicator_feature,OBV,"용법 TRIX가 극단적인 음수 값에서 상승 전환하고 시그널선을 돌파할 때 1차 매수, 0선을 돌파할 때 추가 매수하는 전략이 효과적입니다. 3부: 거래량 및 심화 지표 - 세력의 움직임 포착 9. OBV (누적거래량): 세력의 발자취 개념 이해하기 OBV는 상승일의 거래량은 더하고 하락일의 거래량은 빼서 누적한 지표입니다. 가격보다 먼저 움직이는 경향이 있어 선행지표로 활용됩니다. 바닥권 시"
76,2025-09-10T16:53:44+09:00,코인 주식 보조지표 강의,코인 강의(공부하기),https://mingogogo.tistory.com/76,indicator_feature,OBV,"시그널선을 돌파할 때 1차 매수, 0선을 돌파할 때 추가 매수하는 전략이 효과적입니다. 3부: 거래량 및 심화 지표 - 세력의 움직임 포착 9. OBV (누적거래량): 세력의 발자취 개념 이해하기 OBV는 상승일의 거래량은 더하고 하락일의 거래량은 빼서 누적한 지표입니다. 가격보다 먼저 움직이는 경향이 있어 선행지표로 활용됩니다. 바닥권 시그널 양의 다이버전스 : 주가는 신저점, OBV는 저"
76,2025-09-10T16:53:44+09:00,코인 주식 보조지표 강의,코인 강의(공부하기),https://mingogogo.tistory.com/76,indicator_feature,OBV,"이해하기 OBV는 상승일의 거래량은 더하고 하락일의 거래량은 빼서 누적한 지표입니다. 가격보다 먼저 움직이는 경향이 있어 선행지표로 활용됩니다. 바닥권 시그널 양의 다이버전스 : 주가는 신저점, OBV는 저점 높아짐 축적 신호 : 횡보 구간에서 OBV 상승은 세력 매집 의미 추세 전환 : OBV가 하락 추세선을 상향 돌파 실전 매수 전략 주가가 신저점을 기록했지만 OBV가 이전 저점보다 높"
76,2025-09-10T16:53:44+09:00,코인 주식 보조지표 강의,코인 강의(공부하기),https://mingogogo.tistory.com/76,indicator_feature,OBV,"의 거래량은 빼서 누적한 지표입니다. 가격보다 먼저 움직이는 경향이 있어 선행지표로 활용됩니다. 바닥권 시그널 양의 다이버전스 : 주가는 신저점, OBV는 저점 높아짐 축적 신호 : 횡보 구간에서 OBV 상승은 세력 매집 의미 추세 전환 : OBV가 하락 추세선을 상향 돌파 실전 매수 전략 주가가 신저점을 기록했지만 OBV가 이전 저점보다 높다면, 이는 매도세가 약해지고 있다는 신호입니다."
76,2025-09-10T16:53:44+09:00,코인 주식 보조지표 강의,코인 강의(공부하기),https://mingogogo.tistory.com/76,indicator_feature,OBV,"먼저 움직이는 경향이 있어 선행지표로 활용됩니다. 바닥권 시그널 양의 다이버전스 : 주가는 신저점, OBV는 저점 높아짐 축적 신호 : 횡보 구간에서 OBV 상승은 세력 매집 의미 추세 전환 : OBV가 하락 추세선을 상향 돌파 실전 매수 전략 주가가 신저점을 기록했지만 OBV가 이전 저점보다 높다면, 이는 매도세가 약해지고 있다는 신호입니다. 주가가 주요 저항선을 돌파할 때 매수하세요."
76,2025-09-10T16:53:44+09:00,코인 주식 보조지표 강의,코인 강의(공부하기),https://mingogogo.tistory.com/76,indicator_feature,OBV,"전스 : 주가는 신저점, OBV는 저점 높아짐 축적 신호 : 횡보 구간에서 OBV 상승은 세력 매집 의미 추세 전환 : OBV가 하락 추세선을 상향 돌파 실전 매수 전략 주가가 신저점을 기록했지만 OBV가 이전 저점보다 높다면, 이는 매도세가 약해지고 있다는 신호입니다. 주가가 주요 저항선을 돌파할 때 매수하세요. 주의사항 거래량이 적은 종목에서는 신뢰도 하락 4시간 이상 시간봉에서 사용 권"
76,2025-09-10T16:53:44+09:00,코인 주식 보조지표 강의,코인 강의(공부하기),https://mingogogo.tistory.com/76,indicator_feature,OBV,매도 이 조합이 나타나면 단기 반등 확률 85% 이상 5부: 통합 전략과 리스크 관리 바닥권 매수를 위한 체크리스트 필수 확인 사항 ☐ 최소 2개 이상 지표에서 과매도 신호 ☐ 거래량 증가 확인 (OBV 또는 실제 거래량) ☐ 주요 지지선 근처 여부 ☐ 전체 시장 상황 (코스피/코스닥 추세) ☐ 개별 종목 뉴스 및 재무 상태 포지션 사이징과 손절 전략 안전한 자금 관리 포지션 크기 = (총
76,2025-09-10T16:53:44+09:00,코인 주식 보조지표 강의,코인 강의(공부하기),https://mingogogo.tistory.com/76,indicator_feature,OBV,코로나 바닥 VIX 80 돌파 (극단적 공포) RSI 전 종목 20 이하 대량 거래량 후 감소 결과: 이후 12개월간 70% 상승 사례 2: 개별종목 바닥 포착 RSI 18 + MACD 다이버전스 OBV 상승 전환 200일선 지지 결과: 3개월 내 35% 수익 실전 매매 시나리오 시나리오별 대응 전략 A. 급락 후 횡보 RSI 과매도 유지 거래량 감소 전략: 돌파시 매수 대기 B. V자 반등
76,2025-09-10T16:53:44+09:00,코인 주식 보조지표 강의,코인 강의(공부하기),https://mingogogo.tistory.com/76,indicator_feature,OBV,시 손절 지속적 학습 : 매매일지 작성 및 복기 추천 지표 조합 초보자 추천 조합 RSI + MACD + 거래량 이 3가지만 제대로 활용해도 충분 중급자 조합 RSI + MACD + 볼린저밴드 + OBV 스토캐스틱 + CCI 추가 활용 고급자 조합 모든 지표를 상황에 맞게 선택적 활용 시장 상황별 최적 지표 조합 변경 시작하는 투자자에게 바닥권 매수는 높은 수익률을 제공하지만 그만큼 리스크도
76,2025-09-10T16:53:44+09:00,코인 주식 보조지표 강의,코인 강의(공부하기),https://mingogogo.tistory.com/76,indicator_feature,EMA,"에서 -80을 돌파하면 평균 19% 상승이 관찰되었습니다. 특히 다이버전스가 함께 나타나면 35% 이상 상승한 경우도 많습니다. 2부: 추세 추종 지표 - 추세 전환점 찾기 5. 이동평균선 (MA/EMA): 시장의 기준선 개념 이해하기 이동평균선은 일정 기간 동안의 평균 가격을 연결한 선 입니다. 단순이동평균(SMA)은 모든 기간에 동일한 가중치를, 지수이동평균(EMA)은 최근 가격에 더 많"
76,2025-09-10T16:53:44+09:00,코인 주식 보조지표 강의,코인 강의(공부하기),https://mingogogo.tistory.com/76,indicator_feature,EMA,"찾기 5. 이동평균선 (MA/EMA): 시장의 기준선 개념 이해하기 이동평균선은 일정 기간 동안의 평균 가격을 연결한 선 입니다. 단순이동평균(SMA)은 모든 기간에 동일한 가중치를, 지수이동평균(EMA)은 최근 가격에 더 많은 가중치를 부여합니다. 바닥권 확인 방법 주가가 장기 이동평균선(200일선)에서 지지받으며 반등 단기 이동평균(20일)이 중기(50일)를 상향 돌파 (골든크로스) 주가"
76,2025-09-10T16:53:44+09:00,코인 주식 보조지표 강의,코인 강의(공부하기),https://mingogogo.tistory.com/76,indicator_feature,EMA,실전 매수 전략 주가가 200일선 근처에서 바닥 다지기 20일선이 평평해지거나 상승 전환 주가가 20일선 돌파시 1차 매수 20일선이 50일선 골든크로스시 추가 매수 최적 설정값 단기 : 20일 EMA (동적 지지/저항) 중기 : 50일 SMA (추세 확인) 장기 : 200일 SMA (주요 추세) 6. 볼린저밴드: 변동성의 경계선 개념 이해하기 볼린저밴드는 20일 이동평균선을 중심으로 표준
76,2025-09-10T16:53:44+09:00,코인 주식 보조지표 강의,코인 강의(공부하기),https://mingogogo.tistory.com/76,indicator_feature,SMA,"도 많습니다. 2부: 추세 추종 지표 - 추세 전환점 찾기 5. 이동평균선 (MA/EMA): 시장의 기준선 개념 이해하기 이동평균선은 일정 기간 동안의 평균 가격을 연결한 선 입니다. 단순이동평균(SMA)은 모든 기간에 동일한 가중치를, 지수이동평균(EMA)은 최근 가격에 더 많은 가중치를 부여합니다. 바닥권 확인 방법 주가가 장기 이동평균선(200일선)에서 지지받으며 반등 단기 이동평균(2"
76,2025-09-10T16:53:44+09:00,코인 주식 보조지표 강의,코인 강의(공부하기),https://mingogogo.tistory.com/76,indicator_feature,SMA,바닥 다지기 20일선이 평평해지거나 상승 전환 주가가 20일선 돌파시 1차 매수 20일선이 50일선 골든크로스시 추가 매수 최적 설정값 단기 : 20일 EMA (동적 지지/저항) 중기 : 50일 SMA (추세 확인) 장기 : 200일 SMA (주요 추세) 6. 볼린저밴드: 변동성의 경계선 개념 이해하기 볼린저밴드는 20일 이동평균선을 중심으로 표준편차의 ±2배를 상하한선으로 설정한 지표입니
76,2025-09-10T16:53:44+09:00,코인 주식 보조지표 강의,코인 강의(공부하기),https://mingogogo.tistory.com/76,indicator_feature,SMA,"승 전환 주가가 20일선 돌파시 1차 매수 20일선이 50일선 골든크로스시 추가 매수 최적 설정값 단기 : 20일 EMA (동적 지지/저항) 중기 : 50일 SMA (추세 확인) 장기 : 200일 SMA (주요 추세) 6. 볼린저밴드: 변동성의 경계선 개념 이해하기 볼린저밴드는 20일 이동평균선을 중심으로 표준편차의 ±2배를 상하한선으로 설정한 지표입니다. 변동성이 커지면 밴드가 확장되고,"
77,2025-09-10T18:31:11+09:00,코인 분석기 (파밍:서교민)제작,코인 프로그램 유료버전,https://mingogogo.tistory.com/77,algorithm_component,동기화,"서도, 하락장 속에서 기회를 잡을 힌트를 주는 유용한 무료 분석 툴, '파밍 분석기'**를 소개해 드리고자 합니다. 핵심은 'BTC 디커플링'입니다 이 분석기의 가장 큰 특징은 'BTC 디커플링(비동기화)' 현상을 분석해준다는 점입니다. 쉽게 말해, 비트코인의 시세와 상관없이 독자적인 흐름을 보이는 코인을 찾아주는 시스템 이죠. 이것이 왜 직장인에게 중요할까요? 시황 전체를 계속 쳐다보지 않"
78,2025-09-13T17:25:04+09:00,업비트 코인 분석기 완벽 사용 설명서 비트코인 알트코인 분석,코인 프로그램 유료버전,https://mingogogo.tistory.com/78,algorithm_component,거래대금,것이 안전합니다. ✅ 긍정 / ⚠️ 부정 시나리오 : 봇이 생각하는 가장 가능성 높은 긍정적/부정적 흐름을 요약해줍니다. 투자 전략을 세울 때 참고하기 매우 좋습니다. 📊 거래량 : 24시간 누적 거래대금. 시장의 관심도를 나타냅니다. 🔄 중복 추천 : 봇의 '카운터 시스템'이 기록한 누적 추천 횟수. 자주 등장하는 코인은 그만큼 좋은 신호가 자주 포착된다는 의미입니다. ### Part 4.
78,2025-09-13T17:25:04+09:00,업비트 코인 분석기 완벽 사용 설명서 비트코인 알트코인 분석,코인 프로그램 유료버전,https://mingogogo.tistory.com/78,indicator_feature,RSI,"leration Pattern) : V자 반등처럼, 하락 후 빠르게 회복하며 상승에 가속도가 붙었는가? 급격한 추세 전환의 힘을 봅니다. 모멘텀 확인 (Momentum Confirmation) : RSI, MACD 같은 유명 보조지표들도 '상승'이라는 방향에 동의하는가? 여러 전문가가 같은 의견을 내는지 확인하는 것과 같습니다. 거래량 검증 (Volume Validation) : 가장 중요!"
78,2025-09-13T17:25:04+09:00,업비트 코인 분석기 완벽 사용 설명서 비트코인 알트코인 분석,코인 프로그램 유료버전,https://mingogogo.tistory.com/78,indicator_feature,RSI,"신뢰할 수 있습니다. 추세 지표 (방향성 분석) : MA (이동평균선), EMA, Parabolic SAR 등 ""지금 시장이 상승 추세인가, 하락 추세인가?"" 모멘텀 지표 (힘의 세기 분석) : RSI, MACD, Stochastic, Williams %R, CCI, Momentum, ROC 등 ""상승 또는 하락하는 힘이 얼마나 강력한가? 과열인가, 침체인가?"" 변동성 지표 (위험도 분석)"
78,2025-09-13T17:25:04+09:00,업비트 코인 분석기 완벽 사용 설명서 비트코인 알트코인 분석,코인 프로그램 유료버전,https://mingogogo.tistory.com/78,indicator_feature,RSI,하락파동 점수) x 0.3) 라는 가중치로 계산된 최종 점수. 높을수록 긍정적입니다. 🔗 BTC 커플링 : 알트코인 투자 시 필수 확인 지표. 비트코인의 흐름에 얼마나 동조화되는지 나타냅니다. 📉 RSI / 📈 MACD : 가장 대표적인 모멘텀 지표. 과매수/과매도 상태와 추세의 방향을 빠르게 파악할 수 있습니다. 💹 패턴 & 🎬 액션 : 현재 시장 국면에 대한 봇의 최종 진단과 추천 행동.
78,2025-09-13T17:25:04+09:00,업비트 코인 분석기 완벽 사용 설명서 비트코인 알트코인 분석,코인 프로그램 유료버전,https://mingogogo.tistory.com/78,indicator_feature,MACD,"ion Pattern) : V자 반등처럼, 하락 후 빠르게 회복하며 상승에 가속도가 붙었는가? 급격한 추세 전환의 힘을 봅니다. 모멘텀 확인 (Momentum Confirmation) : RSI, MACD 같은 유명 보조지표들도 '상승'이라는 방향에 동의하는가? 여러 전문가가 같은 의견을 내는지 확인하는 것과 같습니다. 거래량 검증 (Volume Validation) : 가장 중요! 상승할"
78,2025-09-13T17:25:04+09:00,업비트 코인 분석기 완벽 사용 설명서 비트코인 알트코인 분석,코인 프로그램 유료버전,https://mingogogo.tistory.com/78,indicator_feature,MACD,"수 있습니다. 추세 지표 (방향성 분석) : MA (이동평균선), EMA, Parabolic SAR 등 ""지금 시장이 상승 추세인가, 하락 추세인가?"" 모멘텀 지표 (힘의 세기 분석) : RSI, MACD, Stochastic, Williams %R, CCI, Momentum, ROC 등 ""상승 또는 하락하는 힘이 얼마나 강력한가? 과열인가, 침체인가?"" 변동성 지표 (위험도 분석) : Bo"
78,2025-09-13T17:25:04+09:00,업비트 코인 분석기 완벽 사용 설명서 비트코인 알트코인 분석,코인 프로그램 유료버전,https://mingogogo.tistory.com/78,indicator_feature,MACD,x 0.3) 라는 가중치로 계산된 최종 점수. 높을수록 긍정적입니다. 🔗 BTC 커플링 : 알트코인 투자 시 필수 확인 지표. 비트코인의 흐름에 얼마나 동조화되는지 나타냅니다. 📉 RSI / 📈 MACD : 가장 대표적인 모멘텀 지표. 과매수/과매도 상태와 추세의 방향을 빠르게 파악할 수 있습니다. 💹 패턴 & 🎬 액션 : 현재 시장 국면에 대한 봇의 최종 진단과 추천 행동. (횡보/혼조세
78,2025-09-13T17:25:04+09:00,업비트 코인 분석기 완벽 사용 설명서 비트코인 알트코인 분석,코인 프로그램 유료버전,https://mingogogo.tistory.com/78,indicator_feature,CCI,"평균선), EMA, Parabolic SAR 등 ""지금 시장이 상승 추세인가, 하락 추세인가?"" 모멘텀 지표 (힘의 세기 분석) : RSI, MACD, Stochastic, Williams %R, CCI, Momentum, ROC 등 ""상승 또는 하락하는 힘이 얼마나 강력한가? 과열인가, 침체인가?"" 변동성 지표 (위험도 분석) : Bollinger Bands (볼린저밴드), ATR ""가격"
78,2025-09-13T17:25:04+09:00,업비트 코인 분석기 완벽 사용 설명서 비트코인 알트코인 분석,코인 프로그램 유료버전,https://mingogogo.tistory.com/78,indicator_feature,OBV,"? 과열인가, 침체인가?"" 변동성 지표 (위험도 분석) : Bollinger Bands (볼린저밴드), ATR ""가격 움직임이 안정적인가, 아니면 매우 격렬한가?"" 거래량 지표 (신뢰도 분석) : OBV, Volume Ratio, Volume Trend ""지금의 가격 움직임이 실제 돈의 흐름(거래량)에 의해 뒷받침되는가?"" 기타 지표 : ADX (추세 강도), Pivot Points (당일의"
78,2025-09-13T17:25:04+09:00,업비트 코인 분석기 완벽 사용 설명서 비트코인 알트코인 분석,코인 프로그램 유료버전,https://mingogogo.tistory.com/78,indicator_feature,EMA,"지표를 실시간으로 계산하고 활용합니다. 모든 것을 알 필요는 없지만, 어떤 종류의 도구들을 사용하는지 알면 봇의 분석을 더 신뢰할 수 있습니다. 추세 지표 (방향성 분석) : MA (이동평균선), EMA, Parabolic SAR 등 ""지금 시장이 상승 추세인가, 하락 추세인가?"" 모멘텀 지표 (힘의 세기 분석) : RSI, MACD, Stochastic, Williams %R, CCI, M"
79,2025-09-15T01:23:52+09:00,암호화폐(비트코인 알트코인) 분석기 (파동 분석 봇 v11.0): 당신의 24시간 AI 코인 분석가,코인 프로그램 인증,https://mingogogo.tistory.com/79,algorithm_component,타임프레임,"뚫어 볼 수 있습니다. ⏰ 24/7 자동 스케줄러: 시장은 잠들지 않습니다. 이 봇 역시 24시간, 365일 깨어있습니다. 설정된 스케줄에 따라 3분봉 단타 분석부터 4시간봉 스윙 분석까지 다양한 타임프레임의 리포트를 자동으로 전송하며, 투자자가 잠든 사이에도 중요한 시장의 변화를 놓치지 않고 기록하고 분석합니다. 📰 지능형 뉴스 수집기: 코인 데스크, 코인 텔레그래프 등 전 세계 주요 암호"
79,2025-09-15T01:23:52+09:00,암호화폐(비트코인 알트코인) 분석기 (파동 분석 봇 v11.0): 당신의 24시간 AI 코인 분석가,코인 프로그램 인증,https://mingogogo.tistory.com/79,indicator_feature,RSI,"있습니다. 핵심 구성 요소: 🧠 강화된 파동 분석 엔진 (v11.0): 이 봇의 심장부입니다. 엘리어트 파동, 피보나치 되돌림과 같은 거시적인 시장 구조 이론과 25가지가 넘는 미시적인 기술 지표(RSI, MACD, 볼린저 밴드 등)를 동시에 분석합니다. 특히 이 봇의 백미는 P-A-M(점진-가속-모멘텀) 상승 패턴 과 I-N-G(충격-부정-갭) 하락 패턴 이라는 독자적인 시그니처 로직입니다"
79,2025-09-15T01:23:52+09:00,암호화폐(비트코인 알트코인) 분석기 (파동 분석 봇 v11.0): 당신의 24시간 AI 코인 분석가,코인 프로그램 인증,https://mingogogo.tistory.com/79,indicator_feature,MACD,"핵심 구성 요소: 🧠 강화된 파동 분석 엔진 (v11.0): 이 봇의 심장부입니다. 엘리어트 파동, 피보나치 되돌림과 같은 거시적인 시장 구조 이론과 25가지가 넘는 미시적인 기술 지표(RSI, MACD, 볼린저 밴드 등)를 동시에 분석합니다. 특히 이 봇의 백미는 P-A-M(점진-가속-모멘텀) 상승 패턴 과 I-N-G(충격-부정-갭) 하락 패턴 이라는 독자적인 시그니처 로직입니다. 이 로"
80,2025-09-16T23:52:39+09:00,"PAMING 급등코인분석 시스템, 무엇이 특별한가",코인 프로그램 유료버전,https://mingogogo.tistory.com/80,algorithm_component,타임프레임,"수 있다. 여기에 3분봉, 15분봉, 1시간봉, 4시간봉까지 다양한 시간 프레임을 지원 단타·스윙·중장기 매매 전략 을 모두 커버할 수 있다. 단일 봉 기준으로만 보는 단순 지표와는 달리, 멀티 타임프레임에서 방향성이 일치할 때 가중치를 높여 신뢰도를 강화 하는 구조다. 또 하나 주목할 점은 100단계 점수 체계 다. 대부분의 지표 프로그램은 단순히 “과매수/과매도” 혹은 “매수/매도” 신"
80,2025-09-16T23:52:39+09:00,"PAMING 급등코인분석 시스템, 무엇이 특별한가",코인 프로그램 유료버전,https://mingogogo.tistory.com/80,indicator_feature,RSI,"는 위험 구간으로 해석된다. 덕분에 투자자는 단순히 신호를 보는 게 아니라, 현재 코인의 위치가 시장에서 어느 정도 수준인지 직관적으로 이해할 수 있다. 보조지표 역시 단순 계산에 머물지 않는다. RSI, CCI, 볼린저밴드, MACD 같은 기본 지표에 거래량, MFI, Stochastic RSI, ATR, SuperTrend, Heikin-Ashi, Squeeze Momentum 등이 결합"
80,2025-09-16T23:52:39+09:00,"PAMING 급등코인분석 시스템, 무엇이 특별한가",코인 프로그램 유료버전,https://mingogogo.tistory.com/80,indicator_feature,RSI,"시장에서 어느 정도 수준인지 직관적으로 이해할 수 있다. 보조지표 역시 단순 계산에 머물지 않는다. RSI, CCI, 볼린저밴드, MACD 같은 기본 지표에 거래량, MFI, Stochastic RSI, ATR, SuperTrend, Heikin-Ashi, Squeeze Momentum 등이 결합된다. 추가로 "" 커스텀 알고리즘"" 이 들어간다. 직접 제작한 알고리즘으로 5년이상 경력의 트레"
80,2025-09-16T23:52:39+09:00,"PAMING 급등코인분석 시스템, 무엇이 특별한가",코인 프로그램 유료버전,https://mingogogo.tistory.com/80,indicator_feature,MACD,"분에 투자자는 단순히 신호를 보는 게 아니라, 현재 코인의 위치가 시장에서 어느 정도 수준인지 직관적으로 이해할 수 있다. 보조지표 역시 단순 계산에 머물지 않는다. RSI, CCI, 볼린저밴드, MACD 같은 기본 지표에 거래량, MFI, Stochastic RSI, ATR, SuperTrend, Heikin-Ashi, Squeeze Momentum 등이 결합된다. 추가로 "" 커스텀 알고리"
80,2025-09-16T23:52:39+09:00,"PAMING 급등코인분석 시스템, 무엇이 특별한가",코인 프로그램 유료버전,https://mingogogo.tistory.com/80,indicator_feature,CCI,"구간으로 해석된다. 덕분에 투자자는 단순히 신호를 보는 게 아니라, 현재 코인의 위치가 시장에서 어느 정도 수준인지 직관적으로 이해할 수 있다. 보조지표 역시 단순 계산에 머물지 않는다. RSI, CCI, 볼린저밴드, MACD 같은 기본 지표에 거래량, MFI, Stochastic RSI, ATR, SuperTrend, Heikin-Ashi, Squeeze Momentum 등이 결합된다. 추"
81,2025-09-17T00:01:33+09:00,"업비트 단타 트레이더를 위한 강력한 분석 툴, '파밍 분석기",코인 프로그램 유료버전,https://mingogogo.tistory.com/81,algorithm_component,거래대금,"봉까지 원하는 분석 시간대를 선택할 수 있습니다. '분석 시작' 버튼을 누르면, 프로그램은 즉시 업비트 API를 통해 실시간 데이터를 수집합니다. 분석 대상은 단순히 모든 코인이 아니라, 24시간 거래대금을 기준으로 정렬된 상위 60개의 주요 코인 입니다. 이는 유동성이 부족한 코인을 거르고 유의미한 데이터 분석에 집중하겠다는 전략입니다. 프로그램은 이 60개 코인의 가격 움직임과 BTC의"
81,2025-09-17T00:01:33+09:00,"업비트 단타 트레이더를 위한 강력한 분석 툴, '파밍 분석기",코인 프로그램 유료버전,https://mingogogo.tistory.com/81,algorithm_component,동기화,"링, 매물대 분석) 코인 투자 시장, 특히 변동성이 큰 단타 매매의 영역은 매 순간이 전쟁터와 같습니다. 수많은 알트코인들이 결국 대장주인 비트코인(BTC)의 흐름에 따라 일제히 움직이는 '커플링(동기화)' 현상 때문에 독자적인 수익 구간을 찾기란 여간 어려운 일이 아닙니다. 만약 비트코인의 흐름과 무관하게, 자신만의 힘으로 움직이는 '디커플링(비동기화)' 코인을 실시간으로 찾아내고, 더 나"
81,2025-09-17T00:01:33+09:00,"업비트 단타 트레이더를 위한 강력한 분석 툴, '파밍 분석기",코인 프로그램 유료버전,https://mingogogo.tistory.com/81,algorithm_component,동기화,"C)의 흐름에 따라 일제히 움직이는 '커플링(동기화)' 현상 때문에 독자적인 수익 구간을 찾기란 여간 어려운 일이 아닙니다. 만약 비트코인의 흐름과 무관하게, 자신만의 힘으로 움직이는 '디커플링(비동기화)' 코인을 실시간으로 찾아내고, 더 나아가 매수/매도하기 좋은 지지선과 저항선까지 한눈에 파악할 수 있다면 어떨까요? 이러한 트레이더들의 고충을 해결하기 위해 등장한 강력한 웹 기반 분석 툴"
81,2025-09-17T00:01:33+09:00,"업비트 단타 트레이더를 위한 강력한 분석 툴, '파밍 분석기",코인 프로그램 유료버전,https://mingogogo.tistory.com/81,algorithm_component,동기화,"ltimate'**입니다. '파밍(서교민)' 님이 제작한 이 프로그램은 'BTC 디커플링 시스템'이라는 부제에 걸맞게, 업비트(Upbit) 원화(KRW) 마켓의 코인들을 심층 분석하여 비트코인과 비동기화된 종목을 발굴하고, 매물대 기반의 지지/저항 분석까지 제공하는 것을 목표로 합니다. 이 분석기가 어떻게 작동하며, 트레이더가 이를 어떻게 활용할 수 있는지 그 핵심 기능들을 자세히 살펴보겠습"
81,2025-09-17T00:01:33+09:00,"업비트 단타 트레이더를 위한 강력한 분석 툴, '파밍 분석기",코인 프로그램 유료버전,https://mingogogo.tistory.com/81,indicator_feature,RSI,"BTC 디커플링 점수 (가중치 30%): 코인이 얼마나 BTC와 독립적으로 움직이는지를 나타내는 점수입니다. 기술적 분석 점수 (가중치 40%): 가장 높은 비중을 차지하는 항목입니다. 프로그램은 RSI, MACD, CCI, 볼린저 밴드(BB), 스토캐스틱(Stoch), OBV 등 다양한 기술적 보조 지표를 종합적으로 분석하여 현재 매수/매도 신호를 0점에서 100점 사이의 점수로 환산합니다"
81,2025-09-17T00:01:33+09:00,"업비트 단타 트레이더를 위한 강력한 분석 툴, '파밍 분석기",코인 프로그램 유료버전,https://mingogogo.tistory.com/81,indicator_feature,RSI,"보여줍니다. 80점 이상: 강력 매수 60점 이상: 매수 40~60점: 중립 20~40점: 매도 20점 미만: 강력 매도 와 같이 직관적인 신호를 제공하여 사용자의 빠른 의사결정을 돕습니다. 또한 RSI, MACD, CCI 등이 각각 몇 점으로 평가되었는지 세부 점수도 함께 표시하여, 숙련된 트레이더가 자신만의 분석에 참고할 수 있도록 합니다. ## 제작자 및 활용법 이 강력한 분석기는 '파"
81,2025-09-17T00:01:33+09:00,"업비트 단타 트레이더를 위한 강력한 분석 툴, '파밍 분석기",코인 프로그램 유료버전,https://mingogogo.tistory.com/81,indicator_feature,MACD,"커플링 점수 (가중치 30%): 코인이 얼마나 BTC와 독립적으로 움직이는지를 나타내는 점수입니다. 기술적 분석 점수 (가중치 40%): 가장 높은 비중을 차지하는 항목입니다. 프로그램은 RSI, MACD, CCI, 볼린저 밴드(BB), 스토캐스틱(Stoch), OBV 등 다양한 기술적 보조 지표를 종합적으로 분석하여 현재 매수/매도 신호를 0점에서 100점 사이의 점수로 환산합니다. 선택한"
81,2025-09-17T00:01:33+09:00,"업비트 단타 트레이더를 위한 강력한 분석 툴, '파밍 분석기",코인 프로그램 유료버전,https://mingogogo.tistory.com/81,indicator_feature,MACD,". 80점 이상: 강력 매수 60점 이상: 매수 40~60점: 중립 20~40점: 매도 20점 미만: 강력 매도 와 같이 직관적인 신호를 제공하여 사용자의 빠른 의사결정을 돕습니다. 또한 RSI, MACD, CCI 등이 각각 몇 점으로 평가되었는지 세부 점수도 함께 표시하여, 숙련된 트레이더가 자신만의 분석에 참고할 수 있도록 합니다. ## 제작자 및 활용법 이 강력한 분석기는 '파밍(서교민"
81,2025-09-17T00:01:33+09:00,"업비트 단타 트레이더를 위한 강력한 분석 툴, '파밍 분석기",코인 프로그램 유료버전,https://mingogogo.tistory.com/81,indicator_feature,CCI,"(가중치 30%): 코인이 얼마나 BTC와 독립적으로 움직이는지를 나타내는 점수입니다. 기술적 분석 점수 (가중치 40%): 가장 높은 비중을 차지하는 항목입니다. 프로그램은 RSI, MACD, CCI, 볼린저 밴드(BB), 스토캐스틱(Stoch), OBV 등 다양한 기술적 보조 지표를 종합적으로 분석하여 현재 매수/매도 신호를 0점에서 100점 사이의 점수로 환산합니다. 선택한 시간대에"
81,2025-09-17T00:01:33+09:00,"업비트 단타 트레이더를 위한 강력한 분석 툴, '파밍 분석기",코인 프로그램 유료버전,https://mingogogo.tistory.com/81,indicator_feature,CCI,"이상: 강력 매수 60점 이상: 매수 40~60점: 중립 20~40점: 매도 20점 미만: 강력 매도 와 같이 직관적인 신호를 제공하여 사용자의 빠른 의사결정을 돕습니다. 또한 RSI, MACD, CCI 등이 각각 몇 점으로 평가되었는지 세부 점수도 함께 표시하여, 숙련된 트레이더가 자신만의 분석에 참고할 수 있도록 합니다. ## 제작자 및 활용법 이 강력한 분석기는 '파밍(서교민)' 님이"
81,2025-09-17T00:01:33+09:00,"업비트 단타 트레이더를 위한 강력한 분석 툴, '파밍 분석기",코인 프로그램 유료버전,https://mingogogo.tistory.com/81,indicator_feature,OBV,"움직이는지를 나타내는 점수입니다. 기술적 분석 점수 (가중치 40%): 가장 높은 비중을 차지하는 항목입니다. 프로그램은 RSI, MACD, CCI, 볼린저 밴드(BB), 스토캐스틱(Stoch), OBV 등 다양한 기술적 보조 지표를 종합적으로 분석하여 현재 매수/매도 신호를 0점에서 100점 사이의 점수로 환산합니다. 선택한 시간대에 따라 최적화된 파라미터(getOptimalParams)를"
83,2025-09-20T16:57:43+09:00,코인강의,코인 강의(공부하기),https://mingogogo.tistory.com/83,indicator_feature,RSI,가 틀릴 수 있어요 3️⃣ 시장 상황 고려: 큰 뉴스나 사건이 있으면 지표가 안 맞을 수 있어요 4️⃣ 감정 조절: 지표 신호를 무시하고 감정적으로 거래하면 안 돼요 🎮 학습 순서 추천! 1단계: RSI로 과매수/과매도 감 잡기 → 2단계: 이동평균선으로 추세 보기 → 3단계: 거래량으로 진짜/가짜 확인 → 4단계: 여러 지표 조합해서 사용하기 📊 RSI (과매수/과매도) 📈 MACD (신호
83,2025-09-20T16:57:43+09:00,코인강의,코인 강의(공부하기),https://mingogogo.tistory.com/83,indicator_feature,RSI,면 안 돼요 🎮 학습 순서 추천! 1단계: RSI로 과매수/과매도 감 잡기 → 2단계: 이동평균선으로 추세 보기 → 3단계: 거래량으로 진짜/가짜 확인 → 4단계: 여러 지표 조합해서 사용하기 📊 RSI (과매수/과매도) 📈 MACD (신호등) 🎈 볼린저 밴드 (풍선) 🎢 스토캐스틱 (롤러코스터) 📏 이동평균선 (평균점수) 📊 거래량 (인기도) 📊 RSI - 많이 샀나? 많이 팔았나? 🛒 R
83,2025-09-20T16:57:43+09:00,코인강의,코인 강의(공부하기),https://mingogogo.tistory.com/83,indicator_feature,RSI,"4단계: 여러 지표 조합해서 사용하기 📊 RSI (과매수/과매도) 📈 MACD (신호등) 🎈 볼린저 밴드 (풍선) 🎢 스토캐스틱 (롤러코스터) 📏 이동평균선 (평균점수) 📊 거래량 (인기도) 📊 RSI - 많이 샀나? 많이 팔았나? 🛒 RSI는 사고파는 정도를 알려줘요! 마트에서 인기 상품 이 있다고 생각해보세요! 너무 많이 사면 떨어지고, 너무 많이 팔면 모자라죠! 🔥 RSI 70 이상"
83,2025-09-20T16:57:43+09:00,코인강의,코인 강의(공부하기),https://mingogogo.tistory.com/83,indicator_feature,RSI,"RSI (과매수/과매도) 📈 MACD (신호등) 🎈 볼린저 밴드 (풍선) 🎢 스토캐스틱 (롤러코스터) 📏 이동평균선 (평균점수) 📊 거래량 (인기도) 📊 RSI - 많이 샀나? 많이 팔았나? 🛒 RSI는 사고파는 정도를 알려줘요! 마트에서 인기 상품 이 있다고 생각해보세요! 너무 많이 사면 떨어지고, 너무 많이 팔면 모자라죠! 🔥 RSI 70 이상 (과매수): 너무 많이 샀어요! (사람들이"
83,2025-09-20T16:57:43+09:00,코인강의,코인 강의(공부하기),https://mingogogo.tistory.com/83,indicator_feature,RSI,"량 (인기도) 📊 RSI - 많이 샀나? 많이 팔았나? 🛒 RSI는 사고파는 정도를 알려줘요! 마트에서 인기 상품 이 있다고 생각해보세요! 너무 많이 사면 떨어지고, 너무 많이 팔면 모자라죠! 🔥 RSI 70 이상 (과매수): 너무 많이 샀어요! (사람들이 너무 열심히 사서 가격이 높아짐) → 곧 팔고 싶어할 수도! 🧊 RSI 30 이하 (과매도): 너무 많이 팔았어요! (사람들이 너무 많이"
83,2025-09-20T16:57:43+09:00,코인강의,코인 강의(공부하기),https://mingogogo.tistory.com/83,indicator_feature,RSI,"생각해보세요! 너무 많이 사면 떨어지고, 너무 많이 팔면 모자라죠! 🔥 RSI 70 이상 (과매수): 너무 많이 샀어요! (사람들이 너무 열심히 사서 가격이 높아짐) → 곧 팔고 싶어할 수도! 🧊 RSI 30 이하 (과매도): 너무 많이 팔았어요! (사람들이 너무 많이 팔아서 가격이 낮아짐) → 곧 사고 싶어할 수도! 😊 RSI 30~70: 적당히 사고파는 중! 지켜봐도 괜찮아요! 🛒 살 때"
83,2025-09-20T16:57:43+09:00,코인강의,코인 강의(공부하기),https://mingogogo.tistory.com/83,indicator_feature,RSI,"들이 너무 열심히 사서 가격이 높아짐) → 곧 팔고 싶어할 수도! 🧊 RSI 30 이하 (과매도): 너무 많이 팔았어요! (사람들이 너무 많이 팔아서 가격이 낮아짐) → 곧 사고 싶어할 수도! 😊 RSI 30~70: 적당히 사고파는 중! 지켜봐도 괜찮아요! 🛒 살 때 (매수) RSI가 30 아래로 떨어졌다가 다시 올라올 때! ""너무 많이 팔려서 가격이 싸졌는데 이제 사려는 사람들이 나타났어!"
83,2025-09-20T16:57:43+09:00,코인강의,코인 강의(공부하기),https://mingogogo.tistory.com/83,indicator_feature,RSI,"이하 (과매도): 너무 많이 팔았어요! (사람들이 너무 많이 팔아서 가격이 낮아짐) → 곧 사고 싶어할 수도! 😊 RSI 30~70: 적당히 사고파는 중! 지켜봐도 괜찮아요! 🛒 살 때 (매수) RSI가 30 아래로 떨어졌다가 다시 올라올 때! ""너무 많이 팔려서 가격이 싸졌는데 이제 사려는 사람들이 나타났어!"" 🎯 쉽게 말하면: 과매도 상태에서 회복하려는 신호! 😊 지켜볼 때 RSI가 3"
83,2025-09-20T16:57:43+09:00,코인강의,코인 강의(공부하기),https://mingogogo.tistory.com/83,indicator_feature,RSI,"(매수) RSI가 30 아래로 떨어졌다가 다시 올라올 때! ""너무 많이 팔려서 가격이 싸졌는데 이제 사려는 사람들이 나타났어!"" 🎯 쉽게 말하면: 과매도 상태에서 회복하려는 신호! 😊 지켜볼 때 RSI가 30~70 사이 ""적당히 사고파는 중이네!"" 🎯 쉽게 말하면: 정상 거래, 급하게 뭘 할 필요 없음 💰 팔 때 (매도) RSI가 70 위로 올라갔다가 다시 내려올 때! ""너무 많이 사서 가"
83,2025-09-20T16:57:43+09:00,코인강의,코인 강의(공부하기),https://mingogogo.tistory.com/83,indicator_feature,RSI,"🎯 쉽게 말하면: 과매도 상태에서 회복하려는 신호! 😊 지켜볼 때 RSI가 30~70 사이 ""적당히 사고파는 중이네!"" 🎯 쉽게 말하면: 정상 거래, 급하게 뭘 할 필요 없음 💰 팔 때 (매도) RSI가 70 위로 올라갔다가 다시 내려올 때! ""너무 많이 사서 가격이 비싸졌는데 이제 팔려는 사람들이 나타났어!"" 🎯 쉽게 말하면: 과매수 상태에서 조정받으려는 신호! 🧮 계산하는 방법 (몰라도"
83,2025-09-20T16:57:43+09:00,코인강의,코인 강의(공부하기),https://mingogogo.tistory.com/83,indicator_feature,RSI,계산하는 방법 (몰라도 돼요!) 간단히 말하면: 최근 14일 동안 오른 날과 내린 날을 비교해서 계산해요 프로그램이 알아서 계산해주니까 우리는 결과만 보면 돼요! 😊 ⚠️ 이런 실수 하지 마세요! RSI 70 넘었다고 바로 팔기: 강한 상승장에서는 계속 70 이상 머물 수 있어요! RSI만 보고 판단: 다른 신호들도 함께 확인하세요! 감정적으로 판단: 차트가 말해줄 때까지 기다리세요! 🎯 기
83,2025-09-20T16:57:43+09:00,코인강의,코인 강의(공부하기),https://mingogogo.tistory.com/83,indicator_feature,RSI,비교해서 계산해요 프로그램이 알아서 계산해주니까 우리는 결과만 보면 돼요! 😊 ⚠️ 이런 실수 하지 마세요! RSI 70 넘었다고 바로 팔기: 강한 상승장에서는 계속 70 이상 머물 수 있어요! RSI만 보고 판단: 다른 신호들도 함께 확인하세요! 감정적으로 판단: 차트가 말해줄 때까지 기다리세요! 🎯 기억하세요: RSI는 참고용이에요! 100% 맞지 않아요! 📈 MACD - 코인의 신호등
83,2025-09-20T16:57:43+09:00,코인강의,코인 강의(공부하기),https://mingogogo.tistory.com/83,indicator_feature,RSI,"넘었다고 바로 팔기: 강한 상승장에서는 계속 70 이상 머물 수 있어요! RSI만 보고 판단: 다른 신호들도 함께 확인하세요! 감정적으로 판단: 차트가 말해줄 때까지 기다리세요! 🎯 기억하세요: RSI는 참고용이에요! 100% 맞지 않아요! 📈 MACD - 코인의 신호등 🚦 MACD는 교통신호등 같아요! 신호등 이 빨강에서 초록으로 바뀌면 ""출발!""하듯이, MACD 도 선들이 교차하면 ""사"
83,2025-09-20T16:57:43+09:00,코인강의,코인 강의(공부하기),https://mingogogo.tistory.com/83,indicator_feature,RSI,! 0선 돌파 주목: MACD가 0을 넘나드는 건 큰 신호! 히스토그램 확인: 막대기가 길수록 신호가 강해요! 가격과 반대 움직임: 가격은 올라가는데 MACD는 내려가면 주의! 다른 지표와 함께: RSI나 거래량도 같이 확인하세요! 🎈 볼린저 밴드 - 코인의 풍선 🎈 볼린저 밴드는 풍선 같아요! 가격 주변에 풍선 같은 밴드 가 있다고 생각해보세요! 🔴 위쪽 밴드: 풍선의 윗부분 (너무 비싸다
83,2025-09-20T16:57:43+09:00,코인강의,코인 강의(공부하기),https://mingogogo.tistory.com/83,indicator_feature,RSI,"캐스틱: 민감해서 신호가 많이 나와요 (단기 투자용) 느린 스토캐스틱: 안정적이라 신호가 적어요 (장기 투자용) 다이버전스 주목: 가격은 올라가는데 스토캐스틱은 내려가면 조심! 다른 지표와 함께: RSI나 MACD와 같이 보면 더 정확해요! 📏 이동평균선 - 코인의 평균 점수 📊 이동평균선은 성적표 같아요! 학교에서 중간고사, 기말고사 평균점수 를 내는 것처럼, 코인도 평균가격을 계산해요!"
83,2025-09-20T16:57:43+09:00,코인강의,코인 강의(공부하기),https://mingogogo.tistory.com/83,indicator_feature,RSI,": ""그냥 조정인 것 같아"" (큰 문제 없음) 🎯 기억하세요: 거래량이 많을 때 나오는 신호가 더 믿을 만해요! 🎲 새로운 차트 만들기 💾 데이터 저장하기 🎯 모든 지표 구경하기 65.4 📊 현재 RSI (과매수/과매도) +2.3 🚦 현재 MACD 신호 중립 🎈 볼린저 밴드 상태 상승 📈 지금 추세는? 🎉 축하해요! 이제 여러분도 코인 지표 마스터 예요! 💪 처음엔 어려워도 매일 조금씩 보다"
83,2025-09-20T16:57:43+09:00,코인강의,코인 강의(공부하기),https://mingogogo.tistory.com/83,indicator_feature,MACD,천! 1단계: RSI로 과매수/과매도 감 잡기 → 2단계: 이동평균선으로 추세 보기 → 3단계: 거래량으로 진짜/가짜 확인 → 4단계: 여러 지표 조합해서 사용하기 📊 RSI (과매수/과매도) 📈 MACD (신호등) 🎈 볼린저 밴드 (풍선) 🎢 스토캐스틱 (롤러코스터) 📏 이동평균선 (평균점수) 📊 거래량 (인기도) 📊 RSI - 많이 샀나? 많이 팔았나? 🛒 RSI는 사고파는 정도를 알려줘
83,2025-09-20T16:57:43+09:00,코인강의,코인 강의(공부하기),https://mingogogo.tistory.com/83,indicator_feature,MACD,"이상 머물 수 있어요! RSI만 보고 판단: 다른 신호들도 함께 확인하세요! 감정적으로 판단: 차트가 말해줄 때까지 기다리세요! 🎯 기억하세요: RSI는 참고용이에요! 100% 맞지 않아요! 📈 MACD - 코인의 신호등 🚦 MACD는 교통신호등 같아요! 신호등 이 빨강에서 초록으로 바뀌면 ""출발!""하듯이, MACD 도 선들이 교차하면 ""사세요!"" 또는 ""파세요!"" 신호를 줘요! 📊 MAC"
83,2025-09-20T16:57:43+09:00,코인강의,코인 강의(공부하기),https://mingogogo.tistory.com/83,indicator_feature,MACD,"만 보고 판단: 다른 신호들도 함께 확인하세요! 감정적으로 판단: 차트가 말해줄 때까지 기다리세요! 🎯 기억하세요: RSI는 참고용이에요! 100% 맞지 않아요! 📈 MACD - 코인의 신호등 🚦 MACD는 교통신호등 같아요! 신호등 이 빨강에서 초록으로 바뀌면 ""출발!""하듯이, MACD 도 선들이 교차하면 ""사세요!"" 또는 ""파세요!"" 신호를 줘요! 📊 MACD선: 빠른 평균 - 느린 평균"
83,2025-09-20T16:57:43+09:00,코인강의,코인 강의(공부하기),https://mingogogo.tistory.com/83,indicator_feature,MACD,"지 기다리세요! 🎯 기억하세요: RSI는 참고용이에요! 100% 맞지 않아요! 📈 MACD - 코인의 신호등 🚦 MACD는 교통신호등 같아요! 신호등 이 빨강에서 초록으로 바뀌면 ""출발!""하듯이, MACD 도 선들이 교차하면 ""사세요!"" 또는 ""파세요!"" 신호를 줘요! 📊 MACD선: 빠른 평균 - 느린 평균 (메인 신호) 📍 시그널선: MACD선의 평균 (확인 신호) 📊 히스토그램: 둘의"
83,2025-09-20T16:57:43+09:00,코인강의,코인 강의(공부하기),https://mingogogo.tistory.com/83,indicator_feature,MACD,"📈 MACD - 코인의 신호등 🚦 MACD는 교통신호등 같아요! 신호등 이 빨강에서 초록으로 바뀌면 ""출발!""하듯이, MACD 도 선들이 교차하면 ""사세요!"" 또는 ""파세요!"" 신호를 줘요! 📊 MACD선: 빠른 평균 - 느린 평균 (메인 신호) 📍 시그널선: MACD선의 평균 (확인 신호) 📊 히스토그램: 둘의 차이 (신호 강도) 🟢 초록불 (매수) MACD선이 시그널선을 아래서 위로 뚫"
83,2025-09-20T16:57:43+09:00,코인강의,코인 강의(공부하기),https://mingogogo.tistory.com/83,indicator_feature,MACD,"신호등 이 빨강에서 초록으로 바뀌면 ""출발!""하듯이, MACD 도 선들이 교차하면 ""사세요!"" 또는 ""파세요!"" 신호를 줘요! 📊 MACD선: 빠른 평균 - 느린 평균 (메인 신호) 📍 시그널선: MACD선의 평균 (확인 신호) 📊 히스토그램: 둘의 차이 (신호 강도) 🟢 초록불 (매수) MACD선이 시그널선을 아래서 위로 뚫고 올라갈 때! ""신호등이 초록불로 바뀌었어! 출발!"" 🎯 쉽게 말"
83,2025-09-20T16:57:43+09:00,코인강의,코인 강의(공부하기),https://mingogogo.tistory.com/83,indicator_feature,MACD,"또는 ""파세요!"" 신호를 줘요! 📊 MACD선: 빠른 평균 - 느린 평균 (메인 신호) 📍 시그널선: MACD선의 평균 (확인 신호) 📊 히스토그램: 둘의 차이 (신호 강도) 🟢 초록불 (매수) MACD선이 시그널선을 아래서 위로 뚫고 올라갈 때! ""신호등이 초록불로 바뀌었어! 출발!"" 🎯 쉽게 말하면: 골든크로스 = 상승 시작! 🟡 노란불 (대기) MACD선과 시그널선이 비슷할 때 ""신호"
83,2025-09-20T16:57:43+09:00,코인강의,코인 강의(공부하기),https://mingogogo.tistory.com/83,indicator_feature,MACD,"차이 (신호 강도) 🟢 초록불 (매수) MACD선이 시그널선을 아래서 위로 뚫고 올라갈 때! ""신호등이 초록불로 바뀌었어! 출발!"" 🎯 쉽게 말하면: 골든크로스 = 상승 시작! 🟡 노란불 (대기) MACD선과 시그널선이 비슷할 때 ""신호등이 애매해... 좀 더 기다려보자"" 🎯 쉽게 말하면: 방향성 불분명, 관망 🔴 빨간불 (매도) MACD선이 시그널선을 위에서 아래로 뚫고 내려갈 때! ""신호"
83,2025-09-20T16:57:43+09:00,코인강의,코인 강의(공부하기),https://mingogogo.tistory.com/83,indicator_feature,MACD,"쉽게 말하면: 골든크로스 = 상승 시작! 🟡 노란불 (대기) MACD선과 시그널선이 비슷할 때 ""신호등이 애매해... 좀 더 기다려보자"" 🎯 쉽게 말하면: 방향성 불분명, 관망 🔴 빨간불 (매도) MACD선이 시그널선을 위에서 아래로 뚫고 내려갈 때! ""신호등이 빨간불이야! 정지!"" 🎯 쉽게 말하면: 데드크로스 = 하락 시작! 🧮 계산하는 방법 (참고만 하세요!) MACD = 12일 평균 -"
83,2025-09-20T16:57:43+09:00,코인강의,코인 강의(공부하기),https://mingogogo.tistory.com/83,indicator_feature,MACD,"관망 🔴 빨간불 (매도) MACD선이 시그널선을 위에서 아래로 뚫고 내려갈 때! ""신호등이 빨간불이야! 정지!"" 🎯 쉽게 말하면: 데드크로스 = 하락 시작! 🧮 계산하는 방법 (참고만 하세요!) MACD = 12일 평균 - 26일 평균 시그널 = MACD의 9일 평균 히스토그램 = MACD - 시그널 🎯 중요한 건: 선들이 언제 만나는지만 보면 돼요! 💡 성공하는 사용법! 0선 돌파 주목:"
83,2025-09-20T16:57:43+09:00,코인강의,코인 강의(공부하기),https://mingogogo.tistory.com/83,indicator_feature,MACD,"에서 아래로 뚫고 내려갈 때! ""신호등이 빨간불이야! 정지!"" 🎯 쉽게 말하면: 데드크로스 = 하락 시작! 🧮 계산하는 방법 (참고만 하세요!) MACD = 12일 평균 - 26일 평균 시그널 = MACD의 9일 평균 히스토그램 = MACD - 시그널 🎯 중요한 건: 선들이 언제 만나는지만 보면 돼요! 💡 성공하는 사용법! 0선 돌파 주목: MACD가 0을 넘나드는 건 큰 신호! 히스토그램"
83,2025-09-20T16:57:43+09:00,코인강의,코인 강의(공부하기),https://mingogogo.tistory.com/83,indicator_feature,MACD,"등이 빨간불이야! 정지!"" 🎯 쉽게 말하면: 데드크로스 = 하락 시작! 🧮 계산하는 방법 (참고만 하세요!) MACD = 12일 평균 - 26일 평균 시그널 = MACD의 9일 평균 히스토그램 = MACD - 시그널 🎯 중요한 건: 선들이 언제 만나는지만 보면 돼요! 💡 성공하는 사용법! 0선 돌파 주목: MACD가 0을 넘나드는 건 큰 신호! 히스토그램 확인: 막대기가 길수록 신호가 강해요"
83,2025-09-20T16:57:43+09:00,코인강의,코인 강의(공부하기),https://mingogogo.tistory.com/83,indicator_feature,MACD,ACD = 12일 평균 - 26일 평균 시그널 = MACD의 9일 평균 히스토그램 = MACD - 시그널 🎯 중요한 건: 선들이 언제 만나는지만 보면 돼요! 💡 성공하는 사용법! 0선 돌파 주목: MACD가 0을 넘나드는 건 큰 신호! 히스토그램 확인: 막대기가 길수록 신호가 강해요! 가격과 반대 움직임: 가격은 올라가는데 MACD는 내려가면 주의! 다른 지표와 함께: RSI나 거래량도 같이
83,2025-09-20T16:57:43+09:00,코인강의,코인 강의(공부하기),https://mingogogo.tistory.com/83,indicator_feature,MACD,언제 만나는지만 보면 돼요! 💡 성공하는 사용법! 0선 돌파 주목: MACD가 0을 넘나드는 건 큰 신호! 히스토그램 확인: 막대기가 길수록 신호가 강해요! 가격과 반대 움직임: 가격은 올라가는데 MACD는 내려가면 주의! 다른 지표와 함께: RSI나 거래량도 같이 확인하세요! 🎈 볼린저 밴드 - 코인의 풍선 🎈 볼린저 밴드는 풍선 같아요! 가격 주변에 풍선 같은 밴드 가 있다고 생각해보세요
83,2025-09-20T16:57:43+09:00,코인강의,코인 강의(공부하기),https://mingogogo.tistory.com/83,indicator_feature,MACD,"민감해서 신호가 많이 나와요 (단기 투자용) 느린 스토캐스틱: 안정적이라 신호가 적어요 (장기 투자용) 다이버전스 주목: 가격은 올라가는데 스토캐스틱은 내려가면 조심! 다른 지표와 함께: RSI나 MACD와 같이 보면 더 정확해요! 📏 이동평균선 - 코인의 평균 점수 📊 이동평균선은 성적표 같아요! 학교에서 중간고사, 기말고사 평균점수 를 내는 것처럼, 코인도 평균가격을 계산해요! 📈 5일"
83,2025-09-20T16:57:43+09:00,코인강의,코인 강의(공부하기),https://mingogogo.tistory.com/83,indicator_feature,MACD,) 🎯 기억하세요: 거래량이 많을 때 나오는 신호가 더 믿을 만해요! 🎲 새로운 차트 만들기 💾 데이터 저장하기 🎯 모든 지표 구경하기 65.4 📊 현재 RSI (과매수/과매도) +2.3 🚦 현재 MACD 신호 중립 🎈 볼린저 밴드 상태 상승 📈 지금 추세는? 🎉 축하해요! 이제 여러분도 코인 지표 마스터 예요! 💪 처음엔 어려워도 매일 조금씩 보다 보면 금방 늘어요. 작은 금액으로 연습하면
84,2025-09-20T17:20:04+09:00,RCI 보조지표 강의,코인 강의(공부하기),https://mingogogo.tistory.com/84,indicator_feature,RSI,험성 기간 설정에 민감 급격한 가격 변동 시 지연 🔧 RCI + 다른 지표 조합 🎯 최강 조합 추천: ━━━━━━━━━━━━━━━━━━━━━━━━━━━━━━━━━━━━━━━━━━━ 1. RCI + RSI + 볼린저 밴드 → 과매수/과매도 + 변동성 확인 2. RCI + MACD + 거래량 → 추세 + 모멘텀 + 힘의 확인 3. RCI + 이동평균선 + 일목균형표 → 단
84,2025-09-20T17:20:04+09:00,RCI 보조지표 강의,코인 강의(공부하기),https://mingogogo.tistory.com/84,indicator_feature,RSI,2. RCI + MACD + 거래량 → 추세 + 모멘텀 + 힘의 확인 3. RCI + 이동평균선 + 일목균형표 → 단기 신호 + 중장기 추세 확인 🎮 조합 시뮬레이터 RCI + RSI RCI + MACD RCI + 볼밴 위 버튼을 클릭하여 조합 전략을 확인하세요! ⚠️ 주의사항 및 리스크 관리 🚨 필수 주의사항 과도한 신뢰 금물: RCI는 보조지표일 뿐입니다 손절매 필수:
84,2025-09-20T17:20:04+09:00,RCI 보조지표 강의,코인 강의(공부하기),https://mingogogo.tistory.com/84,indicator_feature,MACD,🎯 최강 조합 추천: ━━━━━━━━━━━━━━━━━━━━━━━━━━━━━━━━━━━━━━━━━━━ 1. RCI + RSI + 볼린저 밴드 → 과매수/과매도 + 변동성 확인 2. RCI + MACD + 거래량 → 추세 + 모멘텀 + 힘의 확인 3. RCI + 이동평균선 + 일목균형표 → 단기 신호 + 중장기 추세 확인 🎮 조합 시뮬레이터 RCI + RSI RCI + M
84,2025-09-20T17:20:04+09:00,RCI 보조지표 강의,코인 강의(공부하기),https://mingogogo.tistory.com/84,indicator_feature,MACD,MACD + 거래량 → 추세 + 모멘텀 + 힘의 확인 3. RCI + 이동평균선 + 일목균형표 → 단기 신호 + 중장기 추세 확인 🎮 조합 시뮬레이터 RCI + RSI RCI + MACD RCI + 볼밴 위 버튼을 클릭하여 조합 전략을 확인하세요! ⚠️ 주의사항 및 리스크 관리 🚨 필수 주의사항 과도한 신뢰 금물: RCI는 보조지표일 뿐입니다 손절매 필수: 신호가 틀릴 수
84,2025-09-20T17:20:04+09:00,RCI 보조지표 강의,코인 강의(공부하기),https://mingogogo.tistory.com/84,indicator_feature,RCI,"RCI 보조지표 마스터 클래스 RCI 보조지표 암호화폐 분석의 강력한 무기 📊 RCI란 무엇인가? RCI (Rank Correlation Index) 는 순위 상관지수 로, 가격의 순위와 시간의 순"
84,2025-09-20T17:20:04+09:00,RCI 보조지표 강의,코인 강의(공부하기),https://mingogogo.tistory.com/84,indicator_feature,RCI,"RCI 보조지표 마스터 클래스 RCI 보조지표 암호화폐 분석의 강력한 무기 📊 RCI란 무엇인가? RCI (Rank Correlation Index) 는 순위 상관지수 로, 가격의 순위와 시간의 순위 간의 상관관계를 측정하는 일"
84,2025-09-20T17:20:04+09:00,RCI 보조지표 강의,코인 강의(공부하기),https://mingogogo.tistory.com/84,indicator_feature,RCI,"RCI 보조지표 마스터 클래스 RCI 보조지표 암호화폐 분석의 강력한 무기 📊 RCI란 무엇인가? RCI (Rank Correlation Index) 는 순위 상관지수 로, 가격의 순위와 시간의 순위 간의 상관관계를 측정하는 일본에서 개발된 기술적 지표입니다. 💡 핵심 아이디"
84,2025-09-20T17:20:04+09:00,RCI 보조지표 강의,코인 강의(공부하기),https://mingogogo.tistory.com/84,indicator_feature,RCI,"RCI 보조지표 마스터 클래스 RCI 보조지표 암호화폐 분석의 강력한 무기 📊 RCI란 무엇인가? RCI (Rank Correlation Index) 는 순위 상관지수 로, 가격의 순위와 시간의 순위 간의 상관관계를 측정하는 일본에서 개발된 기술적 지표입니다. 💡 핵심 아이디어: 시간이 지남에"
84,2025-09-20T17:20:04+09:00,RCI 보조지표 강의,코인 강의(공부하기),https://mingogogo.tistory.com/84,indicator_feature,RCI,"지표입니다. 💡 핵심 아이디어: 시간이 지남에 따라 가격이 어떻게 변화하는지를 순위로 매겨서 분석합니다. 가격이 시간 순서대로 상승하면 +100에 가까워지고, 하락하면 -100에 가까워집니다. 🎯 RCI의 특징 범위: -100 ~ +100 오실레이터 계열의 지표 과매수/과매도 구간 판단 가능 추세 변화의 조기 신호 제공 🔢 RCI 계산 공식 RCI = (1 - 6×Σd²/(n³-n)) × 1"
84,2025-09-20T17:20:04+09:00,RCI 보조지표 강의,코인 강의(공부하기),https://mingogogo.tistory.com/84,indicator_feature,RCI,"승하면 +100에 가까워지고, 하락하면 -100에 가까워집니다. 🎯 RCI의 특징 범위: -100 ~ +100 오실레이터 계열의 지표 과매수/과매도 구간 판단 가능 추세 변화의 조기 신호 제공 🔢 RCI 계산 공식 RCI = (1 - 6×Σd²/(n³-n)) × 100 d = 가격순위 - 날짜순위 n = 기간 (보통 9일 사용) 📝 단계별 계산 과정 1단계: 기간 설정 (예: 9일) 2단계:"
84,2025-09-20T17:20:04+09:00,RCI 보조지표 강의,코인 강의(공부하기),https://mingogogo.tistory.com/84,indicator_feature,RCI,"가까워지고, 하락하면 -100에 가까워집니다. 🎯 RCI의 특징 범위: -100 ~ +100 오실레이터 계열의 지표 과매수/과매도 구간 판단 가능 추세 변화의 조기 신호 제공 🔢 RCI 계산 공식 RCI = (1 - 6×Σd²/(n³-n)) × 100 d = 가격순위 - 날짜순위 n = 기간 (보통 9일 사용) 📝 단계별 계산 과정 1단계: 기간 설정 (예: 9일) 2단계: 각 날짜에 순위"
84,2025-09-20T17:20:04+09:00,RCI 보조지표 강의,코인 강의(공부하기),https://mingogogo.tistory.com/84,indicator_feature,RCI,"각 날짜에 순위 부여 (최근일=1, 그 전일=2...) 3단계: 각 날짜의 종가에 순위 부여 (최고가=1, 그 다음=2...) 4단계: (가격순위 - 날짜순위)² 계산 5단계: 위 공식에 대입하여 RCI 값 산출 🧮 RCI 계산 시뮬레이터 기간을 조정하여 RCI가 어떻게 변화하는지 확인해보세요! 분석 기간: 9 일 RCI = +45.2 (중립) 📈 RCI 해석 및 매매 신호 RCI 구간별 해"
84,2025-09-20T17:20:04+09:00,RCI 보조지표 강의,코인 강의(공부하기),https://mingogogo.tistory.com/84,indicator_feature,RCI,"(최근일=1, 그 전일=2...) 3단계: 각 날짜의 종가에 순위 부여 (최고가=1, 그 다음=2...) 4단계: (가격순위 - 날짜순위)² 계산 5단계: 위 공식에 대입하여 RCI 값 산출 🧮 RCI 계산 시뮬레이터 기간을 조정하여 RCI가 어떻게 변화하는지 확인해보세요! 분석 기간: 9 일 RCI = +45.2 (중립) 📈 RCI 해석 및 매매 신호 RCI 구간별 해석 +80 (과매수)"
84,2025-09-20T17:20:04+09:00,RCI 보조지표 강의,코인 강의(공부하기),https://mingogogo.tistory.com/84,indicator_feature,RCI,"계: 각 날짜의 종가에 순위 부여 (최고가=1, 그 다음=2...) 4단계: (가격순위 - 날짜순위)² 계산 5단계: 위 공식에 대입하여 RCI 값 산출 🧮 RCI 계산 시뮬레이터 기간을 조정하여 RCI가 어떻게 변화하는지 확인해보세요! 분석 기간: 9 일 RCI = +45.2 (중립) 📈 RCI 해석 및 매매 신호 RCI 구간별 해석 +80 (과매수) 0 (중립) -80 (과매도) 매수 신"
84,2025-09-20T17:20:04+09:00,RCI 보조지표 강의,코인 강의(공부하기),https://mingogogo.tistory.com/84,indicator_feature,RCI,..) 4단계: (가격순위 - 날짜순위)² 계산 5단계: 위 공식에 대입하여 RCI 값 산출 🧮 RCI 계산 시뮬레이터 기간을 조정하여 RCI가 어떻게 변화하는지 확인해보세요! 분석 기간: 9 일 RCI = +45.2 (중립) 📈 RCI 해석 및 매매 신호 RCI 구간별 해석 +80 (과매수) 0 (중립) -80 (과매도) 매수 신호 매도 신호 중립 구간 🚀 매수 신호 RCI < -80 에서
84,2025-09-20T17:20:04+09:00,RCI 보조지표 강의,코인 강의(공부하기),https://mingogogo.tistory.com/84,indicator_feature,RCI,순위)² 계산 5단계: 위 공식에 대입하여 RCI 값 산출 🧮 RCI 계산 시뮬레이터 기간을 조정하여 RCI가 어떻게 변화하는지 확인해보세요! 분석 기간: 9 일 RCI = +45.2 (중립) 📈 RCI 해석 및 매매 신호 RCI 구간별 해석 +80 (과매수) 0 (중립) -80 (과매도) 매수 신호 매도 신호 중립 구간 🚀 매수 신호 RCI < -80 에서 상승 반전 시 RCI가 -50선을
84,2025-09-20T17:20:04+09:00,RCI 보조지표 강의,코인 강의(공부하기),https://mingogogo.tistory.com/84,indicator_feature,RCI,공식에 대입하여 RCI 값 산출 🧮 RCI 계산 시뮬레이터 기간을 조정하여 RCI가 어떻게 변화하는지 확인해보세요! 분석 기간: 9 일 RCI = +45.2 (중립) 📈 RCI 해석 및 매매 신호 RCI 구간별 해석 +80 (과매수) 0 (중립) -80 (과매도) 매수 신호 매도 신호 중립 구간 🚀 매수 신호 RCI < -80 에서 상승 반전 시 RCI가 -50선을 상향 돌파 시 두 개 기간
84,2025-09-20T17:20:04+09:00,RCI 보조지표 강의,코인 강의(공부하기),https://mingogogo.tistory.com/84,indicator_feature,RCI,분석 기간: 9 일 RCI = +45.2 (중립) 📈 RCI 해석 및 매매 신호 RCI 구간별 해석 +80 (과매수) 0 (중립) -80 (과매도) 매수 신호 매도 신호 중립 구간 🚀 매수 신호 RCI < -80 에서 상승 반전 시 RCI가 -50선을 상향 돌파 시 두 개 기간 RCI의 골든크로스 발생 시 다이버전스 형성 후 반등 시 🎯 실전 팁: 과매도 구간(-80 이하)에서 머물다가 처
84,2025-09-20T17:20:04+09:00,RCI 보조지표 강의,코인 강의(공부하기),https://mingogogo.tistory.com/84,indicator_feature,RCI,.2 (중립) 📈 RCI 해석 및 매매 신호 RCI 구간별 해석 +80 (과매수) 0 (중립) -80 (과매도) 매수 신호 매도 신호 중립 구간 🚀 매수 신호 RCI < -80 에서 상승 반전 시 RCI가 -50선을 상향 돌파 시 두 개 기간 RCI의 골든크로스 발생 시 다이버전스 형성 후 반등 시 🎯 실전 팁: 과매도 구간(-80 이하)에서 머물다가 처음으로 상승 전환하는 순간이 가장 강력
84,2025-09-20T17:20:04+09:00,RCI 보조지표 강의,코인 강의(공부하기),https://mingogogo.tistory.com/84,indicator_feature,RCI,CI 구간별 해석 +80 (과매수) 0 (중립) -80 (과매도) 매수 신호 매도 신호 중립 구간 🚀 매수 신호 RCI < -80 에서 상승 반전 시 RCI가 -50선을 상향 돌파 시 두 개 기간 RCI의 골든크로스 발생 시 다이버전스 형성 후 반등 시 🎯 실전 팁: 과매도 구간(-80 이하)에서 머물다가 처음으로 상승 전환하는 순간이 가장 강력한 매수 신호입니다! 📉 매도 신호 RCI >
84,2025-09-20T17:20:04+09:00,RCI 보조지표 강의,코인 강의(공부하기),https://mingogogo.tistory.com/84,indicator_feature,RCI,개 기간 RCI의 골든크로스 발생 시 다이버전스 형성 후 반등 시 🎯 실전 팁: 과매도 구간(-80 이하)에서 머물다가 처음으로 상승 전환하는 순간이 가장 강력한 매수 신호입니다! 📉 매도 신호 RCI > +80 에서 하락 반전 시 RCI가 +50선을 하향 돌파 시 두 개 기간 RCI의 데드크로스 발생 시 베어리시 다이버전스 형성 시 ⚠️ 주의사항: 강한 상승 추세에서는 RCI가 +80 이
84,2025-09-20T17:20:04+09:00,RCI 보조지표 강의,코인 강의(공부하기),https://mingogogo.tistory.com/84,indicator_feature,RCI,"다이버전스 형성 후 반등 시 🎯 실전 팁: 과매도 구간(-80 이하)에서 머물다가 처음으로 상승 전환하는 순간이 가장 강력한 매수 신호입니다! 📉 매도 신호 RCI > +80 에서 하락 반전 시 RCI가 +50선을 하향 돌파 시 두 개 기간 RCI의 데드크로스 발생 시 베어리시 다이버전스 형성 시 ⚠️ 주의사항: 강한 상승 추세에서는 RCI가 +80 이상에서 오래 머물 수 있으므로, 다른"
84,2025-09-20T17:20:04+09:00,RCI 보조지표 강의,코인 강의(공부하기),https://mingogogo.tistory.com/84,indicator_feature,RCI,"매도 구간(-80 이하)에서 머물다가 처음으로 상승 전환하는 순간이 가장 강력한 매수 신호입니다! 📉 매도 신호 RCI > +80 에서 하락 반전 시 RCI가 +50선을 하향 돌파 시 두 개 기간 RCI의 데드크로스 발생 시 베어리시 다이버전스 형성 시 ⚠️ 주의사항: 강한 상승 추세에서는 RCI가 +80 이상에서 오래 머물 수 있으므로, 다른 지표와 함께 판단하세요! ⚖️ 중립 구간 (-5"
84,2025-09-20T17:20:04+09:00,RCI 보조지표 강의,코인 강의(공부하기),https://mingogogo.tistory.com/84,indicator_feature,RCI,"! 📉 매도 신호 RCI > +80 에서 하락 반전 시 RCI가 +50선을 하향 돌파 시 두 개 기간 RCI의 데드크로스 발생 시 베어리시 다이버전스 형성 시 ⚠️ 주의사항: 강한 상승 추세에서는 RCI가 +80 이상에서 오래 머물 수 있으므로, 다른 지표와 함께 판단하세요! ⚖️ 중립 구간 (-50 ~ +50) 횡보 구간: 뚜렷한 추세 없음 관망 구간: 섣부른 진입 금물 돌파 대기: ±50"
84,2025-09-20T17:20:04+09:00,RCI 보조지표 강의,코인 강의(공부하기),https://mingogogo.tistory.com/84,indicator_feature,RCI,! ⚖️ 중립 구간 (-50 ~ +50) 횡보 구간: 뚜렷한 추세 없음 관망 구간: 섣부른 진입 금물 돌파 대기: ±50선 돌파 시점 주시 변동성 축소: 큰 움직임 전 준비 단계 🪙 암호화폐에서의 RCI 활용법 🎯 최적 설정값 • 단기 트레이딩: RCI(9) • 중기 분석: RCI(26) • 장기 투자: RCI(52) • 다중 조합: RCI(9) + RCI(26) 조합 활용 🔥 암호화폐
84,2025-09-20T17:20:04+09:00,RCI 보조지표 강의,코인 강의(공부하기),https://mingogogo.tistory.com/84,indicator_feature,RCI,: 뚜렷한 추세 없음 관망 구간: 섣부른 진입 금물 돌파 대기: ±50선 돌파 시점 주시 변동성 축소: 큰 움직임 전 준비 단계 🪙 암호화폐에서의 RCI 활용법 🎯 최적 설정값 • 단기 트레이딩: RCI(9) • 중기 분석: RCI(26) • 장기 투자: RCI(52) • 다중 조합: RCI(9) + RCI(26) 조합 활용 🔥 암호화폐 특화 전략 📊 스캘핑 전략 RCI(9) 사용 ±80
84,2025-09-20T17:20:04+09:00,RCI 보조지표 강의,코인 강의(공부하기),https://mingogogo.tistory.com/84,indicator_feature,RCI,간: 섣부른 진입 금물 돌파 대기: ±50선 돌파 시점 주시 변동성 축소: 큰 움직임 전 준비 단계 🪙 암호화폐에서의 RCI 활용법 🎯 최적 설정값 • 단기 트레이딩: RCI(9) • 중기 분석: RCI(26) • 장기 투자: RCI(52) • 다중 조합: RCI(9) + RCI(26) 조합 활용 🔥 암호화폐 특화 전략 📊 스캘핑 전략 RCI(9) 사용 ±80 터치 시 즉시 진입 0선 돌
84,2025-09-20T17:20:04+09:00,RCI 보조지표 강의,코인 강의(공부하기),https://mingogogo.tistory.com/84,indicator_feature,RCI,±50선 돌파 시점 주시 변동성 축소: 큰 움직임 전 준비 단계 🪙 암호화폐에서의 RCI 활용법 🎯 최적 설정값 • 단기 트레이딩: RCI(9) • 중기 분석: RCI(26) • 장기 투자: RCI(52) • 다중 조합: RCI(9) + RCI(26) 조합 활용 🔥 암호화폐 특화 전략 📊 스캘핑 전략 RCI(9) 사용 ±80 터치 시 즉시 진입 0선 돌파 시 익절 5-15분 차트 활용
84,2025-09-20T17:20:04+09:00,RCI 보조지표 강의,코인 강의(공부하기),https://mingogogo.tistory.com/84,indicator_feature,RCI,성 축소: 큰 움직임 전 준비 단계 🪙 암호화폐에서의 RCI 활용법 🎯 최적 설정값 • 단기 트레이딩: RCI(9) • 중기 분석: RCI(26) • 장기 투자: RCI(52) • 다중 조합: RCI(9) + RCI(26) 조합 활용 🔥 암호화폐 특화 전략 📊 스캘핑 전략 RCI(9) 사용 ±80 터치 시 즉시 진입 0선 돌파 시 익절 5-15분 차트 활용 📈 스윙 트레이딩 RCI(26)
84,2025-09-20T17:20:04+09:00,RCI 보조지표 강의,코인 강의(공부하기),https://mingogogo.tistory.com/84,indicator_feature,RCI,직임 전 준비 단계 🪙 암호화폐에서의 RCI 활용법 🎯 최적 설정값 • 단기 트레이딩: RCI(9) • 중기 분석: RCI(26) • 장기 투자: RCI(52) • 다중 조합: RCI(9) + RCI(26) 조합 활용 🔥 암호화폐 특화 전략 📊 스캘핑 전략 RCI(9) 사용 ±80 터치 시 즉시 진입 0선 돌파 시 익절 5-15분 차트 활용 📈 스윙 트레이딩 RCI(26) 중심 일봉 차트
84,2025-09-20T17:20:04+09:00,RCI 보조지표 강의,코인 강의(공부하기),https://mingogogo.tistory.com/84,indicator_feature,RCI,값 • 단기 트레이딩: RCI(9) • 중기 분석: RCI(26) • 장기 투자: RCI(52) • 다중 조합: RCI(9) + RCI(26) 조합 활용 🔥 암호화폐 특화 전략 📊 스캘핑 전략 RCI(9) 사용 ±80 터치 시 즉시 진입 0선 돌파 시 익절 5-15분 차트 활용 📈 스윙 트레이딩 RCI(26) 중심 일봉 차트 기준 다이버전스 활용 타 지표와 복합 활용 💎 암호화폐 특별 팁
84,2025-09-20T17:20:04+09:00,RCI 보조지표 강의,코인 강의(공부하기),https://mingogogo.tistory.com/84,indicator_feature,RCI,다중 조합: RCI(9) + RCI(26) 조합 활용 🔥 암호화폐 특화 전략 📊 스캘핑 전략 RCI(9) 사용 ±80 터치 시 즉시 진입 0선 돌파 시 익절 5-15분 차트 활용 📈 스윙 트레이딩 RCI(26) 중심 일봉 차트 기준 다이버전스 활용 타 지표와 복합 활용 💎 암호화폐 특별 팁: • 변동성이 큰 알트코인일수록 RCI 신호가 더 뚜렷합니다 • 비트코인 도미넌스와 함께 보면 더 정확
84,2025-09-20T17:20:04+09:00,RCI 보조지표 강의,코인 강의(공부하기),https://mingogogo.tistory.com/84,indicator_feature,RCI,즉시 진입 0선 돌파 시 익절 5-15분 차트 활용 📈 스윙 트레이딩 RCI(26) 중심 일봉 차트 기준 다이버전스 활용 타 지표와 복합 활용 💎 암호화폐 특별 팁: • 변동성이 큰 알트코인일수록 RCI 신호가 더 뚜렷합니다 • 비트코인 도미넌스와 함께 보면 더 정확한 분석이 가능합니다 • 24시간 거래되는 특성상 RCI 값 변화가 빠릅니다 ⚡ 실전 예시 분석 비트코인 RCI 분석 시나리오
84,2025-09-20T17:20:04+09:00,RCI 보조지표 강의,코인 강의(공부하기),https://mingogogo.tistory.com/84,indicator_feature,RCI,"타 지표와 복합 활용 💎 암호화폐 특별 팁: • 변동성이 큰 알트코인일수록 RCI 신호가 더 뚜렷합니다 • 비트코인 도미넌스와 함께 보면 더 정확한 분석이 가능합니다 • 24시간 거래되는 특성상 RCI 값 변화가 빠릅니다 ⚡ 실전 예시 분석 비트코인 RCI 분석 시나리오 📅 2024년 3월 예시 Day 1 BTC: $65,000 RCI: +85 Day 5 BTC: $58,000 RCI: -"
84,2025-09-20T17:20:04+09:00,RCI 보조지표 강의,코인 강의(공부하기),https://mingogogo.tistory.com/84,indicator_feature,RCI,"이 큰 알트코인일수록 RCI 신호가 더 뚜렷합니다 • 비트코인 도미넌스와 함께 보면 더 정확한 분석이 가능합니다 • 24시간 거래되는 특성상 RCI 값 변화가 빠릅니다 ⚡ 실전 예시 분석 비트코인 RCI 분석 시나리오 📅 2024년 3월 예시 Day 1 BTC: $65,000 RCI: +85 Day 5 BTC: $58,000 RCI: -20 Day 10 BTC: $70,000 RCI: +75"
84,2025-09-20T17:20:04+09:00,RCI 보조지표 강의,코인 강의(공부하기),https://mingogogo.tistory.com/84,indicator_feature,RCI,"면 더 정확한 분석이 가능합니다 • 24시간 거래되는 특성상 RCI 값 변화가 빠릅니다 ⚡ 실전 예시 분석 비트코인 RCI 분석 시나리오 📅 2024년 3월 예시 Day 1 BTC: $65,000 RCI: +85 Day 5 BTC: $58,000 RCI: -20 Day 10 BTC: $70,000 RCI: +75 분석 결과: RCI +85에서 매도 신호 발생 → 12% 하락 후 RCI -80"
84,2025-09-20T17:20:04+09:00,RCI 보조지표 강의,코인 강의(공부하기),https://mingogogo.tistory.com/84,indicator_feature,RCI,"는 특성상 RCI 값 변화가 빠릅니다 ⚡ 실전 예시 분석 비트코인 RCI 분석 시나리오 📅 2024년 3월 예시 Day 1 BTC: $65,000 RCI: +85 Day 5 BTC: $58,000 RCI: -20 Day 10 BTC: $70,000 RCI: +75 분석 결과: RCI +85에서 매도 신호 발생 → 12% 하락 후 RCI -80 근처에서 매수 신호 → 20% 상승 달성! 🛡️"
84,2025-09-20T17:20:04+09:00,RCI 보조지표 강의,코인 강의(공부하기),https://mingogogo.tistory.com/84,indicator_feature,RCI,"분석 비트코인 RCI 분석 시나리오 📅 2024년 3월 예시 Day 1 BTC: $65,000 RCI: +85 Day 5 BTC: $58,000 RCI: -20 Day 10 BTC: $70,000 RCI: +75 분석 결과: RCI +85에서 매도 신호 발생 → 12% 하락 후 RCI -80 근처에서 매수 신호 → 20% 상승 달성! 🛡️ RCI의 장단점 ✅ 장점 명확한 과매수/과매도 신호"
84,2025-09-20T17:20:04+09:00,RCI 보조지표 강의,코인 강의(공부하기),https://mingogogo.tistory.com/84,indicator_feature,RCI,"나리오 📅 2024년 3월 예시 Day 1 BTC: $65,000 RCI: +85 Day 5 BTC: $58,000 RCI: -20 Day 10 BTC: $70,000 RCI: +75 분석 결과: RCI +85에서 매도 신호 발생 → 12% 하락 후 RCI -80 근처에서 매수 신호 → 20% 상승 달성! 🛡️ RCI의 장단점 ✅ 장점 명확한 과매수/과매도 신호 추세 전환점 조기 포착 다이버"
84,2025-09-20T17:20:04+09:00,RCI 보조지표 강의,코인 강의(공부하기),https://mingogogo.tistory.com/84,indicator_feature,RCI,"65,000 RCI: +85 Day 5 BTC: $58,000 RCI: -20 Day 10 BTC: $70,000 RCI: +75 분석 결과: RCI +85에서 매도 신호 발생 → 12% 하락 후 RCI -80 근처에서 매수 신호 → 20% 상승 달성! 🛡️ RCI의 장단점 ✅ 장점 명확한 과매수/과매도 신호 추세 전환점 조기 포착 다이버전스 분석 가능 암호화폐 고변동성에 적합 계산이 비교적"
84,2025-09-20T17:20:04+09:00,RCI 보조지표 강의,코인 강의(공부하기),https://mingogogo.tistory.com/84,indicator_feature,RCI,"RCI: -20 Day 10 BTC: $70,000 RCI: +75 분석 결과: RCI +85에서 매도 신호 발생 → 12% 하락 후 RCI -80 근처에서 매수 신호 → 20% 상승 달성! 🛡️ RCI의 장단점 ✅ 장점 명확한 과매수/과매도 신호 추세 전환점 조기 포착 다이버전스 분석 가능 암호화폐 고변동성에 적합 계산이 비교적 단순 ❌ 단점 강한 트렌드에서 허위 신호 횡보장에서 신호 부정"
84,2025-09-20T17:20:04+09:00,RCI 보조지표 강의,코인 강의(공부하기),https://mingogogo.tistory.com/84,indicator_feature,RCI,다이버전스 분석 가능 암호화폐 고변동성에 적합 계산이 비교적 단순 ❌ 단점 강한 트렌드에서 허위 신호 횡보장에서 신호 부정확 단독 사용 시 위험성 기간 설정에 민감 급격한 가격 변동 시 지연 🔧 RCI + 다른 지표 조합 🎯 최강 조합 추천: ━━━━━━━━━━━━━━━━━━━━━━━━━━━━━━━━━━━━━━━━━━━ 1. RCI + RSI + 볼린저 밴드 → 과매수/과매도 + 변동
84,2025-09-20T17:20:04+09:00,RCI 보조지표 강의,코인 강의(공부하기),https://mingogogo.tistory.com/84,indicator_feature,RCI,사용 시 위험성 기간 설정에 민감 급격한 가격 변동 시 지연 🔧 RCI + 다른 지표 조합 🎯 최강 조합 추천: ━━━━━━━━━━━━━━━━━━━━━━━━━━━━━━━━━━━━━━━━━━━ 1. RCI + RSI + 볼린저 밴드 → 과매수/과매도 + 변동성 확인 2. RCI + MACD + 거래량 → 추세 + 모멘텀 + 힘의 확인 3. RCI + 이동평균선 + 일목균형표
84,2025-09-20T17:20:04+09:00,RCI 보조지표 강의,코인 강의(공부하기),https://mingogogo.tistory.com/84,indicator_feature,RCI,지표 조합 🎯 최강 조합 추천: ━━━━━━━━━━━━━━━━━━━━━━━━━━━━━━━━━━━━━━━━━━━ 1. RCI + RSI + 볼린저 밴드 → 과매수/과매도 + 변동성 확인 2. RCI + MACD + 거래량 → 추세 + 모멘텀 + 힘의 확인 3. RCI + 이동평균선 + 일목균형표 → 단기 신호 + 중장기 추세 확인 🎮 조합 시뮬레이터 RCI + RSI R
84,2025-09-20T17:20:04+09:00,RCI 보조지표 강의,코인 강의(공부하기),https://mingogogo.tistory.com/84,indicator_feature,RCI,━━━━━━━━━━━━━━━━ 1. RCI + RSI + 볼린저 밴드 → 과매수/과매도 + 변동성 확인 2. RCI + MACD + 거래량 → 추세 + 모멘텀 + 힘의 확인 3. RCI + 이동평균선 + 일목균형표 → 단기 신호 + 중장기 추세 확인 🎮 조합 시뮬레이터 RCI + RSI RCI + MACD RCI + 볼밴 위 버튼을 클릭하여 조합 전략을 확인하세요! ⚠
84,2025-09-20T17:20:04+09:00,RCI 보조지표 강의,코인 강의(공부하기),https://mingogogo.tistory.com/84,indicator_feature,RCI,변동성 확인 2. RCI + MACD + 거래량 → 추세 + 모멘텀 + 힘의 확인 3. RCI + 이동평균선 + 일목균형표 → 단기 신호 + 중장기 추세 확인 🎮 조합 시뮬레이터 RCI + RSI RCI + MACD RCI + 볼밴 위 버튼을 클릭하여 조합 전략을 확인하세요! ⚠️ 주의사항 및 리스크 관리 🚨 필수 주의사항 과도한 신뢰 금물: RCI는 보조지표일 뿐입니다 손
84,2025-09-20T17:20:04+09:00,RCI 보조지표 강의,코인 강의(공부하기),https://mingogogo.tistory.com/84,indicator_feature,RCI,RCI + MACD + 거래량 → 추세 + 모멘텀 + 힘의 확인 3. RCI + 이동평균선 + 일목균형표 → 단기 신호 + 중장기 추세 확인 🎮 조합 시뮬레이터 RCI + RSI RCI + MACD RCI + 볼밴 위 버튼을 클릭하여 조합 전략을 확인하세요! ⚠️ 주의사항 및 리스크 관리 🚨 필수 주의사항 과도한 신뢰 금물: RCI는 보조지표일 뿐입니다 손절매 필수: 신호가
84,2025-09-20T17:20:04+09:00,RCI 보조지표 강의,코인 강의(공부하기),https://mingogogo.tistory.com/84,indicator_feature,RCI,+ 거래량 → 추세 + 모멘텀 + 힘의 확인 3. RCI + 이동평균선 + 일목균형표 → 단기 신호 + 중장기 추세 확인 🎮 조합 시뮬레이터 RCI + RSI RCI + MACD RCI + 볼밴 위 버튼을 클릭하여 조합 전략을 확인하세요! ⚠️ 주의사항 및 리스크 관리 🚨 필수 주의사항 과도한 신뢰 금물: RCI는 보조지표일 뿐입니다 손절매 필수: 신호가 틀릴 수 있음을 인
84,2025-09-20T17:20:04+09:00,RCI 보조지표 강의,코인 강의(공부하기),https://mingogogo.tistory.com/84,indicator_feature,RCI,"추세 확인 🎮 조합 시뮬레이터 RCI + RSI RCI + MACD RCI + 볼밴 위 버튼을 클릭하여 조합 전략을 확인하세요! ⚠️ 주의사항 및 리스크 관리 🚨 필수 주의사항 과도한 신뢰 금물: RCI는 보조지표일 뿐입니다 손절매 필수: 신호가 틀릴 수 있음을 인정하세요 자금 관리: 한 번에 큰 금액 투자 금지 시장 상황 고려: 뉴스, 이벤트 등 고려 필수 🛡️ 리스크 관리 규칙: • 포지"
84,2025-09-20T17:20:04+09:00,RCI 보조지표 강의,코인 강의(공부하기),https://mingogogo.tistory.com/84,indicator_feature,RCI,"번에 큰 금액 투자 금지 시장 상황 고려: 뉴스, 이벤트 등 고려 필수 🛡️ 리스크 관리 규칙: • 포지션 크기: 총 자산의 1-3%만 리스크 • 손절매: 진입가 대비 -5% 지점 설정 • 익절: RCI 반대 신호 나올 때까지 보유 • 재진입: 연속 손실 시 하루 휴식 🎓 마무리 & 실전 적용 🏆 RCI 마스터가 되는 7단계 1단계 기본 이론 완전 이해 2단계 차트에서 RCI 설정 3단계 과"
84,2025-09-20T17:20:04+09:00,RCI 보조지표 강의,코인 강의(공부하기),https://mingogogo.tistory.com/84,indicator_feature,RCI,지션 크기: 총 자산의 1-3%만 리스크 • 손절매: 진입가 대비 -5% 지점 설정 • 익절: RCI 반대 신호 나올 때까지 보유 • 재진입: 연속 손실 시 하루 휴식 🎓 마무리 & 실전 적용 🏆 RCI 마스터가 되는 7단계 1단계 기본 이론 완전 이해 2단계 차트에서 RCI 설정 3단계 과거 차트로 연습 4단계 다른 지표와 조합 5단계 소액으로 실전 테스트 6단계 트레이딩 일지 작성 7단계
84,2025-09-20T17:20:04+09:00,RCI 보조지표 강의,코인 강의(공부하기),https://mingogogo.tistory.com/84,indicator_feature,RCI,지점 설정 • 익절: RCI 반대 신호 나올 때까지 보유 • 재진입: 연속 손실 시 하루 휴식 🎓 마무리 & 실전 적용 🏆 RCI 마스터가 되는 7단계 1단계 기본 이론 완전 이해 2단계 차트에서 RCI 설정 3단계 과거 차트로 연습 4단계 다른 지표와 조합 5단계 소액으로 실전 테스트 6단계 트레이딩 일지 작성 7단계 지속적인 개선 및 발전 🚀 성공적인 암호화폐 트레이딩을 위해 RCI는 강
84,2025-09-20T17:20:04+09:00,RCI 보조지표 강의,코인 강의(공부하기),https://mingogogo.tistory.com/84,indicator_feature,RCI,"차트에서 RCI 설정 3단계 과거 차트로 연습 4단계 다른 지표와 조합 5단계 소액으로 실전 테스트 6단계 트레이딩 일지 작성 7단계 지속적인 개선 및 발전 🚀 성공적인 암호화폐 트레이딩을 위해 RCI는 강력한 도구이지만, 꾸준한 연습과 경험 이 가장 중요합니다. 작은 금액부터 시작하여 점진적으로 실력을 늘려가세요!"
85,2025-09-23T00:35:25+09:00,코인분석기 시각화  업비트 빗썸 바이낸스 제작가능,카테고리 없음,https://mingogogo.tistory.com/85,indicator_feature,RSI,"다. 2차 목표가 (+3% / -3%) : 최종 수익 실현을 위한 목표 가격입니다. 메인차트 신호가 발생하면 ‘상태’가 ‘✅ 신호 발생!’으로 바뀌니, 이 카드를 주시하는 것이 매매의 핵심입니다. RSI지표(파밍제작) 3단계: 보조지표로 신뢰도 높이기 ZLSMA의 핵심 신호가 발생했을 때, 다른 보조지표들을 함께 확인하면 매매의 신뢰도를 더욱 높일 수 있습니다. RSI & RCI 확인 : 만"
85,2025-09-23T00:35:25+09:00,코인분석기 시각화  업비트 빗썸 바이낸스 제작가능,카테고리 없음,https://mingogogo.tistory.com/85,indicator_feature,RSI,"는 것이 매매의 핵심입니다. RSI지표(파밍제작) 3단계: 보조지표로 신뢰도 높이기 ZLSMA의 핵심 신호가 발생했을 때, 다른 보조지표들을 함께 확인하면 매매의 신뢰도를 더욱 높일 수 있습니다. RSI & RCI 확인 : 만약 ZLSMA 매수 신호 가 발생했을 때, RSI와 RCI 차트가 **과매도 구간(각각 30, -80 이하)**에 있다면, 이는 매우 강력한 상승 반전 신호일 수 있습니"
85,2025-09-23T00:35:25+09:00,코인분석기 시각화  업비트 빗썸 바이낸스 제작가능,카테고리 없음,https://mingogogo.tistory.com/85,indicator_feature,RSI,"뢰도 높이기 ZLSMA의 핵심 신호가 발생했을 때, 다른 보조지표들을 함께 확인하면 매매의 신뢰도를 더욱 높일 수 있습니다. RSI & RCI 확인 : 만약 ZLSMA 매수 신호 가 발생했을 때, RSI와 RCI 차트가 **과매도 구간(각각 30, -80 이하)**에 있다면, 이는 매우 강력한 상승 반전 신호일 수 있습니다. 반대로 매도 신호 시 과매수 구간에 있다면 하락 신뢰도가 높아집니다"
85,2025-09-23T00:35:25+09:00,코인분석기 시각화  업비트 빗썸 바이낸스 제작가능,카테고리 없음,https://mingogogo.tistory.com/85,indicator_feature,RSI,"함께 거래량 변화를 꼭 확인하세요. RCI지표(파밍제작) 스퀴즈모멘텀(파밍제작) 💡 최종 전략 요약 (매수) ZLSMA 골든크로스로 [🟢 매수 신호] 카드에 불이 들어오는 것을 기다립니다. 이때 RSI/RCI가 과매도 구간이고, 스퀴즈 모멘텀이 상승 전환하는지 확인하여 신뢰도를 더합니다. 신호 카드에 제시된 진입 추천가, 손절 라인, 목표가 를 참고하여 매매 전략을 세웁니다. (매도) ZL"
85,2025-09-23T00:35:25+09:00,코인분석기 시각화  업비트 빗썸 바이낸스 제작가능,카테고리 없음,https://mingogogo.tistory.com/85,indicator_feature,RCI,"매의 핵심입니다. RSI지표(파밍제작) 3단계: 보조지표로 신뢰도 높이기 ZLSMA의 핵심 신호가 발생했을 때, 다른 보조지표들을 함께 확인하면 매매의 신뢰도를 더욱 높일 수 있습니다. RSI & RCI 확인 : 만약 ZLSMA 매수 신호 가 발생했을 때, RSI와 RCI 차트가 **과매도 구간(각각 30, -80 이하)**에 있다면, 이는 매우 강력한 상승 반전 신호일 수 있습니다. 반대로"
85,2025-09-23T00:35:25+09:00,코인분석기 시각화  업비트 빗썸 바이낸스 제작가능,카테고리 없음,https://mingogogo.tistory.com/85,indicator_feature,RCI,"기 ZLSMA의 핵심 신호가 발생했을 때, 다른 보조지표들을 함께 확인하면 매매의 신뢰도를 더욱 높일 수 있습니다. RSI & RCI 확인 : 만약 ZLSMA 매수 신호 가 발생했을 때, RSI와 RCI 차트가 **과매도 구간(각각 30, -80 이하)**에 있다면, 이는 매우 강력한 상승 반전 신호일 수 있습니다. 반대로 매도 신호 시 과매수 구간에 있다면 하락 신뢰도가 높아집니다. 스퀴즈"
85,2025-09-23T00:35:25+09:00,코인분석기 시각화  업비트 빗썸 바이낸스 제작가능,카테고리 없음,https://mingogogo.tistory.com/85,indicator_feature,RCI,"나온다면, 큰 상승이 임박했다는 뜻입니다. 거래량 확인 : 가격이 오르면서 거래량이 함께 터져준다면, 이는 ‘진짜 상승’일 확률이 높습니다. ZLSMA 신호와 함께 거래량 변화를 꼭 확인하세요. RCI지표(파밍제작) 스퀴즈모멘텀(파밍제작) 💡 최종 전략 요약 (매수) ZLSMA 골든크로스로 [🟢 매수 신호] 카드에 불이 들어오는 것을 기다립니다. 이때 RSI/RCI가 과매도 구간이고, 스퀴"
85,2025-09-23T00:35:25+09:00,코인분석기 시각화  업비트 빗썸 바이낸스 제작가능,카테고리 없음,https://mingogogo.tistory.com/85,indicator_feature,RCI,"거래량 변화를 꼭 확인하세요. RCI지표(파밍제작) 스퀴즈모멘텀(파밍제작) 💡 최종 전략 요약 (매수) ZLSMA 골든크로스로 [🟢 매수 신호] 카드에 불이 들어오는 것을 기다립니다. 이때 RSI/RCI가 과매도 구간이고, 스퀴즈 모멘텀이 상승 전환하는지 확인하여 신뢰도를 더합니다. 신호 카드에 제시된 진입 추천가, 손절 라인, 목표가 를 참고하여 매매 전략을 세웁니다. (매도) ZLSMA"
85,2025-09-23T00:35:25+09:00,코인분석기 시각화  업비트 빗썸 바이낸스 제작가능,카테고리 없음,https://mingogogo.tistory.com/85,indicator_feature,SMA,"쾌한 데이터 기반 신호로 해결해 줍니다. 더 이상 추측이 아닌, 시스템의 정확한 가이드를 통해 매매 성공률을 높여보세요. 이 글에서 A부터 Z까지 완벽한 사용법을 알려드립니다. 📈 핵심 기능: ZLSMA 추세선을 이용한 명확한 신호 이 프로그램의 가장 큰 특징은 **ZLSMA(Zero Lag SMA, 지연 없는 이동평균선)**라는 핵심 추세선을 사용한다는 것입니다. 복잡하게 생각할 필요 없이"
85,2025-09-23T00:35:25+09:00,코인분석기 시각화  업비트 빗썸 바이낸스 제작가능,카테고리 없음,https://mingogogo.tistory.com/85,indicator_feature,SMA,"정확한 가이드를 통해 매매 성공률을 높여보세요. 이 글에서 A부터 Z까지 완벽한 사용법을 알려드립니다. 📈 핵심 기능: ZLSMA 추세선을 이용한 명확한 신호 이 프로그램의 가장 큰 특징은 **ZLSMA(Zero Lag SMA, 지연 없는 이동평균선)**라는 핵심 추세선을 사용한다는 것입니다. 복잡하게 생각할 필요 없이, 아래 두 가지만 기억하면 됩니다. 매수 신호 : 파란색 ‘현재가’ 선이"
85,2025-09-23T00:35:25+09:00,코인분석기 시각화  업비트 빗썸 바이낸스 제작가능,카테고리 없음,https://mingogogo.tistory.com/85,indicator_feature,SMA,"매 성공률을 높여보세요. 이 글에서 A부터 Z까지 완벽한 사용법을 알려드립니다. 📈 핵심 기능: ZLSMA 추세선을 이용한 명확한 신호 이 프로그램의 가장 큰 특징은 **ZLSMA(Zero Lag SMA, 지연 없는 이동평균선)**라는 핵심 추세선을 사용한다는 것입니다. 복잡하게 생각할 필요 없이, 아래 두 가지만 기억하면 됩니다. 매수 신호 : 파란색 ‘현재가’ 선이 분홍색 ‘ZLSMA’"
85,2025-09-23T00:35:25+09:00,코인분석기 시각화  업비트 빗썸 바이낸스 제작가능,카테고리 없음,https://mingogogo.tistory.com/85,indicator_feature,SMA,"Lag SMA, 지연 없는 이동평균선)**라는 핵심 추세선을 사용한다는 것입니다. 복잡하게 생각할 필요 없이, 아래 두 가지만 기억하면 됩니다. 매수 신호 : 파란색 ‘현재가’ 선이 분홍색 ‘ZLSMA’ 선을 아래에서 위로 뚫고 올라갈 때 (골든크로스) 매도 신호 : 파란색 ‘현재가’ 선이 분홍색 ‘ZLSMA’ 선을 위에서 아래로 뚫고 내려갈 때 (데드크로스) 이 프로그램은 이 신호를 포착"
85,2025-09-23T00:35:25+09:00,코인분석기 시각화  업비트 빗썸 바이낸스 제작가능,카테고리 없음,https://mingogogo.tistory.com/85,indicator_feature,SMA,", 아래 두 가지만 기억하면 됩니다. 매수 신호 : 파란색 ‘현재가’ 선이 분홍색 ‘ZLSMA’ 선을 아래에서 위로 뚫고 올라갈 때 (골든크로스) 매도 신호 : 파란색 ‘현재가’ 선이 분홍색 ‘ZLSMA’ 선을 위에서 아래로 뚫고 내려갈 때 (데드크로스) 이 프로그램은 이 신호를 포착하여 화면 좌측의 [🟢 매수 신호] 카드와 [🔴 매도 신호] 구체적인 전략을 자동으로 제시해 줍니다. ⚙️ 실"
85,2025-09-23T00:35:25+09:00,코인분석기 시각화  업비트 빗썸 바이낸스 제작가능,카테고리 없음,https://mingogogo.tistory.com/85,indicator_feature,SMA,"BTC)을 입력하세요. 검색 결과에서 해당 코인을 클릭하면 모든 차트와 데이터가 해당 코인 기준으로 실시간 업데이트됩니다. 2단계: 매수/매도 신호 카드를 주목하세요! 가장 중요한 부분입니다. ZLSMA 골든크로스 또는 데드크로스가 발생하면, 해당 신호 카드에 다음과 같은 구체적인 가격 정보가 나타납니다. 진입 추천가 : 신호가 발생한 시점의 가격입니다. 손절 라인 : 리스크 관리를 위해 이"
85,2025-09-23T00:35:25+09:00,코인분석기 시각화  업비트 빗썸 바이낸스 제작가능,카테고리 없음,https://mingogogo.tistory.com/85,indicator_feature,SMA,"위한 목표 가격입니다. 메인차트 신호가 발생하면 ‘상태’가 ‘✅ 신호 발생!’으로 바뀌니, 이 카드를 주시하는 것이 매매의 핵심입니다. RSI지표(파밍제작) 3단계: 보조지표로 신뢰도 높이기 ZLSMA의 핵심 신호가 발생했을 때, 다른 보조지표들을 함께 확인하면 매매의 신뢰도를 더욱 높일 수 있습니다. RSI & RCI 확인 : 만약 ZLSMA 매수 신호 가 발생했을 때, RSI와 RCI"
85,2025-09-23T00:35:25+09:00,코인분석기 시각화  업비트 빗썸 바이낸스 제작가능,카테고리 없음,https://mingogogo.tistory.com/85,indicator_feature,SMA,"표(파밍제작) 3단계: 보조지표로 신뢰도 높이기 ZLSMA의 핵심 신호가 발생했을 때, 다른 보조지표들을 함께 확인하면 매매의 신뢰도를 더욱 높일 수 있습니다. RSI & RCI 확인 : 만약 ZLSMA 매수 신호 가 발생했을 때, RSI와 RCI 차트가 **과매도 구간(각각 30, -80 이하)**에 있다면, 이는 매우 강력한 상승 반전 신호일 수 있습니다. 반대로 매도 신호 시 과매수 구"
85,2025-09-23T00:35:25+09:00,코인분석기 시각화  업비트 빗썸 바이낸스 제작가능,카테고리 없음,https://mingogogo.tistory.com/85,indicator_feature,SMA,"과매수 구간에 있다면 하락 신뢰도가 높아집니다. 스퀴즈 모멘텀 확인 : 차트 중앙의 빨간 점은 ‘에너지 응축’ 상태를 의미합니다. 이 상태가 끝나고 녹색 점 으로 바뀌며 상승 막대가 나타날 때 ZLSMA 매수 신호가 함께 나온다면, 큰 상승이 임박했다는 뜻입니다. 거래량 확인 : 가격이 오르면서 거래량이 함께 터져준다면, 이는 ‘진짜 상승’일 확률이 높습니다. ZLSMA 신호와 함께 거래량"
85,2025-09-23T00:35:25+09:00,코인분석기 시각화  업비트 빗썸 바이낸스 제작가능,카테고리 없음,https://mingogogo.tistory.com/85,indicator_feature,SMA,"상승 막대가 나타날 때 ZLSMA 매수 신호가 함께 나온다면, 큰 상승이 임박했다는 뜻입니다. 거래량 확인 : 가격이 오르면서 거래량이 함께 터져준다면, 이는 ‘진짜 상승’일 확률이 높습니다. ZLSMA 신호와 함께 거래량 변화를 꼭 확인하세요. RCI지표(파밍제작) 스퀴즈모멘텀(파밍제작) 💡 최종 전략 요약 (매수) ZLSMA 골든크로스로 [🟢 매수 신호] 카드에 불이 들어오는 것을 기다립"
85,2025-09-23T00:35:25+09:00,코인분석기 시각화  업비트 빗썸 바이낸스 제작가능,카테고리 없음,https://mingogogo.tistory.com/85,indicator_feature,SMA,"거래량이 함께 터져준다면, 이는 ‘진짜 상승’일 확률이 높습니다. ZLSMA 신호와 함께 거래량 변화를 꼭 확인하세요. RCI지표(파밍제작) 스퀴즈모멘텀(파밍제작) 💡 최종 전략 요약 (매수) ZLSMA 골든크로스로 [🟢 매수 신호] 카드에 불이 들어오는 것을 기다립니다. 이때 RSI/RCI가 과매도 구간이고, 스퀴즈 모멘텀이 상승 전환하는지 확인하여 신뢰도를 더합니다. 신호 카드에 제시된"
85,2025-09-23T00:35:25+09:00,코인분석기 시각화  업비트 빗썸 바이낸스 제작가능,카테고리 없음,https://mingogogo.tistory.com/85,indicator_feature,SMA,"RSI/RCI가 과매도 구간이고, 스퀴즈 모멘텀이 상승 전환하는지 확인하여 신뢰도를 더합니다. 신호 카드에 제시된 진입 추천가, 손절 라인, 목표가 를 참고하여 매매 전략을 세웁니다. (매도) ZLSMA 데드크로스와 보조지표를 참고하여 동일한 방식으로 대응합니다. 이처럼 'UPBIT TRADING MASTER'는 감에 의존하는 매매에서 벗어나, 데이터에 기반한 체계적인 트레이딩을 가능하게 해"
96,2025-09-24T20:52:47+09:00,RCI스퀴즈란?? 완전정복 !!,코인 강의(공부하기),https://mingogogo.tistory.com/96,indicator_feature,RCI,RCI Squeeze 분석 소개 신호 해석 인터랙티브 시뮬레이터 활용 전략 RCI 스퀴즈 완전 정복 암호화폐 시장의 숨겨진 변동성을 포착하여 다음 큰 움직임을 예측하는 강력한 기술적 분석 도구를 배
96,2025-09-24T20:52:47+09:00,RCI스퀴즈란?? 완전정복 !!,코인 강의(공부하기),https://mingogogo.tistory.com/96,indicator_feature,RCI,RCI Squeeze 분석 소개 신호 해석 인터랙티브 시뮬레이터 활용 전략 RCI 스퀴즈 완전 정복 암호화폐 시장의 숨겨진 변동성을 포착하여 다음 큰 움직임을 예측하는 강력한 기술적 분석 도구를 배워보세요. RCI 스퀴즈란 무엇인가? RCI 스퀴즈는 두 가지 핵심 개념을
96,2025-09-24T20:52:47+09:00,RCI스퀴즈란?? 완전정복 !!,코인 강의(공부하기),https://mingogogo.tistory.com/96,indicator_feature,RCI,ueeze 분석 소개 신호 해석 인터랙티브 시뮬레이터 활용 전략 RCI 스퀴즈 완전 정복 암호화폐 시장의 숨겨진 변동성을 포착하여 다음 큰 움직임을 예측하는 강력한 기술적 분석 도구를 배워보세요. RCI 스퀴즈란 무엇인가? RCI 스퀴즈는 두 가지 핵심 개념을 결합하여 시장의 폭발적인 움직임을 예측합니다. 1. RCI (상대강도 종합지수) 2. 스퀴즈 (Squeeze) 3. 결합 원리 시간과
96,2025-09-24T20:52:47+09:00,RCI스퀴즈란?? 완전정복 !!,코인 강의(공부하기),https://mingogogo.tistory.com/96,indicator_feature,RCI,해석 인터랙티브 시뮬레이터 활용 전략 RCI 스퀴즈 완전 정복 암호화폐 시장의 숨겨진 변동성을 포착하여 다음 큰 움직임을 예측하는 강력한 기술적 분석 도구를 배워보세요. RCI 스퀴즈란 무엇인가? RCI 스퀴즈는 두 가지 핵심 개념을 결합하여 시장의 폭발적인 움직임을 예측합니다. 1. RCI (상대강도 종합지수) 2. 스퀴즈 (Squeeze) 3. 결합 원리 시간과 가격의 모멘텀 측정 RCI
96,2025-09-24T20:52:47+09:00,RCI스퀴즈란?? 완전정복 !!,코인 강의(공부하기),https://mingogogo.tistory.com/96,indicator_feature,RCI,"성을 포착하여 다음 큰 움직임을 예측하는 강력한 기술적 분석 도구를 배워보세요. RCI 스퀴즈란 무엇인가? RCI 스퀴즈는 두 가지 핵심 개념을 결합하여 시장의 폭발적인 움직임을 예측합니다. 1. RCI (상대강도 종합지수) 2. 스퀴즈 (Squeeze) 3. 결합 원리 시간과 가격의 모멘텀 측정 RCI는 Relative Composite Index의 약자로, 일정 기간 동안의 가격 순위와"
96,2025-09-24T20:52:47+09:00,RCI스퀴즈란?? 완전정복 !!,코인 강의(공부하기),https://mingogogo.tistory.com/96,indicator_feature,RCI,"가? RCI 스퀴즈는 두 가지 핵심 개념을 결합하여 시장의 폭발적인 움직임을 예측합니다. 1. RCI (상대강도 종합지수) 2. 스퀴즈 (Squeeze) 3. 결합 원리 시간과 가격의 모멘텀 측정 RCI는 Relative Composite Index의 약자로, 일정 기간 동안의 가격 순위와 시간 순위를 기반으로 계산되는 모멘텀 지표입니다. 일반적으로 단기, 중기, 장기 3개의 선으로 구성되며"
96,2025-09-24T20:52:47+09:00,RCI스퀴즈란?? 완전정복 !!,코인 강의(공부하기),https://mingogogo.tistory.com/96,indicator_feature,RCI,"에너지가 응축되는 기간으로 해석할 수 있습니다. 이 '고요한' 기간 이후에는 종종 강력한 가격 변동이 뒤따릅니다. 핵심 아이디어: 낮은 변동성은 높은 변동성을 예고한다. 방향성을 예측하는 나침반 RCI 스퀴즈는 변동성이 낮은 '스퀴즈' 구간을 포착한 뒤, RCI 지표를 통해 곧이어 나타날 변동성의 '방향'을 예측하는 전략입니다. 즉, 스퀴즈가 발생했을 때 RCI 선들이 어떤 방향으로 움직이"
96,2025-09-24T20:52:47+09:00,RCI스퀴즈란?? 완전정복 !!,코인 강의(공부하기),https://mingogogo.tistory.com/96,indicator_feature,RCI,"' 기간 이후에는 종종 강력한 가격 변동이 뒤따릅니다. 핵심 아이디어: 낮은 변동성은 높은 변동성을 예고한다. 방향성을 예측하는 나침반 RCI 스퀴즈는 변동성이 낮은 '스퀴즈' 구간을 포착한 뒤, RCI 지표를 통해 곧이어 나타날 변동성의 '방향'을 예측하는 전략입니다. 즉, 스퀴즈가 발생했을 때 RCI 선들이 어떤 방향으로 움직이려 하는지를 분석하여 상승 돌파할지, 하락 돌파할지를 판단하는"
96,2025-09-24T20:52:47+09:00,RCI스퀴즈란?? 완전정복 !!,코인 강의(공부하기),https://mingogogo.tistory.com/96,indicator_feature,RCI,"고한다. 방향성을 예측하는 나침반 RCI 스퀴즈는 변동성이 낮은 '스퀴즈' 구간을 포착한 뒤, RCI 지표를 통해 곧이어 나타날 변동성의 '방향'을 예측하는 전략입니다. 즉, 스퀴즈가 발생했을 때 RCI 선들이 어떤 방향으로 움직이려 하는지를 분석하여 상승 돌파할지, 하락 돌파할지를 판단하는 데 도움을 줍니다. 스퀴즈 발생 (에너지 응축) + RCI 방향성 (모멘텀 확인) = 신뢰도 높은 진"
96,2025-09-24T20:52:47+09:00,RCI스퀴즈란?? 완전정복 !!,코인 강의(공부하기),https://mingogogo.tistory.com/96,indicator_feature,RCI,"예측하는 전략입니다. 즉, 스퀴즈가 발생했을 때 RCI 선들이 어떤 방향으로 움직이려 하는지를 분석하여 상승 돌파할지, 하락 돌파할지를 판단하는 데 도움을 줍니다. 스퀴즈 발생 (에너지 응축) + RCI 방향성 (모멘텀 확인) = 신뢰도 높은 진입 신호 신호 해석 방법 RCI 스퀴즈 차트에서 주요 신호를 읽는 방법을 알아보세요. 📈 매수 신호 (Long Position) 변동성이 폭발하며 상"
96,2025-09-24T20:52:47+09:00,RCI스퀴즈란?? 완전정복 !!,코인 강의(공부하기),https://mingogogo.tistory.com/96,indicator_feature,RCI,"로 움직이려 하는지를 분석하여 상승 돌파할지, 하락 돌파할지를 판단하는 데 도움을 줍니다. 스퀴즈 발생 (에너지 응축) + RCI 방향성 (모멘텀 확인) = 신뢰도 높은 진입 신호 신호 해석 방법 RCI 스퀴즈 차트에서 주요 신호를 읽는 방법을 알아보세요. 📈 매수 신호 (Long Position) 변동성이 폭발하며 상승 추세로 전환될 가능성이 높은 지점입니다. ✔ 스퀴즈 발생: 차트 하단에"
96,2025-09-24T20:52:47+09:00,RCI스퀴즈란?? 완전정복 !!,코인 강의(공부하기),https://mingogogo.tistory.com/96,indicator_feature,RCI,보세요. 📈 매수 신호 (Long Position) 변동성이 폭발하며 상승 추세로 전환될 가능성이 높은 지점입니다. ✔ 스퀴즈 발생: 차트 하단에 스퀴즈 신호(보통 점으로 표시)가 나타납니다. ✔ RCI 상승 돌파: 3개의 RCI 선이 모두 낮은 구간(-80 이하)에서 위쪽으로 교차하며 상승하기 시작합니다. ✔ 스퀴즈 해제: 스퀴즈 신호가 사라지면서 매수 모멘텀이 확인됩니다. 📉 매도 신호
96,2025-09-24T20:52:47+09:00,RCI스퀴즈란?? 완전정복 !!,코인 강의(공부하기),https://mingogogo.tistory.com/96,indicator_feature,RCI,ong Position) 변동성이 폭발하며 상승 추세로 전환될 가능성이 높은 지점입니다. ✔ 스퀴즈 발생: 차트 하단에 스퀴즈 신호(보통 점으로 표시)가 나타납니다. ✔ RCI 상승 돌파: 3개의 RCI 선이 모두 낮은 구간(-80 이하)에서 위쪽으로 교차하며 상승하기 시작합니다. ✔ 스퀴즈 해제: 스퀴즈 신호가 사라지면서 매수 모멘텀이 확인됩니다. 📉 매도 신호 (Short Position
96,2025-09-24T20:52:47+09:00,RCI스퀴즈란?? 완전정복 !!,코인 강의(공부하기),https://mingogogo.tistory.com/96,indicator_feature,RCI,모멘텀이 확인됩니다. 📉 매도 신호 (Short Position) 상승 에너지가 소진되고 하락 추세로 전환될 가능성이 높은 지점입니다. ✔ 스퀴즈 발생: 차트 하단에 스퀴즈 신호가 나타납니다. ✔ RCI 하락 돌파: 3개의 RCI 선이 모두 높은 구간(+80 이상)에서 아래쪽으로 교차하며 하락하기 시작합니다. ✔ 스퀴즈 해제: 스퀴즈 신호가 사라지면서 매도 모멘텀이 확인됩니다. 인터랙티브 시
96,2025-09-24T20:52:47+09:00,RCI스퀴즈란?? 완전정복 !!,코인 강의(공부하기),https://mingogogo.tistory.com/96,indicator_feature,RCI,도 신호 (Short Position) 상승 에너지가 소진되고 하락 추세로 전환될 가능성이 높은 지점입니다. ✔ 스퀴즈 발생: 차트 하단에 스퀴즈 신호가 나타납니다. ✔ RCI 하락 돌파: 3개의 RCI 선이 모두 높은 구간(+80 이상)에서 아래쪽으로 교차하며 하락하기 시작합니다. ✔ 스퀴즈 해제: 스퀴즈 신호가 사라지면서 매도 모멘텀이 확인됩니다. 인터랙티브 시뮬레이터 파라미터를 직접 조
96,2025-09-24T20:52:47+09:00,RCI스퀴즈란?? 완전정복 !!,코인 강의(공부하기),https://mingogogo.tistory.com/96,indicator_feature,RCI,선이 모두 높은 구간(+80 이상)에서 아래쪽으로 교차하며 하락하기 시작합니다. ✔ 스퀴즈 해제: 스퀴즈 신호가 사라지면서 매도 모멘텀이 확인됩니다. 인터랙티브 시뮬레이터 파라미터를 직접 조정하며 RCI 스퀴즈가 가격 변동에 어떻게 반응하는지 확인해보세요. 가상 암호화폐 가격 차트 RCI 스퀴즈 지표 파라미터 조정 RCI 단기 기간: 9 RCI 중기 기간: 26 RCI 장기 기간: 52 볼린
96,2025-09-24T20:52:47+09:00,RCI스퀴즈란?? 완전정복 !!,코인 강의(공부하기),https://mingogogo.tistory.com/96,indicator_feature,RCI,퀴즈 해제: 스퀴즈 신호가 사라지면서 매도 모멘텀이 확인됩니다. 인터랙티브 시뮬레이터 파라미터를 직접 조정하며 RCI 스퀴즈가 가격 변동에 어떻게 반응하는지 확인해보세요. 가상 암호화폐 가격 차트 RCI 스퀴즈 지표 파라미터 조정 RCI 단기 기간: 9 RCI 중기 기간: 26 RCI 장기 기간: 52 볼린저 밴드 기간: 20 파라미터를 조정하여 RCI 선들의 민감도와 스퀴즈 발생 빈도를 조
96,2025-09-24T20:52:47+09:00,RCI스퀴즈란?? 완전정복 !!,코인 강의(공부하기),https://mingogogo.tistory.com/96,indicator_feature,RCI,서 매도 모멘텀이 확인됩니다. 인터랙티브 시뮬레이터 파라미터를 직접 조정하며 RCI 스퀴즈가 가격 변동에 어떻게 반응하는지 확인해보세요. 가상 암호화폐 가격 차트 RCI 스퀴즈 지표 파라미터 조정 RCI 단기 기간: 9 RCI 중기 기간: 26 RCI 장기 기간: 52 볼린저 밴드 기간: 20 파라미터를 조정하여 RCI 선들의 민감도와 스퀴즈 발생 빈도를 조절할 수 있습니다. 기간이 짧을수록
96,2025-09-24T20:52:47+09:00,RCI스퀴즈란?? 완전정복 !!,코인 강의(공부하기),https://mingogogo.tistory.com/96,indicator_feature,RCI,니다. 인터랙티브 시뮬레이터 파라미터를 직접 조정하며 RCI 스퀴즈가 가격 변동에 어떻게 반응하는지 확인해보세요. 가상 암호화폐 가격 차트 RCI 스퀴즈 지표 파라미터 조정 RCI 단기 기간: 9 RCI 중기 기간: 26 RCI 장기 기간: 52 볼린저 밴드 기간: 20 파라미터를 조정하여 RCI 선들의 민감도와 스퀴즈 발생 빈도를 조절할 수 있습니다. 기간이 짧을수록 신호가 잦아지지만 거짓
96,2025-09-24T20:52:47+09:00,RCI스퀴즈란?? 완전정복 !!,코인 강의(공부하기),https://mingogogo.tistory.com/96,indicator_feature,RCI,터 파라미터를 직접 조정하며 RCI 스퀴즈가 가격 변동에 어떻게 반응하는지 확인해보세요. 가상 암호화폐 가격 차트 RCI 스퀴즈 지표 파라미터 조정 RCI 단기 기간: 9 RCI 중기 기간: 26 RCI 장기 기간: 52 볼린저 밴드 기간: 20 파라미터를 조정하여 RCI 선들의 민감도와 스퀴즈 발생 빈도를 조절할 수 있습니다. 기간이 짧을수록 신호가 잦아지지만 거짓 신호의 위험이 커집니다.
96,2025-09-24T20:52:47+09:00,RCI스퀴즈란?? 완전정복 !!,코인 강의(공부하기),https://mingogogo.tistory.com/96,indicator_feature,RCI,는지 확인해보세요. 가상 암호화폐 가격 차트 RCI 스퀴즈 지표 파라미터 조정 RCI 단기 기간: 9 RCI 중기 기간: 26 RCI 장기 기간: 52 볼린저 밴드 기간: 20 파라미터를 조정하여 RCI 선들의 민감도와 스퀴즈 발생 빈도를 조절할 수 있습니다. 기간이 짧을수록 신호가 잦아지지만 거짓 신호의 위험이 커집니다. 실전 활용 전략 RCI 스퀴즈를 효과적으로 사용하기 위한 장단점과 팁
96,2025-09-24T20:52:47+09:00,RCI스퀴즈란?? 완전정복 !!,코인 강의(공부하기),https://mingogogo.tistory.com/96,indicator_feature,RCI,52 볼린저 밴드 기간: 20 파라미터를 조정하여 RCI 선들의 민감도와 스퀴즈 발생 빈도를 조절할 수 있습니다. 기간이 짧을수록 신호가 잦아지지만 거짓 신호의 위험이 커집니다. 실전 활용 전략 RCI 스퀴즈를 효과적으로 사용하기 위한 장단점과 팁. 👍 장점 (Pros) 횡보장 이후의 추세 시작점을 포착하는 데 탁월합니다. 명확한 시각적 신호(스퀴즈)로 진입 시점을 가늠하기 좋습니다. 모멘
96,2025-09-24T20:52:47+09:00,RCI스퀴즈란?? 완전정복 !!,코인 강의(공부하기),https://mingogogo.tistory.com/96,indicator_feature,RCI,"함께 사용하여 신호를 확인하세요. 더 큰 시간 프레임(4시간, 일봉)에서 사용하여 장기적인 추세를 파악하세요. 명확한 손절매(Stop-loss) 원칙을 세우고 거래에 임해야 합니다. © 2025 RCI Squeeze Analysis. All Rights Reserved. 본 정보는 교육 목적으로 제공되며, 투자 조언이 아닙니다. 모든 투자의 책임은 본인에게 있습니다."
97,2025-09-24T21:00:22+09:00,암호화폐(코인)기술적분석 가이드,코인 강의(공부하기),https://mingogogo.tistory.com/97,indicator_feature,RSI,"암호화폐 기술적 분석 가이드: RSI, 볼린저 밴드, CCI 암호화폐 기술적 분석 실전 가이드 소개 RSI 볼린저 밴드 CCI 종합 전략 소개 RSI 볼린저 밴드 CCI 종합 전략 기술적 지표: 암호화폐 시장의 나침반 암호화폐"
97,2025-09-24T21:00:22+09:00,암호화폐(코인)기술적분석 가이드,코인 강의(공부하기),https://mingogogo.tistory.com/97,indicator_feature,RSI,"암호화폐 기술적 분석 가이드: RSI, 볼린저 밴드, CCI 암호화폐 기술적 분석 실전 가이드 소개 RSI 볼린저 밴드 CCI 종합 전략 소개 RSI 볼린저 밴드 CCI 종합 전략 기술적 지표: 암호화폐 시장의 나침반 암호화폐 시장의 극심한 변동성은 예측을 어렵게 만듭니다. 기술적 분석 지표는 과"
97,2025-09-24T21:00:22+09:00,암호화폐(코인)기술적분석 가이드,코인 강의(공부하기),https://mingogogo.tistory.com/97,indicator_feature,RSI,"암호화폐 기술적 분석 가이드: RSI, 볼린저 밴드, CCI 암호화폐 기술적 분석 실전 가이드 소개 RSI 볼린저 밴드 CCI 종합 전략 소개 RSI 볼린저 밴드 CCI 종합 전략 기술적 지표: 암호화폐 시장의 나침반 암호화폐 시장의 극심한 변동성은 예측을 어렵게 만듭니다. 기술적 분석 지표는 과거의 가격과 거래량 데이터를 기반으로 미래"
97,2025-09-24T21:00:22+09:00,암호화폐(코인)기술적분석 가이드,코인 강의(공부하기),https://mingogogo.tistory.com/97,indicator_feature,RSI,"과거의 가격과 거래량 데이터를 기반으로 미래 시장 움직임에 대한 통찰력을 제공하여, 보다 정보에 입각한 투자 결정을 내릴 수 있도록 돕습니다. 이 가이드에서는 가장 널리 사용되는 세 가지 지표인 RSI, 볼린저 밴드, CCI의 개념과 실전 적용법을 알아봅니다. RSI (상대강도지수) RSI는 특정 기간 동안의 가격 상승폭과 하락폭을 비교하여 현재 시장이 과매수 상태인지, 과매도 상태인지를"
97,2025-09-24T21:00:22+09:00,암호화폐(코인)기술적분석 가이드,코인 강의(공부하기),https://mingogogo.tistory.com/97,indicator_feature,RSI,"통찰력을 제공하여, 보다 정보에 입각한 투자 결정을 내릴 수 있도록 돕습니다. 이 가이드에서는 가장 널리 사용되는 세 가지 지표인 RSI, 볼린저 밴드, CCI의 개념과 실전 적용법을 알아봅니다. RSI (상대강도지수) RSI는 특정 기간 동안의 가격 상승폭과 하락폭을 비교하여 현재 시장이 과매수 상태인지, 과매도 상태인지를 판단하는 모멘텀 지표입니다. 0과 100 사이에서 움직입니다. 과매"
97,2025-09-24T21:00:22+09:00,암호화폐(코인)기술적분석 가이드,코인 강의(공부하기),https://mingogogo.tistory.com/97,indicator_feature,RSI,"정보에 입각한 투자 결정을 내릴 수 있도록 돕습니다. 이 가이드에서는 가장 널리 사용되는 세 가지 지표인 RSI, 볼린저 밴드, CCI의 개념과 실전 적용법을 알아봅니다. RSI (상대강도지수) RSI는 특정 기간 동안의 가격 상승폭과 하락폭을 비교하여 현재 시장이 과매수 상태인지, 과매도 상태인지를 판단하는 모멘텀 지표입니다. 0과 100 사이에서 움직입니다. 과매수 (70 이상): 가격"
97,2025-09-24T21:00:22+09:00,암호화폐(코인)기술적분석 가이드,코인 강의(공부하기),https://mingogogo.tistory.com/97,indicator_feature,RSI,"상승하여 곧 조정받을 가능성이 높다고 해석합니다. (매도 신호) 과매도 (30 이하): 가격이 과도하게 하락하여 곧 반등할 가능성이 높다고 해석합니다. (매수 신호) 다이버전스: 가격은 오르는데 RSI는 떨어지거나(하락 다이버전스), 가격은 내리는데 RSI는 오르는 경우(상승 다이버전스)로, 추세 전환의 강력한 신호입니다. 과매수 구간 과매도 구간 상승 다이버전스 스퀴즈 & 확장 상단 밴드"
97,2025-09-24T21:00:22+09:00,암호화폐(코인)기술적분석 가이드,코인 강의(공부하기),https://mingogogo.tistory.com/97,indicator_feature,RSI,"도 신호) 과매도 (30 이하): 가격이 과도하게 하락하여 곧 반등할 가능성이 높다고 해석합니다. (매수 신호) 다이버전스: 가격은 오르는데 RSI는 떨어지거나(하락 다이버전스), 가격은 내리는데 RSI는 오르는 경우(상승 다이버전스)로, 추세 전환의 강력한 신호입니다. 과매수 구간 과매도 구간 상승 다이버전스 스퀴즈 & 확장 상단 밴드 탑승 하단 밴드 반등 볼린저 밴드 볼린저 밴드는 이동평"
97,2025-09-24T21:00:22+09:00,암호화폐(코인)기술적분석 가이드,코인 강의(공부하기),https://mingogogo.tistory.com/97,indicator_feature,CCI,"암호화폐 기술적 분석 가이드: RSI, 볼린저 밴드, CCI 암호화폐 기술적 분석 실전 가이드 소개 RSI 볼린저 밴드 CCI 종합 전략 소개 RSI 볼린저 밴드 CCI 종합 전략 기술적 지표: 암호화폐 시장의 나침반 암호화폐 시장의 극심한 변동성은"
97,2025-09-24T21:00:22+09:00,암호화폐(코인)기술적분석 가이드,코인 강의(공부하기),https://mingogogo.tistory.com/97,indicator_feature,CCI,"암호화폐 기술적 분석 가이드: RSI, 볼린저 밴드, CCI 암호화폐 기술적 분석 실전 가이드 소개 RSI 볼린저 밴드 CCI 종합 전략 소개 RSI 볼린저 밴드 CCI 종합 전략 기술적 지표: 암호화폐 시장의 나침반 암호화폐 시장의 극심한 변동성은 예측을 어렵게 만듭니다. 기술적 분석 지표는 과거의 가격과 거래량"
97,2025-09-24T21:00:22+09:00,암호화폐(코인)기술적분석 가이드,코인 강의(공부하기),https://mingogogo.tistory.com/97,indicator_feature,CCI,"암호화폐 기술적 분석 가이드: RSI, 볼린저 밴드, CCI 암호화폐 기술적 분석 실전 가이드 소개 RSI 볼린저 밴드 CCI 종합 전략 소개 RSI 볼린저 밴드 CCI 종합 전략 기술적 지표: 암호화폐 시장의 나침반 암호화폐 시장의 극심한 변동성은 예측을 어렵게 만듭니다. 기술적 분석 지표는 과거의 가격과 거래량 데이터를 기반으로 미래 시장 움직임에 대한"
97,2025-09-24T21:00:22+09:00,암호화폐(코인)기술적분석 가이드,코인 강의(공부하기),https://mingogogo.tistory.com/97,indicator_feature,CCI,"데이터를 기반으로 미래 시장 움직임에 대한 통찰력을 제공하여, 보다 정보에 입각한 투자 결정을 내릴 수 있도록 돕습니다. 이 가이드에서는 가장 널리 사용되는 세 가지 지표인 RSI, 볼린저 밴드, CCI의 개념과 실전 적용법을 알아봅니다. RSI (상대강도지수) RSI는 특정 기간 동안의 가격 상승폭과 하락폭을 비교하여 현재 시장이 과매수 상태인지, 과매도 상태인지를 판단하는 모멘텀 지표입니"
97,2025-09-24T21:00:22+09:00,암호화폐(코인)기술적분석 가이드,코인 강의(공부하기),https://mingogogo.tistory.com/97,indicator_feature,CCI,"하면 하락 추세의 시작으로 해석할 수 있습니다. 밴드 내 회귀: 가격은 대부분 밴드 안에서 움직이려는 경향이 있습니다. 하단 밴드 터치는 매수, 상단 밴드 터치는 매도 기회로 활용될 수 있습니다. CCI (상품채널지수) CCI는 현재 주가가 이동평균선에서 얼마나 떨어져 있는지를 측정하여 추세의 강도와 방향을 나타내는 모멘텀 지표입니다. 주로 +100과 -100을 기준으로 과매수/과매도를 판단"
97,2025-09-24T21:00:22+09:00,암호화폐(코인)기술적분석 가이드,코인 강의(공부하기),https://mingogogo.tistory.com/97,indicator_feature,CCI,"로 해석할 수 있습니다. 밴드 내 회귀: 가격은 대부분 밴드 안에서 움직이려는 경향이 있습니다. 하단 밴드 터치는 매수, 상단 밴드 터치는 매도 기회로 활용될 수 있습니다. CCI (상품채널지수) CCI는 현재 주가가 이동평균선에서 얼마나 떨어져 있는지를 측정하여 추세의 강도와 방향을 나타내는 모멘텀 지표입니다. 주로 +100과 -100을 기준으로 과매수/과매도를 판단합니다. +100 상향"
101,2025-09-25T18:10:00+09:00,코인 주식 캔들 기본개념,코인 강의(공부하기),https://mingogogo.tistory.com/101,indicator_feature,RSI,"엔굴핑: 상승 엔굴핑, 하락 엔굴핑 하라미: 상승 하라미, 하락 하라미 피어싱: 관통형, 먹구름형 📊 보조지표 연계 분석 캔들과 함께 사용하는 핵심 지표: 이동평균선: 20일, 50일, 200일선 RSI: 과매수/과매도 구간 확인 MACD: 모멘텀 변화 포착 볼린저밴드: 변동성과 지지저항 스토캐스틱: 단기 반전 신호 🎯 실전 매매 전략 프로 트레이더의 접근법: 다중 시간대: 큰 그림과 세부"
101,2025-09-25T18:10:00+09:00,코인 주식 캔들 기본개념,코인 강의(공부하기),https://mingogogo.tistory.com/101,indicator_feature,MACD,"하라미: 상승 하라미, 하락 하라미 피어싱: 관통형, 먹구름형 📊 보조지표 연계 분석 캔들과 함께 사용하는 핵심 지표: 이동평균선: 20일, 50일, 200일선 RSI: 과매수/과매도 구간 확인 MACD: 모멘텀 변화 포착 볼린저밴드: 변동성과 지지저항 스토캐스틱: 단기 반전 신호 🎯 실전 매매 전략 프로 트레이더의 접근법: 다중 시간대: 큰 그림과 세부 타이밍 지지저항선: 핵심 매매 구간"
102,2025-09-25T18:23:53+09:00,캔들기본편,코인 강의(공부하기),https://mingogogo.tistory.com/102,indicator_feature,RSI,"지표와 함께 분석 🌟 유성 (Shooting Star) 형성조건: 상승 추세 + 긴 위꼬리 + 작은 몸체 신뢰도: 82% (고점 근처에서 90%) 최적 시간대: 15분봉, 1시간봉 하락 반전 ⚠️ RSI 과매수시 더욱 유효 🔗 조합 패턴 🌅 샛별 (Morning Star) 형성조건: 음봉→도지/짧은봉→양봉 신뢰도: 92% (거래량 급증시 97%) 매우 강한 매수 🌆 저녁별 (Evening S"
103,2025-09-27T01:48:36+09:00,코인분석 시스템,코인 프로그램 유료버전,https://mingogogo.tistory.com/103,algorithm_component,타임프레임,한눈에 시장의 온도와 힘의 균형을 파악할 수 있습니다. 이는 감정적 판단을 배제하고 오직 데이터에 근거한 객관적인 결정을 내리도록 돕는 강력한 나침반이 되어줍니다. 2. 시장의 흐름을 꿰뚫는 멀티 타임프레임과 ZLSMA 성공적인 트레이더는 나무와 숲을 동시에 봅니다. 이 시스템은 1분봉의 초단기 흐름부터 일봉의 거시적인 추세까지 총 7개의 타임프레임 을 손쉽게 전환하며 입체적인 시장 분석을
103,2025-09-27T01:48:36+09:00,코인분석 시스템,코인 프로그램 유료버전,https://mingogogo.tistory.com/103,algorithm_component,타임프레임,"침반이 되어줍니다. 2. 시장의 흐름을 꿰뚫는 멀티 타임프레임과 ZLSMA 성공적인 트레이더는 나무와 숲을 동시에 봅니다. 이 시스템은 1분봉의 초단기 흐름부터 일봉의 거시적인 추세까지 총 7개의 타임프레임 을 손쉽게 전환하며 입체적인 시장 분석을 가능하게 합니다. 특히, 시스템의 핵심 추세 지표로 사용되는 **ZLSMA(Zero Lag Smoothed Moving Average)**는 기존"
103,2025-09-27T01:48:36+09:00,코인분석 시스템,코인 프로그램 유료버전,https://mingogogo.tistory.com/103,indicator_feature,RSI,"집약체: 종합 매매 신호 시스템의 심장과도 같은 기능입니다. 국내 주요 거래소에서 거래되는 코인들의 실시간 데이터를 지연 없이 가져오는 것은 기본. 가장 큰 특징은 여러 핵심 보조지표(ZLSMA, RSI, RCI, 이동평균선 등)를 시스템이 자체 알고리즘으로 복합 분석하여, 현재 시장의 매수세와 매도세 중 어느 쪽이 우위에 있는지를 0점에서 100점 사이의 명확한 점수 로 보여준다는 것입니다"
103,2025-09-27T01:48:36+09:00,코인분석 시스템,코인 프로그램 유료버전,https://mingogogo.tistory.com/103,indicator_feature,RSI,"의 특성은 끊임없이 변합니다. 어제 유효했던 지표 설정값이 오늘도 유효하리란 보장은 없습니다. '파밍 코인 분석 시스템'은 이러한 문제를 해결하기 위해 강력한 '자동 최적화' 기능을 탑재했습니다. RSI (상대강도지수) & RCI (순위상관지수): 과매수·과매도를 파악하는 이 대표적인 지표들에 대해, '자동 최적화' 버튼을 누르면 시스템이 과거 데이터를 기반으로 현재 코인과 차트 주기에 가장"
103,2025-09-27T01:48:36+09:00,코인분석 시스템,코인 프로그램 유료버전,https://mingogogo.tistory.com/103,indicator_feature,RSI,"단순히 데이터를 나열하는 데 그치지 않고, 이를 가공하여 구체적인 행동 지침 까지 제시하는 데 있습니다. '실시간 정밀 신호 모니터링' 패널에서는 종합 점수가 산출된 근거를 상세히 보여줍니다. ""RSI 과매도 조건 충족"", ""ZLSMA 골든크로스 발생"" 등 어떤 긍정적/부정적 신호들이 결합되었는지를 투명하게 공개하여 사용자가 시스템의 판단을 신뢰하고, 나아가 스스로 분석 능력을 키울 수 있"
103,2025-09-27T01:48:36+09:00,코인분석 시스템,코인 프로그램 유료버전,https://mingogogo.tistory.com/103,indicator_feature,RCI,"종합 매매 신호 시스템의 심장과도 같은 기능입니다. 국내 주요 거래소에서 거래되는 코인들의 실시간 데이터를 지연 없이 가져오는 것은 기본. 가장 큰 특징은 여러 핵심 보조지표(ZLSMA, RSI, RCI, 이동평균선 등)를 시스템이 자체 알고리즘으로 복합 분석하여, 현재 시장의 매수세와 매도세 중 어느 쪽이 우위에 있는지를 0점에서 100점 사이의 명확한 점수 로 보여준다는 것입니다. '강력"
103,2025-09-27T01:48:36+09:00,코인분석 시스템,코인 프로그램 유료버전,https://mingogogo.tistory.com/103,indicator_feature,RCI,". 어제 유효했던 지표 설정값이 오늘도 유효하리란 보장은 없습니다. '파밍 코인 분석 시스템'은 이러한 문제를 해결하기 위해 강력한 '자동 최적화' 기능을 탑재했습니다. RSI (상대강도지수) & RCI (순위상관지수): 과매수·과매도를 파악하는 이 대표적인 지표들에 대해, '자동 최적화' 버튼을 누르면 시스템이 과거 데이터를 기반으로 현재 코인과 차트 주기에 가장 높은 신뢰도를 보였던 최적"
103,2025-09-27T01:48:36+09:00,코인분석 시스템,코인 프로그램 유료버전,https://mingogogo.tistory.com/103,indicator_feature,SMA,"분석의 집약체: 종합 매매 신호 시스템의 심장과도 같은 기능입니다. 국내 주요 거래소에서 거래되는 코인들의 실시간 데이터를 지연 없이 가져오는 것은 기본. 가장 큰 특징은 여러 핵심 보조지표(ZLSMA, RSI, RCI, 이동평균선 등)를 시스템이 자체 알고리즘으로 복합 분석하여, 현재 시장의 매수세와 매도세 중 어느 쪽이 우위에 있는지를 0점에서 100점 사이의 명확한 점수 로 보여준다는"
103,2025-09-27T01:48:36+09:00,코인분석 시스템,코인 프로그램 유료버전,https://mingogogo.tistory.com/103,indicator_feature,SMA,도와 힘의 균형을 파악할 수 있습니다. 이는 감정적 판단을 배제하고 오직 데이터에 근거한 객관적인 결정을 내리도록 돕는 강력한 나침반이 되어줍니다. 2. 시장의 흐름을 꿰뚫는 멀티 타임프레임과 ZLSMA 성공적인 트레이더는 나무와 숲을 동시에 봅니다. 이 시스템은 1분봉의 초단기 흐름부터 일봉의 거시적인 추세까지 총 7개의 타임프레임 을 손쉽게 전환하며 입체적인 시장 분석을 가능하게 합니다.
103,2025-09-27T01:48:36+09:00,코인분석 시스템,코인 프로그램 유료버전,https://mingogogo.tistory.com/103,indicator_feature,SMA,". 이 시스템은 1분봉의 초단기 흐름부터 일봉의 거시적인 추세까지 총 7개의 타임프레임 을 손쉽게 전환하며 입체적인 시장 분석을 가능하게 합니다. 특히, 시스템의 핵심 추세 지표로 사용되는 **ZLSMA(Zero Lag Smoothed Moving Average)**는 기존 이동평균선의 가장 큰 약점인 '느린 반응 속도(후행성)'를 획기적으로 개선한 지표입니다. 가격 변화에 거의 지연 없이"
103,2025-09-27T01:48:36+09:00,코인분석 시스템,코인 프로그램 유료버전,https://mingogogo.tistory.com/103,indicator_feature,SMA,"지 않고, 이를 가공하여 구체적인 행동 지침 까지 제시하는 데 있습니다. '실시간 정밀 신호 모니터링' 패널에서는 종합 점수가 산출된 근거를 상세히 보여줍니다. ""RSI 과매도 조건 충족"", ""ZLSMA 골든크로스 발생"" 등 어떤 긍정적/부정적 신호들이 결합되었는지를 투명하게 공개하여 사용자가 시스템의 판단을 신뢰하고, 나아가 스스로 분석 능력을 키울 수 있도록 돕습니다. 또한, '상세 분석"
104,2025-09-27T02:23:03+09:00,9월 27일 오전 2시 15분 유엑스 링크 코인분석,코인분석,https://mingogogo.tistory.com/104,algorithm_component,매집,모멘텀 체크 4시간봉 스퀴즈 한시간봉 15분봉 이미지상 노란 막대출현할때가 스퀴즈 온 전 신호로 해석 스퀴즈온은 급등전 나오는 신호!! 초급락을 했던 이번사건 쉽게 말하면 의도적으로 눌린다 많이 매집했다 라고 해석함..
107,2025-10-01T18:30:13+09:00,통합시장 추세분석기 제작:파밍,코인 프로그램 무료 버전,https://mingogogo.tistory.com/107,indicator_feature,SMA,"(BTC): 비트코인의 현재 가격 추세 파란색 (ETH): 이더리움의 현재 가격 추세 청록색 (알트 평균): 시장에서 가장 거래가 활발한 상위 5개 알트코인의 평균 가격 추세 점선 (이동평균선 - SMA): 각 실선과 같은 색상의 점선은 **12-이동평균선(SMA)**을 의미합니다. 간단히 말해, **'최근 12개 캔들의 평균 가격을 연결한 선'**으로, 현재 가격이 단기적인 추세에 비해 높"
107,2025-10-01T18:30:13+09:00,통합시장 추세분석기 제작:파밍,코인 프로그램 무료 버전,https://mingogogo.tistory.com/107,indicator_feature,SMA,"더리움의 현재 가격 추세 청록색 (알트 평균): 시장에서 가장 거래가 활발한 상위 5개 알트코인의 평균 가격 추세 점선 (이동평균선 - SMA): 각 실선과 같은 색상의 점선은 **12-이동평균선(SMA)**을 의미합니다. 간단히 말해, **'최근 12개 캔들의 평균 가격을 연결한 선'**으로, 현재 가격이 단기적인 추세에 비해 높은지 낮은지를 판단하는 매우 중요한 기준선 이 됩니다. ✅ 핵"
109,2025-10-06T09:54:55+09:00,"""FARMING ANALYZER + WAVE""",코인 프로그램 유료버전,https://mingogogo.tistory.com/109,algorithm_component,거래대금,"찾기 이 툴의 가장 빛나는 기능은 바로 **'바닥권 추천 코인 TOP 5'**입니다. 더 이상 수많은 코인 차트를 일일이 돌려보며 감에 의존할 필요가 없습니다. 분석 메커니즘 : 업비트 원화마켓의 거래대금 상위 40개 코인을 자동으로 스캔합니다. 독자적인 점수 시스템 : RSI, MACD, 볼린저밴드, 스토캐스틱 등 핵심 보조지표를 종합하여 '매수 점수'를 산출합니다. 단순히 점수가 높은 코"
109,2025-10-06T09:54:55+09:00,"""FARMING ANALYZER + WAVE""",코인 프로그램 유료버전,https://mingogogo.tistory.com/109,algorithm_component,타임프레임,"진정한 의미의 '바닥권'에 있는 보석 같은 코인을 찾아내 순위를 매깁니다. 이 기능 하나만으로도 시장을 넓게 보며 기회를 포착하는 강력한 무기를 얻게 되는 셈입니다. 1분봉부터 30분봉까지 원하는 타임프레임 기준으로 분석할 수 있어, 자신의 투자 스타일에 맞는 추천을 받을 수 있다는 점도 큰 장점입니다. 핵심 기능 2: 종합 분석과 파동 예측 - 과학적 트레이딩의 시작 코인을 선택하면, 이"
109,2025-10-06T09:54:55+09:00,"""FARMING ANALYZER + WAVE""",코인 프로그램 유료버전,https://mingogogo.tistory.com/109,indicator_feature,RSI,"*입니다. 더 이상 수많은 코인 차트를 일일이 돌려보며 감에 의존할 필요가 없습니다. 분석 메커니즘 : 업비트 원화마켓의 거래대금 상위 40개 코인을 자동으로 스캔합니다. 독자적인 점수 시스템 : RSI, MACD, 볼린저밴드, 스토캐스틱 등 핵심 보조지표를 종합하여 '매수 점수'를 산출합니다. 단순히 점수가 높은 코인을 나열하는 것이 아니라, 매수 점수가 50점 이상인 '매수 우위' 상태의"
109,2025-10-06T09:54:55+09:00,"""FARMING ANALYZER + WAVE""",코인 프로그램 유료버전,https://mingogogo.tistory.com/109,indicator_feature,RSI,"최종 점수를 0점에서 100점 사이로 보여줍니다. '강력 매수'부터 '강력 매도'까지 5단계의 명확한 시그널을 제시하여 복잡한 데이터를 몰라도 즉각적인 판단이 가능합니다. 보조지표 상세 카드 : RSI, MACD, CCI 등 6개의 핵심 보조지표를 각각의 카드로 분리하여 상세 정보를 제공합니다. 각 지표의 현재 수치는 물론, 매수 관점에서의 점수(0~100)를 시각적인 바로 표현해 초보자도"
109,2025-10-06T09:54:55+09:00,"""FARMING ANALYZER + WAVE""",코인 프로그램 유료버전,https://mingogogo.tistory.com/109,indicator_feature,MACD,"더 이상 수많은 코인 차트를 일일이 돌려보며 감에 의존할 필요가 없습니다. 분석 메커니즘 : 업비트 원화마켓의 거래대금 상위 40개 코인을 자동으로 스캔합니다. 독자적인 점수 시스템 : RSI, MACD, 볼린저밴드, 스토캐스틱 등 핵심 보조지표를 종합하여 '매수 점수'를 산출합니다. 단순히 점수가 높은 코인을 나열하는 것이 아니라, 매수 점수가 50점 이상인 '매수 우위' 상태의 코인만을"
109,2025-10-06T09:54:55+09:00,"""FARMING ANALYZER + WAVE""",코인 프로그램 유료버전,https://mingogogo.tistory.com/109,indicator_feature,MACD,"수를 0점에서 100점 사이로 보여줍니다. '강력 매수'부터 '강력 매도'까지 5단계의 명확한 시그널을 제시하여 복잡한 데이터를 몰라도 즉각적인 판단이 가능합니다. 보조지표 상세 카드 : RSI, MACD, CCI 등 6개의 핵심 보조지표를 각각의 카드로 분리하여 상세 정보를 제공합니다. 각 지표의 현재 수치는 물론, 매수 관점에서의 점수(0~100)를 시각적인 바로 표현해 초보자도 쉽게 이"
109,2025-10-06T09:54:55+09:00,"""FARMING ANALYZER + WAVE""",코인 프로그램 유료버전,https://mingogogo.tistory.com/109,indicator_feature,CCI,"서 100점 사이로 보여줍니다. '강력 매수'부터 '강력 매도'까지 5단계의 명확한 시그널을 제시하여 복잡한 데이터를 몰라도 즉각적인 판단이 가능합니다. 보조지표 상세 카드 : RSI, MACD, CCI 등 6개의 핵심 보조지표를 각각의 카드로 분리하여 상세 정보를 제공합니다. 각 지표의 현재 수치는 물론, 매수 관점에서의 점수(0~100)를 시각적인 바로 표현해 초보자도 쉽게 이해할 수 있"
115,2025-10-14T04:22:11+09:00,코인 파동분석기,코인 프로그램 유료버전,https://mingogogo.tistory.com/115,indicator_feature,RSI,"입니다. 핵심 기능 1: 🎯 직관적인 '10단계 추세 신호'핵심 기능 2: 📊 '통합 시장 추세'로 흐름을 읽다핵심 기능 3: 💡 개별 코인 '상세 분석'으로 전략 완성 기술적 지표: 이동평균선, RSI, 거래량 등 핵심 지표를 보기 쉽게 정리해줍니다. 종합 브리핑: 현재 추세와 변동성을 기반으로 한 종합적인 분석을 제공합니다. 매매 전략 제안: 분석 결과를 토대로 구체적인 진입가, 목표가,"
118,2025-10-18T04:37:00+09:00,"폭발 직전 코인만 찾아내는 비장의 무기, '파밍 분석기' 완벽 가이드",코인 프로그램 유료버전,https://mingogogo.tistory.com/118,algorithm_component,매집,"다. 스퀴즈 모멘텀 (-5 이하): 가격 변동성이 극도로 압축되어, 곧 한쪽 방향으로 폭발할 에너지가 응축된 상태를 포착합니다. 저거래량 (평균 대비 50% 이하): 시장의 관심에서 벗어나 세력의 매집이 이루어질 수 있는, '소리 없는 상승'의 전조를 감지합니다. 이 세 가지 조건이 동시에 충족된 코인은 그야말로 '폭발 직전의 화약고'와 같습니다. 분석기는 이 결정적인 순간을 놓치지 않고 사"
118,2025-10-18T04:37:00+09:00,"폭발 직전 코인만 찾아내는 비장의 무기, '파밍 분석기' 완벽 가이드",코인 프로그램 유료버전,https://mingogogo.tistory.com/118,indicator_feature,RSI,"'폭발 직전의 화약고'와 같습니다. 분석기는 이 결정적인 순간을 놓치지 않고 사용자에게 제시합니다. 2. 10개 이상의 보조지표를 더한 정밀한 종합 점수 단순히 3가지 지표에만 의존하지 않습니다. RSI, MACD, 볼린저 밴드, CCI 등 10개 이상의 신뢰도 높은 보조지표 를 함께 분석하여 종합 점수를 매깁니다. 각 지표에 중요도에 따른 가중치를 부여하여 분석의 정확도를 극한까지 끌어올렸"
118,2025-10-18T04:37:00+09:00,"폭발 직전 코인만 찾아내는 비장의 무기, '파밍 분석기' 완벽 가이드",코인 프로그램 유료버전,https://mingogogo.tistory.com/118,indicator_feature,MACD,"전의 화약고'와 같습니다. 분석기는 이 결정적인 순간을 놓치지 않고 사용자에게 제시합니다. 2. 10개 이상의 보조지표를 더한 정밀한 종합 점수 단순히 3가지 지표에만 의존하지 않습니다. RSI, MACD, 볼린저 밴드, CCI 등 10개 이상의 신뢰도 높은 보조지표 를 함께 분석하여 종합 점수를 매깁니다. 각 지표에 중요도에 따른 가중치를 부여하여 분석의 정확도를 극한까지 끌어올렸습니다."
118,2025-10-18T04:37:00+09:00,"폭발 직전 코인만 찾아내는 비장의 무기, '파밍 분석기' 완벽 가이드",코인 프로그램 유료버전,https://mingogogo.tistory.com/118,indicator_feature,RCI,"세요. 이 글에서는 파밍 분석기의 핵심 장점과 간단한 사용법을 알려드립니다. ⭐ '파밍 분석기'가 특별한 이유: 3가지 핵심 장점 1. 독보적인 '극도의 바닥권' 탐지 시스템 파밍 분석기의 심장은 RCI, 스퀴즈 모멘텀, 저거래량 이라는 3가지 핵심 지표의 조합에 있습니다. RCI (-90 이하): 시장의 과매도 상태가 극에 달했다는 강력한 신호입니다. 기술적 반등의 가능성이 매우 높은 구간"
118,2025-10-18T04:37:00+09:00,"폭발 직전 코인만 찾아내는 비장의 무기, '파밍 분석기' 완벽 가이드",코인 프로그램 유료버전,https://mingogogo.tistory.com/118,indicator_feature,RCI,"'파밍 분석기'가 특별한 이유: 3가지 핵심 장점 1. 독보적인 '극도의 바닥권' 탐지 시스템 파밍 분석기의 심장은 RCI, 스퀴즈 모멘텀, 저거래량 이라는 3가지 핵심 지표의 조합에 있습니다. RCI (-90 이하): 시장의 과매도 상태가 극에 달했다는 강력한 신호입니다. 기술적 반등의 가능성이 매우 높은 구간을 의미합니다. 스퀴즈 모멘텀 (-5 이하): 가격 변동성이 극도로 압축되어,"
118,2025-10-18T04:37:00+09:00,"폭발 직전 코인만 찾아내는 비장의 무기, '파밍 분석기' 완벽 가이드",코인 프로그램 유료버전,https://mingogogo.tistory.com/118,indicator_feature,CCI,"분석기는 이 결정적인 순간을 놓치지 않고 사용자에게 제시합니다. 2. 10개 이상의 보조지표를 더한 정밀한 종합 점수 단순히 3가지 지표에만 의존하지 않습니다. RSI, MACD, 볼린저 밴드, CCI 등 10개 이상의 신뢰도 높은 보조지표 를 함께 분석하여 종합 점수를 매깁니다. 각 지표에 중요도에 따른 가중치를 부여하여 분석의 정확도를 극한까지 끌어올렸습니다. 이를 통해 감이나 추측이"
121,2025-10-22T17:07:59+09:00,보조지표에 대한 이해 (초보자용),코인 강의(공부하기),https://mingogogo.tistory.com/121,algorithm_component,매집,"버전스 (Bullish Divergence) ⭐: 현상: 가격은 더 낮은 저점을 만들지만, OBV는 더 높은 저점 형성 의미: 가격은 하락하지만 매수 거래량이 증가 중 해석: 스마트 머니가 저가에 매집 중, 바닥 임박 신뢰도: 매우 높음 (⭐⭐⭐⭐⭐) 매수 전략: 가격 차트와 OBV 차트를 동시에 표시 가격의 저점과 OBV의 저점 비교 다이버전스 확인 시 1차 매수 (30%) 가격 반등 시작"
121,2025-10-22T17:07:59+09:00,보조지표에 대한 이해 (초보자용),코인 강의(공부하기),https://mingogogo.tistory.com/121,algorithm_component,거래대금,등 시작 시 2차 매수 (40%) 추세 전환 확정 시 3차 매수 (30%) 6.3 업비트에서 거래량 활용하기 업비트 거래량 분석 실전 팁 1. 24시간 거래량 확인: 업비트 메인 화면에서 24시간 거래대금 확인 거래대금 상위 코인이 시장 관심도 높음 거래대금 급증 코인 주목 (이슈 발생 가능성) 2. 호가창 거래량: 실시간 매수/매도 호가의 거래량 확인 큰 호가(벽)가 나타나면 지지/저항 역
121,2025-10-22T17:07:59+09:00,보조지표에 대한 이해 (초보자용),코인 강의(공부하기),https://mingogogo.tistory.com/121,algorithm_component,거래대금,차 매수 (40%) 추세 전환 확정 시 3차 매수 (30%) 6.3 업비트에서 거래량 활용하기 업비트 거래량 분석 실전 팁 1. 24시간 거래량 확인: 업비트 메인 화면에서 24시간 거래대금 확인 거래대금 상위 코인이 시장 관심도 높음 거래대금 급증 코인 주목 (이슈 발생 가능성) 2. 호가창 거래량: 실시간 매수/매도 호가의 거래량 확인 큰 호가(벽)가 나타나면 지지/저항 역할 벽이 사라지
121,2025-10-22T17:07:59+09:00,보조지표에 대한 이해 (초보자용),코인 강의(공부하기),https://mingogogo.tistory.com/121,algorithm_component,거래대금,3차 매수 (30%) 6.3 업비트에서 거래량 활용하기 업비트 거래량 분석 실전 팁 1. 24시간 거래량 확인: 업비트 메인 화면에서 24시간 거래대금 확인 거래대금 상위 코인이 시장 관심도 높음 거래대금 급증 코인 주목 (이슈 발생 가능성) 2. 호가창 거래량: 실시간 매수/매도 호가의 거래량 확인 큰 호가(벽)가 나타나면 지지/저항 역할 벽이 사라지면 추세 전환 가능성 3. 체결 강도:
121,2025-10-22T17:07:59+09:00,보조지표에 대한 이해 (초보자용),코인 강의(공부하기),https://mingogogo.tistory.com/121,algorithm_component,타임프레임,"자신만의 가중치와 기준을 지속적으로 업데이트 8. 업비트 실전 적용법 이론을 실제 업비트 거래에 적용하는 구체적인 방법을 알아봅니다. 8.1 업비트 인터페이스 활용 📱 필수 설정 1. 차트 설정: 타임프레임: 1일봉 (주 분석용) + 4시간봉 (진입 타이밍) 지표 추가: 볼린저밴드 (20, 2) RSI (14) MACD (12, 26, 9) 이동평균선 (5, 20, 60, 120일) 거래량"
121,2025-10-22T17:07:59+09:00,보조지표에 대한 이해 (초보자용),코인 강의(공부하기),https://mingogogo.tistory.com/121,indicator_feature,RSI,보기 1️⃣ 스크리닝 코인 발굴 • 하락률 -40~70% • 시총 100위 이내 2️⃣ 차트 패턴 패턴 확인 • 더블바텀? • 역 헤드앤숄더? 3️⃣ 기술적 지표 지표 교차검증 • 볼밴 하단? • RSI < 30? 4️⃣ 거래량 분석 거래량 확인 • 거래량 급감? • OBV 다이버전스? 5️⃣ 점수 계산 교차검증 점수 12점 이상? ? NO ❌ 매수 보류 YES 6️⃣ 분할 매수 실행 1차:
121,2025-10-22T17:07:59+09:00,보조지표에 대한 이해 (초보자용),코인 강의(공부하기),https://mingogogo.tistory.com/121,indicator_feature,RSI,탈: 장기간 이어진 하락 추세선을 상향 돌파하는 순간 거래량 급감: 바닥권에서는 거래량이 현저히 줄어들며 매도 압력이 소진됩니다 볼린저밴드 하단 터치: 과매도 구간에 진입했음을 알리는 명확한 신호 RSI 30 이하: 극단적인 과매도 상태로 반등 가능성이 높습니다 지지선 형성: 동일 가격대에서 여러 번 반등하며 강한 지지선이 형성됩니다 2.2 바닥권 매수의 3단계 전략 단계 타이밍 매수 비중
121,2025-10-22T17:07:59+09:00,보조지표에 대한 이해 (초보자용),코인 강의(공부하기),https://mingogogo.tistory.com/121,indicator_feature,RSI,"높습니다 지지선 형성: 동일 가격대에서 여러 번 반등하며 강한 지지선이 형성됩니다 2.2 바닥권 매수의 3단계 전략 단계 타이밍 매수 비중 특징 1차 매수 바닥권 진입 확인 30% 시험적 매수, RSI 30 이하 + 볼린저밴드 하단 2차 매수 반등 확인 후 40% 추세 전환 확인, 거래량 증가 동반 3차 매수 돌파 성공 시 30% 저항선 돌파 확인, 상승 추세 진입 💡 실전 예시: 비트코인"
121,2025-10-22T17:07:59+09:00,보조지표에 대한 이해 (초보자용),코인 강의(공부하기),https://mingogogo.tistory.com/121,indicator_feature,RSI,"돌파 성공 시 30% 저항선 돌파 확인, 상승 추세 진입 💡 실전 예시: 비트코인 바닥권 매수 상황: BTC가 40,000달러에서 25,000달러까지 하락 후 횡보 1차 매수 (25,000달러): RSI: 28 (과매도) 볼린저밴드: 하단 터치 거래량: 최근 30일 평균 대비 70% 감소 👉 총 자금의 30% 투입 2차 매수 (27,500달러): 하락 추세선 돌파 확인 거래량 증가 (평균 대"
121,2025-10-22T17:07:59+09:00,보조지표에 대한 이해 (초보자용),코인 강의(공부하기),https://mingogogo.tistory.com/121,indicator_feature,RSI,"(과매도) 볼린저밴드: 하단 터치 거래량: 최근 30일 평균 대비 70% 감소 👉 총 자금의 30% 투입 2차 매수 (27,500달러): 하락 추세선 돌파 확인 거래량 증가 (평균 대비 150%) RSI: 45로 회복 👉 추가로 40% 투입 3차 매수 (30,000달러): 주요 저항선 돌파 골든크로스 형성 👉 나머지 30% 투입 결과: 평균 매수가 27,250달러로 35,000달러 도달 시"
121,2025-10-22T17:07:59+09:00,보조지표에 대한 이해 (초보자용),코인 강의(공부하기),https://mingogogo.tistory.com/121,indicator_feature,RSI,넥라인 (저항선 150원) 돌파! 목표가 200원 50원 +50원 1차: 오른쪽 어깨 (40% 투입) 2차: 넥라인 접근 (30% 투입) 3차: 넥라인 돌파 (30% 투입) 💡 확인 포인트: • RSI 머리에서 30↓ • 오른쪽 어깨 다이버전스 1️⃣ 왼쪽 어깨 첫 반등 시도 거래량 중간 관찰만 2️⃣ 머리 (최저점) 최대 하락 RSI 30 이하 공격적 매수 가능 3️⃣ 오른쪽 어깨 패턴
121,2025-10-22T17:07:59+09:00,보조지표에 대한 이해 (초보자용),코인 강의(공부하기),https://mingogogo.tistory.com/121,indicator_feature,RSI,) 3차: 넥라인 돌파 (30% 투입) 💡 확인 포인트: • RSI 머리에서 30↓ • 오른쪽 어깨 다이버전스 1️⃣ 왼쪽 어깨 첫 반등 시도 거래량 중간 관찰만 2️⃣ 머리 (최저점) 최대 하락 RSI 30 이하 공격적 매수 가능 3️⃣ 오른쪽 어깨 패턴 완성 임박 1차 매수 시점! 다이버전스 확인 📐 목표가 계산: 목표가 = 넥라인 + (넥라인 - 머리) = 150원 + (150원 - 1
121,2025-10-22T17:07:59+09:00,보조지표에 대한 이해 (초보자용),코인 강의(공부하기),https://mingogogo.tistory.com/121,indicator_feature,RSI,후 반등 오른쪽 어깨: 머리보다 높고 왼쪽 어깨와 비슷한 저점 넥라인: 두 고점을 연결한 저항선 매매 전략 (바닥권 매수에 최적): 매수 시점 가격대 비중 조건 공격적 매수 머리 형성 중 20% RSI 과매도 + 거래량 급감 1차 매수 오른쪽 어깨 형성 후 40% 패턴 완성 가능성 확인 2차 매수 넥라인 돌파 40% 거래량 급증 + 돌파 확정 목표 상승폭 = 넥라인 가격 - 머리 저점 목표
121,2025-10-22T17:07:59+09:00,보조지표에 대한 이해 (초보자용),코인 강의(공부하기),https://mingogogo.tistory.com/121,indicator_feature,RSI,능성 확인 2차 매수 넥라인 돌파 40% 거래량 급증 + 돌파 확정 목표 상승폭 = 넥라인 가격 - 머리 저점 목표가 = 넥라인 돌파가 + 목표 상승폭 ✅ 바닥권 매수자를 위한 팁: 머리 부분에서 RSI가 30 이하로 떨어지면 최적의 1차 매수 구간 오른쪽 어깨가 머리보다 확실히 높게 형성되면 패턴 신뢰도 상승 넥라인 돌파 후 되돌림이 있어도 당황하지 말고 추가 매수 기회로 활용 손절선은 오
121,2025-10-22T17:07:59+09:00,보조지표에 대한 이해 (초보자용),코인 강의(공부하기),https://mingogogo.tistory.com/121,indicator_feature,RSI,리스트: 두 개의 저점이 ±3% 이내 가격대에 형성 첫 번째 저점에서 거래량 증가 (매도 압력 소진) 두 번째 저점에서 거래량 감소 (매도세 약화) 저점 사이의 고점(저항선) 돌파 시 거래량 급증 RSI가 두 번째 저점에서 다이버전스 발생 단계별 매수 전략: 1단계 (공격적): 두 번째 저점 형성 확인 후 첫 번째 저점과 비슷한 가격에서 반등 시작 투입 비중: 30% 손절선: 두 번째 저점
121,2025-10-22T17:07:59+09:00,보조지표에 대한 이해 (초보자용),코인 강의(공부하기),https://mingogogo.tistory.com/121,indicator_feature,RSI,"표가 = 넥라인 + 목표 상승폭 💡 업비트 실전 예시: 이더리움 더블바텀 상황: ETH/KRW 1,500,000원 → 1,200,000원 하락 첫 번째 저점: 1,200,000원 (10월 15일) RSI: 26 24시간 거래량: 평균의 180% 반등: 1,350,000원까지 상승 두 번째 저점: 1,210,000원 (10월 22일) RSI: 32 (다이버전스 - 가격은 비슷하나 RSI는 상승"
121,2025-10-22T17:07:59+09:00,보조지표에 대한 이해 (초보자용),코인 강의(공부하기),https://mingogogo.tistory.com/121,indicator_feature,RSI,"하락 첫 번째 저점: 1,200,000원 (10월 15일) RSI: 26 24시간 거래량: 평균의 180% 반등: 1,350,000원까지 상승 두 번째 저점: 1,210,000원 (10월 22일) RSI: 32 (다이버전스 - 가격은 비슷하나 RSI는 상승) 24시간 거래량: 평균의 120% (감소 추세) 1차 매수: 1,220,000원 (두 번째 저점 확인 후) - 30만원 2차 매수: 1"
121,2025-10-22T17:07:59+09:00,보조지표에 대한 이해 (초보자용),코인 강의(공부하기),https://mingogogo.tistory.com/121,indicator_feature,RSI,"월 15일) RSI: 26 24시간 거래량: 평균의 180% 반등: 1,350,000원까지 상승 두 번째 저점: 1,210,000원 (10월 22일) RSI: 32 (다이버전스 - 가격은 비슷하나 RSI는 상승) 24시간 거래량: 평균의 120% (감소 추세) 1차 매수: 1,220,000원 (두 번째 저점 확인 후) - 30만원 2차 매수: 1,340,000원 (저항선 재접근) - 30만원"
121,2025-10-22T17:07:59+09:00,보조지표에 대한 이해 (초보자용),코인 강의(공부하기),https://mingogogo.tistory.com/121,indicator_feature,RSI,"자 바닥 형성 (수주~수개월) 상승 단계: 서서히 상승 시작, 거래량 증가 돌파 단계: 초기 하락 시작점 돌파 바닥권 매수 전략: 매수 시점 위치 비중 확인 지표 초기 진입 U자 바닥 중앙 20% RSI 30 이하, 거래량 최저 1차 매수 상승 시작 확인 30% 이동평균선 골든크로스 2차 매수 중간 저항 돌파 30% 거래량 증가 지속 3차 매수 넥라인 돌파 20% 추세 전환 확정 ✅ 라운딩"
121,2025-10-22T17:07:59+09:00,보조지표에 대한 이해 (초보자용),코인 강의(공부하기),https://mingogogo.tistory.com/121,indicator_feature,RSI,"전 소진 상승 전환 가능성 매우 높음 확인 조건: 세 개의 저점이 ±3% 이내 가격대 각 저점마다 거래량 패턴 확인 (첫 번째 > 두 번째 > 세 번째) 저점 사이의 두 개 고점이 형성하는 저항선 RSI 다이버전스 (가격 저점 비슷, RSI 저점 상승) 넥라인 돌파 시 거래량 급증 매매 전략: 세 번째 저점 형성 확인 후: 가장 안전한 1차 매수 시점 투입 비중: 40% 세 번째 저점이 첫"
121,2025-10-22T17:07:59+09:00,보조지표에 대한 이해 (초보자용),코인 강의(공부하기),https://mingogogo.tistory.com/121,indicator_feature,RSI,"확인 조건: 세 개의 저점이 ±3% 이내 가격대 각 저점마다 거래량 패턴 확인 (첫 번째 > 두 번째 > 세 번째) 저점 사이의 두 개 고점이 형성하는 저항선 RSI 다이버전스 (가격 저점 비슷, RSI 저점 상승) 넥라인 돌파 시 거래량 급증 매매 전략: 세 번째 저점 형성 확인 후: 가장 안전한 1차 매수 시점 투입 비중: 40% 세 번째 저점이 첫 번째와 비슷하면 신뢰도 최고 넥라인(저"
121,2025-10-22T17:07:59+09:00,보조지표에 대한 이해 (초보자용),코인 강의(공부하기),https://mingogogo.tistory.com/121,indicator_feature,RSI,40% 거래량이 평균의 2배 이상 필수 되돌림 후 재상승: 넥라인 리테스트 성공 시 투입 비중: 20% 💡 업비트 실전 예시: 리플(XRP) 삼중 바닥 첫 번째 저점: 500원 (5월 1일) - RSI 25 반등: 650원 두 번째 저점: 510원 (5월 15일) - RSI 28 반등: 640원 세 번째 저점: 505원 (5월 28일) - RSI 32 (다이버전스!) 1차 매수: 520원
121,2025-10-22T17:07:59+09:00,보조지표에 대한 이해 (초보자용),코인 강의(공부하기),https://mingogogo.tistory.com/121,indicator_feature,RSI,트 성공 시 투입 비중: 20% 💡 업비트 실전 예시: 리플(XRP) 삼중 바닥 첫 번째 저점: 500원 (5월 1일) - RSI 25 반등: 650원 두 번째 저점: 510원 (5월 15일) - RSI 28 반등: 640원 세 번째 저점: 505원 (5월 28일) - RSI 32 (다이버전스!) 1차 매수: 520원 (세 번째 저점 반등 확인) - 40% 넥라인: 650원 2차 매수: 66
121,2025-10-22T17:07:59+09:00,보조지표에 대한 이해 (초보자용),코인 강의(공부하기),https://mingogogo.tistory.com/121,indicator_feature,RSI,바닥 첫 번째 저점: 500원 (5월 1일) - RSI 25 반등: 650원 두 번째 저점: 510원 (5월 15일) - RSI 28 반등: 640원 세 번째 저점: 505원 (5월 28일) - RSI 32 (다이버전스!) 1차 매수: 520원 (세 번째 저점 반등 확인) - 40% 넥라인: 650원 2차 매수: 660원 (넥라인 돌파) - 40% 3차 매수: 655원 (되돌림 후 지지)
121,2025-10-22T17:07:59+09:00,보조지표에 대한 이해 (초보자용),코인 강의(공부하기),https://mingogogo.tistory.com/121,indicator_feature,RSI,매수 전략: V자 완성 후 매수 (추천): 급등 후 소폭 되돌림 구간에서 매수 최저점 대비 10~15% 상승 후 거래량 지속 증가 확인 공격적 매수 (고위험): 극단적 과매도 + 거래량 폭증 시 RSI 20 이하 소량만 투입 (전체의 20% 이하) 엄격한 손절 (-5%) V자 vs Dead Cat Bounce 구분법: 구분 진짜 반등 (V자) 가짜 반등 (DCB) 거래량 급격히 증가 및 지
121,2025-10-22T17:07:59+09:00,보조지표에 대한 이해 (초보자용),코인 강의(공부하기),https://mingogogo.tistory.com/121,indicator_feature,RSI,V자 vs Dead Cat Bounce 구분법: 구분 진짜 반등 (V자) 가짜 반등 (DCB) 거래량 급격히 증가 및 지속 일시적 증가 후 감소 반등폭 하락폭의 50% 이상 하락폭의 30% 미만 RSI 50 이상으로 빠르게 회복 40 부근에서 정체 이동평균선 단기선이 장기선 돌파 단기선이 장기선 아래 유지 지속성 며칠 이상 상승 지속 1~2일 만에 재하락 4️⃣ 스파이크 바텀 (Spike
121,2025-10-22T17:07:59+09:00,보조지표에 대한 이해 (초보자용),코인 강의(공부하기),https://mingogogo.tistory.com/121,indicator_feature,RSI,다! 4. 핵심 기술적 지표 차트 패턴만으로는 부족합니다. 기술적 지표를 함께 사용하여 교차검증 하는 것이 성공 확률을 높입니다. 📊 추세 지표 이동평균선 (MA) MACD ADX 💪 모멘텀 지표 RSI Stochastic CCI 📉 변동성 지표 볼린저밴드 ATR Keltner Channel 📈 거래량 지표 거래량 OBV 누적/분산 4.1 이동평균선 (Moving Average) 📈 이동평균
121,2025-10-22T17:07:59+09:00,보조지표에 대한 이해 (초보자용),코인 강의(공부하기),https://mingogogo.tistory.com/121,indicator_feature,RSI,"시사 가장 신뢰도 높은 조합: 50일선이 200일선 돌파 데드크로스 (Dead Cross): 단기 이동평균선이 장기 이동평균선을 하향 돌파 매도 신호 바닥권 매수자는 이 신호를 기다려야 함 4.2 RSI (Relative Strength Index) 💪 RSI - 바닥권 매수의 핵심 지표 정의: 상대강도지수로, 가격의 상승압력과 하락압력을 비교하여"
121,2025-10-22T17:07:59+09:00,보조지표에 대한 이해 (초보자용),코인 강의(공부하기),https://mingogogo.tistory.com/121,indicator_feature,RSI,"데드크로스 (Dead Cross): 단기 이동평균선이 장기 이동평균선을 하향 돌파 매도 신호 바닥권 매수자는 이 신호를 기다려야 함 4.2 RSI (Relative Strength Index) 💪 RSI - 바닥권 매수의 핵심 지표 정의: 상대강도지수로, 가격의 상승압력과 하락압력을 비교하여 과매수/과매도 상태를 나타내는 모멘텀 지표입니다."
121,2025-10-22T17:07:59+09:00,보조지표에 대한 이해 (초보자용),코인 강의(공부하기),https://mingogogo.tistory.com/121,indicator_feature,RSI,"력과 하락압력을 비교하여 과매수/과매도 상태를 나타내는 모멘텀 지표입니다. 0~100 사이 값을 가집니다. RSI = 100 - [100 / (1 + RS)] RS = 평균 상승폭 / 평균 하락폭 (일반적으로 14일 기준) 해석 기준: RSI 70 이상: 과매수 구간, 조정 가능성 RSI 30~70: 정"
121,2025-10-22T17:07:59+09:00,보조지표에 대한 이해 (초보자용),코인 강의(공부하기),https://mingogogo.tistory.com/121,indicator_feature,RSI,"0~100 사이 값을 가집니다. RSI = 100 - [100 / (1 + RS)] RS = 평균 상승폭 / 평균 하락폭 (일반적으로 14일 기준) 해석 기준: RSI 70 이상: 과매수 구간, 조정 가능성 RSI 30~70: 정상 구간 RSI 30 이하: 과매도 구간, 바닥권 신호 ⭐ RSI 20 이하: 극단적 과매도, 강한 반등 가능성 📊 RSI 지표"
121,2025-10-22T17:07:59+09:00,보조지표에 대한 이해 (초보자용),코인 강의(공부하기),https://mingogogo.tistory.com/121,indicator_feature,RSI,"사이 값을 가집니다. RSI = 100 - [100 / (1 + RS)] RS = 평균 상승폭 / 평균 하락폭 (일반적으로 14일 기준) 해석 기준: RSI 70 이상: 과매수 구간, 조정 가능성 RSI 30~70: 정상 구간 RSI 30 이하: 과매도 구간, 바닥권 신호 ⭐ RSI 20 이하: 극단적 과매도, 강한 반등 가능성 📊 RSI 지표 해석 및 다이버전스 가격 차트 저점1 저점2 ←"
121,2025-10-22T17:07:59+09:00,보조지표에 대한 이해 (초보자용),코인 강의(공부하기),https://mingogogo.tistory.com/121,indicator_feature,RSI,"100 - [100 / (1 + RS)] RS = 평균 상승폭 / 평균 하락폭 (일반적으로 14일 기준) 해석 기준: RSI 70 이상: 과매수 구간, 조정 가능성 RSI 30~70: 정상 구간 RSI 30 이하: 과매도 구간, 바닥권 신호 ⭐ RSI 20 이하: 극단적 과매도, 강한 반등 가능성 📊 RSI 지표 해석 및 다이버전스 가격 차트 저점1 저점2 ← 더 높은 저점! 가격 ↓ (더"
121,2025-10-22T17:07:59+09:00,보조지표에 대한 이해 (초보자용),코인 강의(공부하기),https://mingogogo.tistory.com/121,indicator_feature,RSI,"평균 상승폭 / 평균 하락폭 (일반적으로 14일 기준) 해석 기준: RSI 70 이상: 과매수 구간, 조정 가능성 RSI 30~70: 정상 구간 RSI 30 이하: 과매도 구간, 바닥권 신호 ⭐ RSI 20 이하: 극단적 과매도, 강한 반등 가능성 📊 RSI 지표 해석 및 다이버전스 가격 차트 저점1 저점2 ← 더 높은 저점! 가격 ↓ (더 낮음) RSI 지표 70 과매수 50 중립 30"
121,2025-10-22T17:07:59+09:00,보조지표에 대한 이해 (초보자용),코인 강의(공부하기),https://mingogogo.tistory.com/121,indicator_feature,RSI,"해석 기준: RSI 70 이상: 과매수 구간, 조정 가능성 RSI 30~70: 정상 구간 RSI 30 이하: 과매도 구간, 바닥권 신호 ⭐ RSI 20 이하: 극단적 과매도, 강한 반등 가능성 📊 RSI 지표 해석 및 다이버전스 가격 차트 저점1 저점2 ← 더 높은 저점! 가격 ↓ (더 낮음) RSI 지표 70 과매수 50 중립 30 과매도 20 RSI 저점1 (28) RSI 저점2 (32)"
121,2025-10-22T17:07:59+09:00,보조지표에 대한 이해 (초보자용),코인 강의(공부하기),https://mingogogo.tistory.com/121,indicator_feature,RSI,"0 이하: 과매도 구간, 바닥권 신호 ⭐ RSI 20 이하: 극단적 과매도, 강한 반등 가능성 📊 RSI 지표 해석 및 다이버전스 가격 차트 저점1 저점2 ← 더 높은 저점! 가격 ↓ (더 낮음) RSI 지표 70 과매수 50 중립 30 과매도 20 RSI 저점1 (28) RSI 저점2 (32) RSI ↑ (더 높음) = 다이버전스! 🎯 매수 구간! ✅ 강세 다이버전스 (Bullish Div"
121,2025-10-22T17:07:59+09:00,보조지표에 대한 이해 (초보자용),코인 강의(공부하기),https://mingogogo.tistory.com/121,indicator_feature,RSI,"이하: 극단적 과매도, 강한 반등 가능성 📊 RSI 지표 해석 및 다이버전스 가격 차트 저점1 저점2 ← 더 높은 저점! 가격 ↓ (더 낮음) RSI 지표 70 과매수 50 중립 30 과매도 20 RSI 저점1 (28) RSI 저점2 (32) RSI ↑ (더 높음) = 다이버전스! 🎯 매수 구간! ✅ 강세 다이버전스 (Bullish Divergence) 가격은 더 낮은 저점을 만들지만, RS"
121,2025-10-22T17:07:59+09:00,보조지표에 대한 이해 (초보자용),코인 강의(공부하기),https://mingogogo.tistory.com/121,indicator_feature,RSI,"강한 반등 가능성 📊 RSI 지표 해석 및 다이버전스 가격 차트 저점1 저점2 ← 더 높은 저점! 가격 ↓ (더 낮음) RSI 지표 70 과매수 50 중립 30 과매도 20 RSI 저점1 (28) RSI 저점2 (32) RSI ↑ (더 높음) = 다이버전스! 🎯 매수 구간! ✅ 강세 다이버전스 (Bullish Divergence) 가격은 더 낮은 저점을 만들지만, RSI는 더 높은 저점 형성"
121,2025-10-22T17:07:59+09:00,보조지표에 대한 이해 (초보자용),코인 강의(공부하기),https://mingogogo.tistory.com/121,indicator_feature,RSI,"SI 지표 해석 및 다이버전스 가격 차트 저점1 저점2 ← 더 높은 저점! 가격 ↓ (더 낮음) RSI 지표 70 과매수 50 중립 30 과매도 20 RSI 저점1 (28) RSI 저점2 (32) RSI ↑ (더 높음) = 다이버전스! 🎯 매수 구간! ✅ 강세 다이버전스 (Bullish Divergence) 가격은 더 낮은 저점을 만들지만, RSI는 더 높은 저점 형성 의미: 하락 모멘텀 약"
121,2025-10-22T17:07:59+09:00,보조지표에 대한 이해 (초보자용),코인 강의(공부하기),https://mingogogo.tistory.com/121,indicator_feature,RSI,"0 RSI 저점1 (28) RSI 저점2 (32) RSI ↑ (더 높음) = 다이버전스! 🎯 매수 구간! ✅ 강세 다이버전스 (Bullish Divergence) 가격은 더 낮은 저점을 만들지만, RSI는 더 높은 저점 형성 의미: 하락 모멘텀 약화, 바닥 근처, 반등 임박! 신뢰도: ⭐⭐⭐⭐⭐ (매우 높음) 70+ 과매수 익절 고려 50 중립선 추세 전환점 30- 과매도 매수 준비 20-"
121,2025-10-22T17:07:59+09:00,보조지표에 대한 이해 (초보자용),코인 강의(공부하기),https://mingogogo.tistory.com/121,indicator_feature,RSI,"모멘텀 약화, 바닥 근처, 반등 임박! 신뢰도: ⭐⭐⭐⭐⭐ (매우 높음) 70+ 과매수 익절 고려 50 중립선 추세 전환점 30- 과매도 매수 준비 20- 극과매도 매수! ⭐ 바닥권 매수를 위한 RSI 활용법: 단순 과매도 매수: RSI 30 이하 진입 → 50 회복 시 매수 가장 기본적인 전략 하락 추세에서는 잘못된 신호 가능성 있음 다이버전스 활용 ⭐⭐: 강세 다이버전스: 가격은 더 낮"
121,2025-10-22T17:07:59+09:00,보조지표에 대한 이해 (초보자용),코인 강의(공부하기),https://mingogogo.tistory.com/121,indicator_feature,RSI,박! 신뢰도: ⭐⭐⭐⭐⭐ (매우 높음) 70+ 과매수 익절 고려 50 중립선 추세 전환점 30- 과매도 매수 준비 20- 극과매도 매수! ⭐ 바닥권 매수를 위한 RSI 활용법: 단순 과매도 매수: RSI 30 이하 진입 → 50 회복 시 매수 가장 기본적인 전략 하락 추세에서는 잘못된 신호 가능성 있음 다이버전스 활용 ⭐⭐: 강세 다이버전스: 가격은 더 낮은 저점을 만들지만 RSI는 더 높은
121,2025-10-22T17:07:59+09:00,보조지표에 대한 이해 (초보자용),코인 강의(공부하기),https://mingogogo.tistory.com/121,indicator_feature,RSI,과매도 매수: RSI 30 이하 진입 → 50 회복 시 매수 가장 기본적인 전략 하락 추세에서는 잘못된 신호 가능성 있음 다이버전스 활용 ⭐⭐: 강세 다이버전스: 가격은 더 낮은 저점을 만들지만 RSI는 더 높은 저점 형성 매도 압력이 약화되고 있다는 신호 바닥권 확인의 가장 신뢰할 수 있는 신호 중 하나 다이버전스 + RSI 30 이하 = 최고의 매수 시점 RSI 지지/저항: RSI 자체
121,2025-10-22T17:07:59+09:00,보조지표에 대한 이해 (초보자용),코인 강의(공부하기),https://mingogogo.tistory.com/121,indicator_feature,RSI,버전스 활용 ⭐⭐: 강세 다이버전스: 가격은 더 낮은 저점을 만들지만 RSI는 더 높은 저점 형성 매도 압력이 약화되고 있다는 신호 바닥권 확인의 가장 신뢰할 수 있는 신호 중 하나 다이버전스 + RSI 30 이하 = 최고의 매수 시점 RSI 지지/저항: RSI 자체에도 지지선과 저항선 존재 과거 RSI 저점(예: 25~30)에서 반복적으로 반등했다면 강한 지지 해당 RSI 구간 진입 시 매
121,2025-10-22T17:07:59+09:00,보조지표에 대한 이해 (초보자용),코인 강의(공부하기),https://mingogogo.tistory.com/121,indicator_feature,RSI,격은 더 낮은 저점을 만들지만 RSI는 더 높은 저점 형성 매도 압력이 약화되고 있다는 신호 바닥권 확인의 가장 신뢰할 수 있는 신호 중 하나 다이버전스 + RSI 30 이하 = 최고의 매수 시점 RSI 지지/저항: RSI 자체에도 지지선과 저항선 존재 과거 RSI 저점(예: 25~30)에서 반복적으로 반등했다면 강한 지지 해당 RSI 구간 진입 시 매수 기회 중심선(50) 돌파: RSI가
121,2025-10-22T17:07:59+09:00,보조지표에 대한 이해 (초보자용),코인 강의(공부하기),https://mingogogo.tistory.com/121,indicator_feature,RSI,만들지만 RSI는 더 높은 저점 형성 매도 압력이 약화되고 있다는 신호 바닥권 확인의 가장 신뢰할 수 있는 신호 중 하나 다이버전스 + RSI 30 이하 = 최고의 매수 시점 RSI 지지/저항: RSI 자체에도 지지선과 저항선 존재 과거 RSI 저점(예: 25~30)에서 반복적으로 반등했다면 강한 지지 해당 RSI 구간 진입 시 매수 기회 중심선(50) 돌파: RSI가 50을 상향 돌파 →
121,2025-10-22T17:07:59+09:00,보조지표에 대한 이해 (초보자용),코인 강의(공부하기),https://mingogogo.tistory.com/121,indicator_feature,RSI,압력이 약화되고 있다는 신호 바닥권 확인의 가장 신뢰할 수 있는 신호 중 하나 다이버전스 + RSI 30 이하 = 최고의 매수 시점 RSI 지지/저항: RSI 자체에도 지지선과 저항선 존재 과거 RSI 저점(예: 25~30)에서 반복적으로 반등했다면 강한 지지 해당 RSI 구간 진입 시 매수 기회 중심선(50) 돌파: RSI가 50을 상향 돌파 → 상승 모멘텀 전환 바닥권에서 매수 후 50
121,2025-10-22T17:07:59+09:00,보조지표에 대한 이해 (초보자용),코인 강의(공부하기),https://mingogogo.tistory.com/121,indicator_feature,RSI,중 하나 다이버전스 + RSI 30 이하 = 최고의 매수 시점 RSI 지지/저항: RSI 자체에도 지지선과 저항선 존재 과거 RSI 저점(예: 25~30)에서 반복적으로 반등했다면 강한 지지 해당 RSI 구간 진입 시 매수 기회 중심선(50) 돌파: RSI가 50을 상향 돌파 → 상승 모멘텀 전환 바닥권에서 매수 후 50 돌파 시 추가 매수 💡 RSI 다이버전스 실전 예시 비트코인 2023년
121,2025-10-22T17:07:59+09:00,보조지표에 대한 이해 (초보자용),코인 강의(공부하기),https://mingogogo.tistory.com/121,indicator_feature,RSI,"수 시점 RSI 지지/저항: RSI 자체에도 지지선과 저항선 존재 과거 RSI 저점(예: 25~30)에서 반복적으로 반등했다면 강한 지지 해당 RSI 구간 진입 시 매수 기회 중심선(50) 돌파: RSI가 50을 상향 돌파 → 상승 모멘텀 전환 바닥권에서 매수 후 50 돌파 시 추가 매수 💡 RSI 다이버전스 실전 예시 비트코인 2023년 11월 첫 번째 저점: $15,500 (RSI: 28"
121,2025-10-22T17:07:59+09:00,보조지표에 대한 이해 (초보자용),코인 강의(공부하기),https://mingogogo.tistory.com/121,indicator_feature,RSI,"0)에서 반복적으로 반등했다면 강한 지지 해당 RSI 구간 진입 시 매수 기회 중심선(50) 돌파: RSI가 50을 상향 돌파 → 상승 모멘텀 전환 바닥권에서 매수 후 50 돌파 시 추가 매수 💡 RSI 다이버전스 실전 예시 비트코인 2023년 11월 첫 번째 저점: $15,500 (RSI: 28) 반등 후 재하락 두 번째 저점: $15,200 (RSI: 35) 👈 다이버전스! 가격은 낮아졌"
121,2025-10-22T17:07:59+09:00,보조지표에 대한 이해 (초보자용),코인 강의(공부하기),https://mingogogo.tistory.com/121,indicator_feature,RSI,"0) 돌파: RSI가 50을 상향 돌파 → 상승 모멘텀 전환 바닥권에서 매수 후 50 돌파 시 추가 매수 💡 RSI 다이버전스 실전 예시 비트코인 2023년 11월 첫 번째 저점: $15,500 (RSI: 28) 반등 후 재하락 두 번째 저점: $15,200 (RSI: 35) 👈 다이버전스! 가격은 낮아졌지만 RSI는 높아짐 = 매도 압력 약화 결과: 이후 $25,000까지 상승 (60% 수"
121,2025-10-22T17:07:59+09:00,보조지표에 대한 이해 (초보자용),코인 강의(공부하기),https://mingogogo.tistory.com/121,indicator_feature,RSI,"권에서 매수 후 50 돌파 시 추가 매수 💡 RSI 다이버전스 실전 예시 비트코인 2023년 11월 첫 번째 저점: $15,500 (RSI: 28) 반등 후 재하락 두 번째 저점: $15,200 (RSI: 35) 👈 다이버전스! 가격은 낮아졌지만 RSI는 높아짐 = 매도 압력 약화 결과: 이후 $25,000까지 상승 (60% 수익) ✅ RSI 활용 팁: RSI는 횡보장이나 박스권에서 가장 효"
121,2025-10-22T17:07:59+09:00,보조지표에 대한 이해 (초보자용),코인 강의(공부하기),https://mingogogo.tistory.com/121,indicator_feature,RSI,"다이버전스 실전 예시 비트코인 2023년 11월 첫 번째 저점: $15,500 (RSI: 28) 반등 후 재하락 두 번째 저점: $15,200 (RSI: 35) 👈 다이버전스! 가격은 낮아졌지만 RSI는 높아짐 = 매도 압력 약화 결과: 이후 $25,000까지 상승 (60% 수익) ✅ RSI 활용 팁: RSI는 횡보장이나 박스권에서 가장 효과적 강한 추세장에서는 과매수/과매도 구간이 오래"
121,2025-10-22T17:07:59+09:00,보조지표에 대한 이해 (초보자용),코인 강의(공부하기),https://mingogogo.tistory.com/121,indicator_feature,RSI,"28) 반등 후 재하락 두 번째 저점: $15,200 (RSI: 35) 👈 다이버전스! 가격은 낮아졌지만 RSI는 높아짐 = 매도 압력 약화 결과: 이후 $25,000까지 상승 (60% 수익) ✅ RSI 활용 팁: RSI는 횡보장이나 박스권에서 가장 효과적 강한 추세장에서는 과매수/과매도 구간이 오래 유지될 수 있음 여러 시간대의 RSI를 함께 확인 (1시간, 4시간, 1일) RSI 단독보다"
121,2025-10-22T17:07:59+09:00,보조지표에 대한 이해 (초보자용),코인 강의(공부하기),https://mingogogo.tistory.com/121,indicator_feature,RSI,"하락 두 번째 저점: $15,200 (RSI: 35) 👈 다이버전스! 가격은 낮아졌지만 RSI는 높아짐 = 매도 압력 약화 결과: 이후 $25,000까지 상승 (60% 수익) ✅ RSI 활용 팁: RSI는 횡보장이나 박스권에서 가장 효과적 강한 추세장에서는 과매수/과매도 구간이 오래 유지될 수 있음 여러 시간대의 RSI를 함께 확인 (1시간, 4시간, 1일) RSI 단독보다는 다른 지표와 함"
121,2025-10-22T17:07:59+09:00,보조지표에 대한 이해 (초보자용),코인 강의(공부하기),https://mingogogo.tistory.com/121,indicator_feature,RSI,"약화 결과: 이후 $25,000까지 상승 (60% 수익) ✅ RSI 활용 팁: RSI는 횡보장이나 박스권에서 가장 효과적 강한 추세장에서는 과매수/과매도 구간이 오래 유지될 수 있음 여러 시간대의 RSI를 함께 확인 (1시간, 4시간, 1일) RSI 단독보다는 다른 지표와 함께 사용 4.3 MACD (Moving Average Convergence Divergence) 📊 MACD - 추세와"
121,2025-10-22T17:07:59+09:00,보조지표에 대한 이해 (초보자용),코인 강의(공부하기),https://mingogogo.tistory.com/121,indicator_feature,RSI,"% 수익) ✅ RSI 활용 팁: RSI는 횡보장이나 박스권에서 가장 효과적 강한 추세장에서는 과매수/과매도 구간이 오래 유지될 수 있음 여러 시간대의 RSI를 함께 확인 (1시간, 4시간, 1일) RSI 단독보다는 다른 지표와 함께 사용 4.3 MACD (Moving Average Convergence Divergence) 📊 MACD - 추세와 모멘텀의 결합 정의: 이동평균선을 기반으로 추"
121,2025-10-22T17:07:59+09:00,보조지표에 대한 이해 (초보자용),코인 강의(공부하기),https://mingogogo.tistory.com/121,indicator_feature,RSI,"타이밍 히스토그램 바닥 확인: 히스토그램이 극단적으로 마이너스 → 점차 줄어들기 시작 하락 모멘텀 소진 신호 바닥 근처 가능성 MACD 다이버전스: 가격은 더 낮은 저점, MACD는 더 높은 저점 RSI 다이버전스와 함께 나타나면 신뢰도 극대화 0선 돌파 확인: MACD가 0선을 상향 돌파하면 추세 전환 확정 바닥권 매수 후 추가 매수 시점 MACD 신호 의미 매수 타이밍 신뢰도 0선 아래"
121,2025-10-22T17:07:59+09:00,보조지표에 대한 이해 (초보자용),코인 강의(공부하기),https://mingogogo.tistory.com/121,indicator_feature,RSI,%D를 상향 돌파 매수 신호 (가장 신뢰도 높음) 50선 돌파: 중심선 50 상향 돌파 시 추가 매수 ⚠️ Stochastic 사용 시 주의점: 강한 추세장에서는 과매수/과매도 구간이 오래 지속 RSI보다 더 민감하여 단기 트레이딩에 유리 RSI와 함께 사용하면 확률 향상 5. 볼린저밴드 하단 매수 전략 ⭐⭐⭐ 🎯 당신이 선호하는 볼린저밴드 전략 볼린저밴드 하단은 통계적 과매도 구간 을 나
121,2025-10-22T17:07:59+09:00,보조지표에 대한 이해 (초보자용),코인 강의(공부하기),https://mingogogo.tistory.com/121,indicator_feature,RSI,"높음) 50선 돌파: 중심선 50 상향 돌파 시 추가 매수 ⚠️ Stochastic 사용 시 주의점: 강한 추세장에서는 과매수/과매도 구간이 오래 지속 RSI보다 더 민감하여 단기 트레이딩에 유리 RSI와 함께 사용하면 확률 향상 5. 볼린저밴드 하단 매수 전략 ⭐⭐⭐ 🎯 당신이 선호하는 볼린저밴드 전략 볼린저밴드 하단은 통계적 과매도 구간 을 나타내며,"
121,2025-10-22T17:07:59+09:00,보조지표에 대한 이해 (초보자용),코인 강의(공부하기),https://mingogogo.tistory.com/121,indicator_feature,RSI,따라서 하단밴드 터치는 통계적으로 저평가된 상태 를 의미합니다. 5.2 볼린저밴드 하단 매수 전략 전략 1: 기본 하단 터치 매수 진입 조건: 캔들이 하단밴드를 터치하거나 살짝 이탈 RSI 30 이하 (추가 확인) 거래량이 평균 이하로 감소 (매도 압력 소진) 이전에도 하단밴드에서 반등한 이력 있음 실행: 1차 매수: 하단밴드 터치 시 (30%) 2차 매수: 중심선 돌파 시 (
121,2025-10-22T17:07:59+09:00,보조지표에 대한 이해 (초보자용),코인 강의(공부하기),https://mingogogo.tistory.com/121,indicator_feature,RSI,강한 지지 신호로 해석합니다. 진입 조건: 첫 번째 하단 터치: 관찰 (아직 매수 X) 중심선으로 반등 두 번째 하단 터치: 첫 번째보다 높거나 비슷한 가격 RSI 다이버전스 발생 거래량이 첫 번째보다 감소 두 번째 터치 후 반등 시작: 매수 진입 ⭐ 장점: 바닥 확인 신뢰도가 매우 높음 가짜 신호 최소화 명확한 손절선 (두 번째 터치 저점 아래) 5.
121,2025-10-22T17:07:59+09:00,보조지표에 대한 이해 (초보자용),코인 강의(공부하기),https://mingogogo.tistory.com/121,indicator_feature,RSI,진입 ⭐ 장점: 바닥 확인 신뢰도가 매우 높음 가짜 신호 최소화 명확한 손절선 (두 번째 터치 저점 아래) 5.3 볼린저밴드 + 다른 지표 조합 (교차검증) 조합 매수 신호 신뢰도 특징 볼밴 + RSI 하단 터치 + RSI 30 이하 ⭐⭐⭐⭐ 가장 기본적이고 효과적 볼밴 + MACD 하단 터치 + MACD 골든크로스 ⭐⭐⭐⭐⭐ 추세 전환 확인 가능 볼밴 + Stochastic 하단 터치 +
121,2025-10-22T17:07:59+09:00,보조지표에 대한 이해 (초보자용),코인 강의(공부하기),https://mingogogo.tistory.com/121,indicator_feature,RSI,"확인 신뢰도가 매우 높음 가짜 신호 최소화 명확한 손절선 (두 번째 터치 저점 아래) 5.3 볼린저밴드 + 다른 지표 조합 (교차검증) 조합 매수 신호 신뢰도 특징 볼밴 + RSI 하단 터치 + RSI 30 이하 ⭐⭐⭐⭐ 가장 기본적이고 효과적 볼밴 + MACD 하단 터치 + MACD 골든크로스 ⭐⭐⭐⭐⭐ 추세 전환 확인 가능 볼밴 + Stochastic 하단 터치 + %K, %D < 20"
121,2025-10-22T17:07:59+09:00,보조지표에 대한 이해 (초보자용),코인 강의(공부하기),https://mingogogo.tistory.com/121,indicator_feature,RSI,"다. 이를 ""밴드를 걷는다""고 표현합니다. 이 경우: 매수를 서두르지 말 것 추세 전환 신호가 나올 때까지 대기 하단밴드 이탈 후 재진입 확인 거래량과 RSI 다이버전스를 반드시 확인 🕯️ 보너스: 바닥권 확인 캔들 패턴 단일 캔들이나 2~3개 캔들 조합으로 즉각적인 반등 가능성을 알려주는 패턴들 바닥권 반전 캔들 패턴 1. 망치형 (Hammer)"
121,2025-10-22T17:07:59+09:00,보조지표에 대한 이해 (초보자용),코인 강의(공부하기),https://mingogogo.tistory.com/121,indicator_feature,RSI,"추가 상승 확인 필수 매수 전략: • 패턴 완성 후 다음 캔들에서 진입 • 패턴 저점 아래에 손절선 설정 • 단독 사용 금지! 다른 지표와 교차검증 ⚠️ 중요: 캔들 패턴 + 볼린저밴드 하단 + RSI 과매도 + 거래량 급감 = 최고의 바닥권 신호! 6. 거래량 분석 마스터하기 ⭐⭐⭐ 📊 당신이 중요하게 생각하는 거래량 ""거래량은 가격에 선행한다"" 거래량은 시장 참여자들의 관심도와 확신을"
121,2025-10-22T17:07:59+09:00,보조지표에 대한 이해 (초보자용),코인 강의(공부하기),https://mingogogo.tistory.com/121,indicator_feature,RSI,: 평균의 150% 이상 • 신호: 급감 후 급증 + 가격 상승 = 바닥 확정! 확인 방법: 일거래량이 최근 20일 평균의 50% 이하 또는 최근 60일 중 최저 거래량 가격은 하락 또는 횡보 중 RSI 30 이하 동반 매수 전략: 1단계: 거래량 급감 확인 아직 매수하지 않음 (관찰만) 매수 준비 및 자금 확보 2단계: 거래량 급증 대기 극도로 낮은 거래량 후 갑자기 급증 평균의 150%
121,2025-10-22T17:07:59+09:00,보조지표에 대한 이해 (초보자용),코인 강의(공부하기),https://mingogogo.tistory.com/121,indicator_feature,RSI,매수 가능 (다음 단계에서 더 강한 신호 필요) 2개 이하: 매수 보류 (패턴 불명확) 2단계: 기술적 지표 확인 핵심 지표 체크: 지표 바닥권 신호 가중치 볼린저밴드 하단 터치 또는 근접 ⭐⭐⭐ RSI 30 이하 또는 다이버전스 ⭐⭐⭐⭐ MACD 0선 아래 골든크로스 ⭐⭐⭐⭐ Stochastic 20 이하에서 골든크로스 ⭐⭐ 이동평균선 골든크로스 형성 또는 임박 ⭐⭐⭐ 점수 시스템: ⭐⭐⭐
121,2025-10-22T17:07:59+09:00,보조지표에 대한 이해 (초보자용),코인 강의(공부하기),https://mingogogo.tistory.com/121,indicator_feature,RSI,"서 두 번 반등) ✅ 하락 추세선 돌파 시도 중 ✅ 350원 강한 지지선 ❌ 패턴 형성 기간 다소 짧음 (2주) 판정: 조건부 통과 2단계: 기술적 지표 (11점) 볼린저밴드: 하단 터치 → 3점 RSI: 28 + 다이버전스 → 4점 MACD: 골든크로스 형성 중 → 4점 Stochastic: %K, %D 모두 18 → 2점 (X) 이동평균선: 5일선이 20일선 돌파 예정 → 0점 판정: 1"
121,2025-10-22T17:07:59+09:00,보조지표에 대한 이해 (초보자용),코인 강의(공부하기),https://mingogogo.tistory.com/121,indicator_feature,RSI,"하는 구체적인 방법을 알아봅니다. 8.1 업비트 인터페이스 활용 📱 필수 설정 1. 차트 설정: 타임프레임: 1일봉 (주 분석용) + 4시간봉 (진입 타이밍) 지표 추가: 볼린저밴드 (20, 2) RSI (14) MACD (12, 26, 9) 이동평균선 (5, 20, 60, 120일) 거래량 막대 표시 2. 알림 설정: 가격 알림: 주요 지지/저항선 지표 알림: RSI 30 이하, 볼밴 하단"
121,2025-10-22T17:07:59+09:00,보조지표에 대한 이해 (초보자용),코인 강의(공부하기),https://mingogogo.tistory.com/121,indicator_feature,RSI,": 볼린저밴드 (20, 2) RSI (14) MACD (12, 26, 9) 이동평균선 (5, 20, 60, 120일) 거래량 막대 표시 2. 알림 설정: 가격 알림: 주요 지지/저항선 지표 알림: RSI 30 이하, 볼밴 하단 터치 거래량 알림: 평균 대비 150% 이상 3. 관심 종목 등록: 시가총액 상위 20개 본인이 관심 있는 프로젝트 최근 하락폭이 큰 코인 (바닥권 후보) 8.2 단계"
121,2025-10-22T17:07:59+09:00,보조지표에 대한 이해 (초보자용),코인 강의(공부하기),https://mingogogo.tistory.com/121,indicator_feature,RSI,개 후보 선정 2차 분석: 각 코인에 교차검증 시스템 적용 점수 계산 상위 2~3개 최종 선정 Step 2: 진입 (분할 매수) 1차 매수 (30~40%): 타이밍: 바닥권 확인 신호 발생 조건: RSI 30 이하 + 볼밴 하단 + 거래량 급감 주문: 지정가 주문 (현재가 -1~2%) 2차 매수 (30~40%): 타이밍: 반등 확인 후 조건: 거래량 증가 + RSI 40 회복 + MACD 골
121,2025-10-22T17:07:59+09:00,보조지표에 대한 이해 (초보자용),코인 강의(공부하기),https://mingogogo.tistory.com/121,indicator_feature,RSI,바닥권 확인 신호 발생 조건: RSI 30 이하 + 볼밴 하단 + 거래량 급감 주문: 지정가 주문 (현재가 -1~2%) 2차 매수 (30~40%): 타이밍: 반등 확인 후 조건: 거래량 증가 + RSI 40 회복 + MACD 골든크로스 주문: 시장가 또는 즉시 체결 가능한 지정가 3차 매수 (20~30%): 타이밍: 추세 전환 확정 조건: 주요 저항선 돌파 + 거래량 지속 증가 주문: 시장
121,2025-10-22T17:07:59+09:00,보조지표에 대한 이해 (초보자용),코인 강의(공부하기),https://mingogogo.tistory.com/121,indicator_feature,RSI,"극도의 공포 (공포탐욕지수 20대) ""비트코인 끝났다"" 분위기 교차검증 결과: 항목 상태 점수 차트 패턴 더블바텀 형성 ($15,500 두 번 터치) ✅ 볼린저밴드 하단 터치 후 중심선 돌파 3점 RSI 27 → 45 (강세 다이버전스) 4점 MACD 0선 아래 골든크로스 4점 거래량 바닥에서 급감 → 반등 시 급증 ✅ OBV 다이버전스 (가격↓ OBV↑) ✅ 총점: 11점 (강한 매수 신호"
121,2025-10-22T17:07:59+09:00,보조지표에 대한 이해 (초보자용),코인 강의(공부하기),https://mingogogo.tistory.com/121,indicator_feature,RSI,"1,500 → $2,000 상황: 상하이 업그레이드 이후 조정 $1,500~$1,800 박스권 횡보 3개월 서서히 U자 바닥 형성 분석: 패턴: 전형적인 라운딩 바텀 거래량: 횡보 중 극도로 감소 RSI: 30~50 사이 횡보 (저평가 구간 유지) 볼밴: 스퀴즈 발생 (밴드폭 최소) 매수 타이밍: $1,550: U자 바닥 중앙 (20%) $1,650: 상승 시작 (30%) $1,750: 볼밴"
121,2025-10-22T17:07:59+09:00,보조지표에 대한 이해 (초보자용),코인 강의(공부하기),https://mingogogo.tistory.com/121,indicator_feature,RSI,"한 교훈 상황: SOL $17 → $12 급락 (1주일) $12에서 급반등 시작 ""V자 바닥이다!"" 판단 잘못된 판단: 교차검증 없이 급등만 보고 진입 거래량 확인 안 함 (사실은 감소 중이었음) RSI 다이버전스 없음 손절선 미설정 결과: $14에 매수 Dead Cat Bounce (죽은 고양이 튀기기)였음 다시 $10까지 하락 손절 못하고 -28% 손실 🚨 교훈: V자는 가장 예측하기 어"
121,2025-10-22T17:07:59+09:00,보조지표에 대한 이해 (초보자용),코인 강의(공부하기),https://mingogogo.tistory.com/121,indicator_feature,MACD,가를 훨씬 초과하는 경우가 많습니다! 4. 핵심 기술적 지표 차트 패턴만으로는 부족합니다. 기술적 지표를 함께 사용하여 교차검증 하는 것이 성공 확률을 높입니다. 📊 추세 지표 이동평균선 (MA) MACD ADX 💪 모멘텀 지표 RSI Stochastic CCI 📉 변동성 지표 볼린저밴드 ATR Keltner Channel 📈 거래량 지표 거래량 OBV 누적/분산 4.1 이동평균선 (Movi
121,2025-10-22T17:07:59+09:00,보조지표에 대한 이해 (초보자용),코인 강의(공부하기),https://mingogogo.tistory.com/121,indicator_feature,MACD,"나 박스권에서 가장 효과적 강한 추세장에서는 과매수/과매도 구간이 오래 유지될 수 있음 여러 시간대의 RSI를 함께 확인 (1시간, 4시간, 1일) RSI 단독보다는 다른 지표와 함께 사용 4.3 MACD (Moving Average Convergence Divergence) 📊 MACD - 추세와 모멘텀의 결합 정의: 이동평균선을 기반으로 추세와 모멘텀을 동시에 파악하는 지표입니다."
121,2025-10-22T17:07:59+09:00,보조지표에 대한 이해 (초보자용),코인 강의(공부하기),https://mingogogo.tistory.com/121,indicator_feature,MACD,"음 여러 시간대의 RSI를 함께 확인 (1시간, 4시간, 1일) RSI 단독보다는 다른 지표와 함께 사용 4.3 MACD (Moving Average Convergence Divergence) 📊 MACD - 추세와 모멘텀의 결합 정의: 이동평균선을 기반으로 추세와 모멘텀을 동시에 파악하는 지표입니다. 세 개의 요소로 구성됩니다. 구성 요소: MA"
121,2025-10-22T17:07:59+09:00,보조지표에 대한 이해 (초보자용),코인 강의(공부하기),https://mingogogo.tistory.com/121,indicator_feature,MACD,📊 MACD - 추세와 모멘텀의 결합 정의: 이동평균선을 기반으로 추세와 모멘텀을 동시에 파악하는 지표입니다. 세 개의 요소로 구성됩니다. 구성 요소: MACD선: 12일 EMA - 26일 EMA Signal선: MACD선의 9일 EMA 히스토그램: MACD선 - Signal선 📊 MACD 구조 및 시그널 가격 차트 가격 바닥 MACD 지표 0선
121,2025-10-22T17:07:59+09:00,보조지표에 대한 이해 (초보자용),코인 강의(공부하기),https://mingogogo.tistory.com/121,indicator_feature,MACD,으로 추세와 모멘텀을 동시에 파악하는 지표입니다. 세 개의 요소로 구성됩니다. 구성 요소: MACD선: 12일 EMA - 26일 EMA Signal선: MACD선의 9일 EMA 히스토그램: MACD선 - Signal선 📊 MACD 구조 및 시그널 가격 차트 가격 바닥 MACD 지표 0선 MACD선 Signal선 골든크로스 ⭐ 매수 신호! 0선 돌파
121,2025-10-22T17:07:59+09:00,보조지표에 대한 이해 (초보자용),코인 강의(공부하기),https://mingogogo.tistory.com/121,indicator_feature,MACD,지표입니다. 세 개의 요소로 구성됩니다. 구성 요소: MACD선: 12일 EMA - 26일 EMA Signal선: MACD선의 9일 EMA 히스토그램: MACD선 - Signal선 📊 MACD 구조 및 시그널 가격 차트 가격 바닥 MACD 지표 0선 MACD선 Signal선 골든크로스 ⭐ 매수 신호! 0선 돌파 추세 전환 확정! 히스토그램 = MA
121,2025-10-22T17:07:59+09:00,보조지표에 대한 이해 (초보자용),코인 강의(공부하기),https://mingogogo.tistory.com/121,indicator_feature,MACD,세 개의 요소로 구성됩니다. 구성 요소: MACD선: 12일 EMA - 26일 EMA Signal선: MACD선의 9일 EMA 히스토그램: MACD선 - Signal선 📊 MACD 구조 및 시그널 가격 차트 가격 바닥 MACD 지표 0선 MACD선 Signal선 골든크로스 ⭐ 매수 신호! 0선 돌파 추세 전환 확정! 히스토그램 = MACD선 - Signal선 음수(빨
121,2025-10-22T17:07:59+09:00,보조지표에 대한 이해 (초보자용),코인 강의(공부하기),https://mingogogo.tistory.com/121,indicator_feature,MACD,니다. 구성 요소: MACD선: 12일 EMA - 26일 EMA Signal선: MACD선의 9일 EMA 히스토그램: MACD선 - Signal선 📊 MACD 구조 및 시그널 가격 차트 가격 바닥 MACD 지표 0선 MACD선 Signal선 골든크로스 ⭐ 매수 신호! 0선 돌파 추세 전환 확정! 히스토그램 = MACD선 - Signal선 음수(빨강) = 하락 모멘텀 양수(초록) = 상승 모멘
121,2025-10-22T17:07:59+09:00,보조지표에 대한 이해 (초보자용),코인 강의(공부하기),https://mingogogo.tistory.com/121,indicator_feature,MACD,MACD선: 12일 EMA - 26일 EMA Signal선: MACD선의 9일 EMA 히스토그램: MACD선 - Signal선 📊 MACD 구조 및 시그널 가격 차트 가격 바닥 MACD 지표 0선 MACD선 Signal선 골든크로스 ⭐ 매수 신호! 0선 돌파 추세 전환 확정! 히스토그램 = MACD선 - Signal선 음수(빨강) = 하락 모멘텀 양수(초록) = 상승 모멘텀 ✅ 매수 신호 1
121,2025-10-22T17:07:59+09:00,보조지표에 대한 이해 (초보자용),코인 강의(공부하기),https://mingogogo.tistory.com/121,indicator_feature,MACD,: MACD선 - Signal선 📊 MACD 구조 및 시그널 가격 차트 가격 바닥 MACD 지표 0선 MACD선 Signal선 골든크로스 ⭐ 매수 신호! 0선 돌파 추세 전환 확정! 히스토그램 = MACD선 - Signal선 음수(빨강) = 하락 모멘텀 양수(초록) = 상승 모멘텀 ✅ 매수 신호 1️⃣ MACD선 > Signal선 (골든크로스) 2️⃣ 히스토그램 양수 전환 3️⃣ 0선 상향
121,2025-10-22T17:07:59+09:00,보조지표에 대한 이해 (초보자용),코인 강의(공부하기),https://mingogogo.tistory.com/121,indicator_feature,MACD,D선 Signal선 골든크로스 ⭐ 매수 신호! 0선 돌파 추세 전환 확정! 히스토그램 = MACD선 - Signal선 음수(빨강) = 하락 모멘텀 양수(초록) = 상승 모멘텀 ✅ 매수 신호 1️⃣ MACD선 > Signal선 (골든크로스) 2️⃣ 히스토그램 양수 전환 3️⃣ 0선 상향 돌파 (강력!) ❌ 매도 신호 1️⃣ MACD선 < Signal선 (데드크로스) 2️⃣ 히스토그램 음수 전환
121,2025-10-22T17:07:59+09:00,보조지표에 대한 이해 (초보자용),코인 강의(공부하기),https://mingogogo.tistory.com/121,indicator_feature,MACD,) = 하락 모멘텀 양수(초록) = 상승 모멘텀 ✅ 매수 신호 1️⃣ MACD선 > Signal선 (골든크로스) 2️⃣ 히스토그램 양수 전환 3️⃣ 0선 상향 돌파 (강력!) ❌ 매도 신호 1️⃣ MACD선 < Signal선 (데드크로스) 2️⃣ 히스토그램 음수 전환 3️⃣ 0선 하향 돌파 (약세 확정) 💡 바닥권 매수 최적 타이밍 1단계: 0선 아래에서 골든크로스 발생 → 1차 매수 (30
121,2025-10-22T17:07:59+09:00,보조지표에 대한 이해 (초보자용),코인 강의(공부하기),https://mingogogo.tistory.com/121,indicator_feature,MACD,에서 골든크로스 발생 → 1차 매수 (30%) 2단계: 히스토그램 증가 지속 → 2차 매수 (30%) 3단계: 0선 상향 돌파 → 3차 매수 (40%) 손절: 데드크로스 발생 시 즉시 해석 방법: MACD선이 Signal선 상향 돌파: 매수 신호 MACD선이 Signal선 하향 돌파: 매도 신호 MACD가 0선 상향 돌파: 강한 상승 추세 MACD가 0선 하향 돌파: 하락 추세 히스토그램 증
121,2025-10-22T17:07:59+09:00,보조지표에 대한 이해 (초보자용),코인 강의(공부하기),https://mingogogo.tistory.com/121,indicator_feature,MACD,계: 히스토그램 증가 지속 → 2차 매수 (30%) 3단계: 0선 상향 돌파 → 3차 매수 (40%) 손절: 데드크로스 발생 시 즉시 해석 방법: MACD선이 Signal선 상향 돌파: 매수 신호 MACD선이 Signal선 하향 돌파: 매도 신호 MACD가 0선 상향 돌파: 강한 상승 추세 MACD가 0선 하향 돌파: 하락 추세 히스토그램 증가: 모멘텀 강화 히스토그램 감소: 모멘텀 약화 바
121,2025-10-22T17:07:59+09:00,보조지표에 대한 이해 (초보자용),코인 강의(공부하기),https://mingogogo.tistory.com/121,indicator_feature,MACD,3단계: 0선 상향 돌파 → 3차 매수 (40%) 손절: 데드크로스 발생 시 즉시 해석 방법: MACD선이 Signal선 상향 돌파: 매수 신호 MACD선이 Signal선 하향 돌파: 매도 신호 MACD가 0선 상향 돌파: 강한 상승 추세 MACD가 0선 하향 돌파: 하락 추세 히스토그램 증가: 모멘텀 강화 히스토그램 감소: 모멘텀 약화 바닥권 매수를 위한 MACD 활용: 0선 아래에서 골
121,2025-10-22T17:07:59+09:00,보조지표에 대한 이해 (초보자용),코인 강의(공부하기),https://mingogogo.tistory.com/121,indicator_feature,MACD,0%) 손절: 데드크로스 발생 시 즉시 해석 방법: MACD선이 Signal선 상향 돌파: 매수 신호 MACD선이 Signal선 하향 돌파: 매도 신호 MACD가 0선 상향 돌파: 강한 상승 추세 MACD가 0선 하향 돌파: 하락 추세 히스토그램 증가: 모멘텀 강화 히스토그램 감소: 모멘텀 약화 바닥권 매수를 위한 MACD 활용: 0선 아래에서 골든크로스 ⭐: 하락 추세 중 MACD선이 Si
121,2025-10-22T17:07:59+09:00,보조지표에 대한 이해 (초보자용),코인 강의(공부하기),https://mingogogo.tistory.com/121,indicator_feature,MACD,nal선 하향 돌파: 매도 신호 MACD가 0선 상향 돌파: 강한 상승 추세 MACD가 0선 하향 돌파: 하락 추세 히스토그램 증가: 모멘텀 강화 히스토그램 감소: 모멘텀 약화 바닥권 매수를 위한 MACD 활용: 0선 아래에서 골든크로스 ⭐: 하락 추세 중 MACD선이 Signal선 상향 돌파 바닥권 반등 시작 신호 가장 이상적인 매수 타이밍 히스토그램 바닥 확인: 히스토그램이 극단적으로 마
121,2025-10-22T17:07:59+09:00,보조지표에 대한 이해 (초보자용),코인 강의(공부하기),https://mingogogo.tistory.com/121,indicator_feature,MACD,강한 상승 추세 MACD가 0선 하향 돌파: 하락 추세 히스토그램 증가: 모멘텀 강화 히스토그램 감소: 모멘텀 약화 바닥권 매수를 위한 MACD 활용: 0선 아래에서 골든크로스 ⭐: 하락 추세 중 MACD선이 Signal선 상향 돌파 바닥권 반등 시작 신호 가장 이상적인 매수 타이밍 히스토그램 바닥 확인: 히스토그램이 극단적으로 마이너스 → 점차 줄어들기 시작 하락 모멘텀 소진 신호 바닥 근
121,2025-10-22T17:07:59+09:00,보조지표에 대한 이해 (초보자용),코인 강의(공부하기),https://mingogogo.tistory.com/121,indicator_feature,MACD,"Signal선 상향 돌파 바닥권 반등 시작 신호 가장 이상적인 매수 타이밍 히스토그램 바닥 확인: 히스토그램이 극단적으로 마이너스 → 점차 줄어들기 시작 하락 모멘텀 소진 신호 바닥 근처 가능성 MACD 다이버전스: 가격은 더 낮은 저점, MACD는 더 높은 저점 RSI 다이버전스와 함께 나타나면 신뢰도 극대화 0선 돌파 확인: MACD가 0선을 상향 돌파하면 추세 전환 확정 바닥권 매수"
121,2025-10-22T17:07:59+09:00,보조지표에 대한 이해 (초보자용),코인 강의(공부하기),https://mingogogo.tistory.com/121,indicator_feature,MACD,"신호 가장 이상적인 매수 타이밍 히스토그램 바닥 확인: 히스토그램이 극단적으로 마이너스 → 점차 줄어들기 시작 하락 모멘텀 소진 신호 바닥 근처 가능성 MACD 다이버전스: 가격은 더 낮은 저점, MACD는 더 높은 저점 RSI 다이버전스와 함께 나타나면 신뢰도 극대화 0선 돌파 확인: MACD가 0선을 상향 돌파하면 추세 전환 확정 바닥권 매수 후 추가 매수 시점 MACD 신호 의미 매수"
121,2025-10-22T17:07:59+09:00,보조지표에 대한 이해 (초보자용),코인 강의(공부하기),https://mingogogo.tistory.com/121,indicator_feature,MACD,"점차 줄어들기 시작 하락 모멘텀 소진 신호 바닥 근처 가능성 MACD 다이버전스: 가격은 더 낮은 저점, MACD는 더 높은 저점 RSI 다이버전스와 함께 나타나면 신뢰도 극대화 0선 돌파 확인: MACD가 0선을 상향 돌파하면 추세 전환 확정 바닥권 매수 후 추가 매수 시점 MACD 신호 의미 매수 타이밍 신뢰도 0선 아래 골든크로스 바닥권 반등 시작 1차 매수 (30%) ⭐⭐⭐ 히스토그램"
121,2025-10-22T17:07:59+09:00,보조지표에 대한 이해 (초보자용),코인 강의(공부하기),https://mingogogo.tistory.com/121,indicator_feature,MACD,"가격은 더 낮은 저점, MACD는 더 높은 저점 RSI 다이버전스와 함께 나타나면 신뢰도 극대화 0선 돌파 확인: MACD가 0선을 상향 돌파하면 추세 전환 확정 바닥권 매수 후 추가 매수 시점 MACD 신호 의미 매수 타이밍 신뢰도 0선 아래 골든크로스 바닥권 반등 시작 1차 매수 (30%) ⭐⭐⭐ 히스토그램 증가 전환 모멘텀 강화 2차 매수 (30%) ⭐⭐ 0선 돌파 추세 전환 확정 3"
121,2025-10-22T17:07:59+09:00,보조지표에 대한 이해 (초보자용),코인 강의(공부하기),https://mingogogo.tistory.com/121,indicator_feature,MACD,"(두 번째 터치 저점 아래) 5.3 볼린저밴드 + 다른 지표 조합 (교차검증) 조합 매수 신호 신뢰도 특징 볼밴 + RSI 하단 터치 + RSI 30 이하 ⭐⭐⭐⭐ 가장 기본적이고 효과적 볼밴 + MACD 하단 터치 + MACD 골든크로스 ⭐⭐⭐⭐⭐ 추세 전환 확인 가능 볼밴 + Stochastic 하단 터치 + %K, %D < 20 ⭐⭐⭐ 단기 트레이딩에 유리 볼밴 + 거래량 하단 터치 +"
121,2025-10-22T17:07:59+09:00,보조지표에 대한 이해 (초보자용),코인 강의(공부하기),https://mingogogo.tistory.com/121,indicator_feature,MACD,"래) 5.3 볼린저밴드 + 다른 지표 조합 (교차검증) 조합 매수 신호 신뢰도 특징 볼밴 + RSI 하단 터치 + RSI 30 이하 ⭐⭐⭐⭐ 가장 기본적이고 효과적 볼밴 + MACD 하단 터치 + MACD 골든크로스 ⭐⭐⭐⭐⭐ 추세 전환 확인 가능 볼밴 + Stochastic 하단 터치 + %K, %D < 20 ⭐⭐⭐ 단기 트레이딩에 유리 볼밴 + 거래량 하단 터치 + 거래량 급감 ⭐⭐⭐⭐"
121,2025-10-22T17:07:59+09:00,보조지표에 대한 이해 (초보자용),코인 강의(공부하기),https://mingogogo.tistory.com/121,indicator_feature,MACD,요) 2개 이하: 매수 보류 (패턴 불명확) 2단계: 기술적 지표 확인 핵심 지표 체크: 지표 바닥권 신호 가중치 볼린저밴드 하단 터치 또는 근접 ⭐⭐⭐ RSI 30 이하 또는 다이버전스 ⭐⭐⭐⭐ MACD 0선 아래 골든크로스 ⭐⭐⭐⭐ Stochastic 20 이하에서 골든크로스 ⭐⭐ 이동평균선 골든크로스 형성 또는 임박 ⭐⭐⭐ 점수 시스템: ⭐⭐⭐⭐ 신호: 각 4점 ⭐⭐⭐ 신호: 각 3점
121,2025-10-22T17:07:59+09:00,보조지표에 대한 이해 (초보자용),코인 강의(공부하기),https://mingogogo.tistory.com/121,indicator_feature,MACD,"시도 중 ✅ 350원 강한 지지선 ❌ 패턴 형성 기간 다소 짧음 (2주) 판정: 조건부 통과 2단계: 기술적 지표 (11점) 볼린저밴드: 하단 터치 → 3점 RSI: 28 + 다이버전스 → 4점 MACD: 골든크로스 형성 중 → 4점 Stochastic: %K, %D 모두 18 → 2점 (X) 이동평균선: 5일선이 20일선 돌파 예정 → 0점 판정: 11점 - 강한 신호 3단계: 거래량 및"
121,2025-10-22T17:07:59+09:00,보조지표에 대한 이해 (초보자용),코인 강의(공부하기),https://mingogogo.tistory.com/121,indicator_feature,MACD,"법을 알아봅니다. 8.1 업비트 인터페이스 활용 📱 필수 설정 1. 차트 설정: 타임프레임: 1일봉 (주 분석용) + 4시간봉 (진입 타이밍) 지표 추가: 볼린저밴드 (20, 2) RSI (14) MACD (12, 26, 9) 이동평균선 (5, 20, 60, 120일) 거래량 막대 표시 2. 알림 설정: 가격 알림: 주요 지지/저항선 지표 알림: RSI 30 이하, 볼밴 하단 터치 거래량 알"
121,2025-10-22T17:07:59+09:00,보조지표에 대한 이해 (초보자용),코인 강의(공부하기),https://mingogogo.tistory.com/121,indicator_feature,MACD,생 조건: RSI 30 이하 + 볼밴 하단 + 거래량 급감 주문: 지정가 주문 (현재가 -1~2%) 2차 매수 (30~40%): 타이밍: 반등 확인 후 조건: 거래량 증가 + RSI 40 회복 + MACD 골든크로스 주문: 시장가 또는 즉시 체결 가능한 지정가 3차 매수 (20~30%): 타이밍: 추세 전환 확정 조건: 주요 저항선 돌파 + 거래량 지속 증가 주문: 시장가 (기회 놓치지 않기
121,2025-10-22T17:07:59+09:00,보조지표에 대한 이해 (초보자용),코인 강의(공부하기),https://mingogogo.tistory.com/121,indicator_feature,MACD,"끝났다"" 분위기 교차검증 결과: 항목 상태 점수 차트 패턴 더블바텀 형성 ($15,500 두 번 터치) ✅ 볼린저밴드 하단 터치 후 중심선 돌파 3점 RSI 27 → 45 (강세 다이버전스) 4점 MACD 0선 아래 골든크로스 4점 거래량 바닥에서 급감 → 반등 시 급증 ✅ OBV 다이버전스 (가격↓ OBV↑) ✅ 총점: 11점 (강한 매수 신호) 실전 매수 전략: 1차: $16,000 (더"
121,2025-10-22T17:07:59+09:00,보조지표에 대한 이해 (초보자용),코인 강의(공부하기),https://mingogogo.tistory.com/121,indicator_feature,CCI,차트 패턴만으로는 부족합니다. 기술적 지표를 함께 사용하여 교차검증 하는 것이 성공 확률을 높입니다. 📊 추세 지표 이동평균선 (MA) MACD ADX 💪 모멘텀 지표 RSI Stochastic CCI 📉 변동성 지표 볼린저밴드 ATR Keltner Channel 📈 거래량 지표 거래량 OBV 누적/분산 4.1 이동평균선 (Moving Average) 📈 이동평균선의 이해 정의: 일정 기간
121,2025-10-22T17:07:59+09:00,보조지표에 대한 이해 (초보자용),코인 강의(공부하기),https://mingogogo.tistory.com/121,indicator_feature,OBV,위 이내 2️⃣ 차트 패턴 패턴 확인 • 더블바텀? • 역 헤드앤숄더? 3️⃣ 기술적 지표 지표 교차검증 • 볼밴 하단? • RSI < 30? 4️⃣ 거래량 분석 거래량 확인 • 거래량 급감? • OBV 다이버전스? 5️⃣ 점수 계산 교차검증 점수 12점 이상? ? NO ❌ 매수 보류 YES 6️⃣ 분할 매수 실행 1차: 바닥 확인 (30-40%) 2차: 반등 확인 (30-40%) 3차: 돌
121,2025-10-22T17:07:59+09:00,보조지표에 대한 이해 (초보자용),코인 강의(공부하기),https://mingogogo.tistory.com/121,indicator_feature,OBV,"높입니다. 📊 추세 지표 이동평균선 (MA) MACD ADX 💪 모멘텀 지표 RSI Stochastic CCI 📉 변동성 지표 볼린저밴드 ATR Keltner Channel 📈 거래량 지표 거래량 OBV 누적/분산 4.1 이동평균선 (Moving Average) 📈 이동평균선의 이해 정의: 일정 기간의 종가를 평균내어 선으로 표시한 지표로, 가격의"
121,2025-10-22T17:07:59+09:00,보조지표에 대한 이해 (초보자용),코인 강의(공부하기),https://mingogogo.tistory.com/121,indicator_feature,OBV,"라이맥스 매수 주의사항: 진짜 클라이맥스인지 확인 필요 (때로는 추가 하락 가능) 소량만 투입 (전체의 20~30%) 엄격한 손절선 설정 (-5~7%) 다음 날 추가 하락 시 즉시 손절 패턴 3: OBV (On-Balance Volume) 다이버전스 OBV란? 거래량의 누적 지표로, 가격이 상승한 날의 거래량은 더하고 하락한 날의 거래량은 빼서 계"
121,2025-10-22T17:07:59+09:00,보조지표에 대한 이해 (초보자용),코인 강의(공부하기),https://mingogogo.tistory.com/121,indicator_feature,OBV,"(때로는 추가 하락 가능) 소량만 투입 (전체의 20~30%) 엄격한 손절선 설정 (-5~7%) 다음 날 추가 하락 시 즉시 손절 패턴 3: OBV (On-Balance Volume) 다이버전스 OBV란? 거래량의 누적 지표로, 가격이 상승한 날의 거래량은 더하고 하락한 날의 거래량은 빼서 계산합니다. OBV(오늘) = OBV(어제) + 오늘 거"
121,2025-10-22T17:07:59+09:00,보조지표에 대한 이해 (초보자용),코인 강의(공부하기),https://mingogogo.tistory.com/121,indicator_feature,OBV,"n-Balance Volume) 다이버전스 OBV란? 거래량의 누적 지표로, 가격이 상승한 날의 거래량은 더하고 하락한 날의 거래량은 빼서 계산합니다. OBV(오늘) = OBV(어제) + 오늘 거래량 (가격 상승 시) OBV(오늘) = OBV(어제) - 오늘 거래량 (가격 하락 시) 강세 다이버전스 (Bullish Divergence) ⭐: 현상:"
121,2025-10-22T17:07:59+09:00,보조지표에 대한 이해 (초보자용),코인 강의(공부하기),https://mingogogo.tistory.com/121,indicator_feature,OBV,"Volume) 다이버전스 OBV란? 거래량의 누적 지표로, 가격이 상승한 날의 거래량은 더하고 하락한 날의 거래량은 빼서 계산합니다. OBV(오늘) = OBV(어제) + 오늘 거래량 (가격 상승 시) OBV(오늘) = OBV(어제) - 오늘 거래량 (가격 하락 시) 강세 다이버전스 (Bullish Divergence) ⭐: 현상: 가격은 더 낮은"
121,2025-10-22T17:07:59+09:00,보조지표에 대한 이해 (초보자용),코인 강의(공부하기),https://mingogogo.tistory.com/121,indicator_feature,OBV,"지표로, 가격이 상승한 날의 거래량은 더하고 하락한 날의 거래량은 빼서 계산합니다. OBV(오늘) = OBV(어제) + 오늘 거래량 (가격 상승 시) OBV(오늘) = OBV(어제) - 오늘 거래량 (가격 하락 시) 강세 다이버전스 (Bullish Divergence) ⭐: 현상: 가격은 더 낮은 저점을 만들지만, OBV는 더 높은 저점 형성 의"
121,2025-10-22T17:07:59+09:00,보조지표에 대한 이해 (초보자용),코인 강의(공부하기),https://mingogogo.tistory.com/121,indicator_feature,OBV,"상승한 날의 거래량은 더하고 하락한 날의 거래량은 빼서 계산합니다. OBV(오늘) = OBV(어제) + 오늘 거래량 (가격 상승 시) OBV(오늘) = OBV(어제) - 오늘 거래량 (가격 하락 시) 강세 다이버전스 (Bullish Divergence) ⭐: 현상: 가격은 더 낮은 저점을 만들지만, OBV는 더 높은 저점 형성 의미: 가격은 하락하"
121,2025-10-22T17:07:59+09:00,보조지표에 대한 이해 (초보자용),코인 강의(공부하기),https://mingogogo.tistory.com/121,indicator_feature,OBV,"오늘 거래량 (가격 상승 시) OBV(오늘) = OBV(어제) - 오늘 거래량 (가격 하락 시) 강세 다이버전스 (Bullish Divergence) ⭐: 현상: 가격은 더 낮은 저점을 만들지만, OBV는 더 높은 저점 형성 의미: 가격은 하락하지만 매수 거래량이 증가 중 해석: 스마트 머니가 저가에 매집 중, 바닥 임박 신뢰도: 매우 높음 (⭐⭐⭐⭐⭐) 매수 전략: 가격 차트와 OBV 차트"
121,2025-10-22T17:07:59+09:00,보조지표에 대한 이해 (초보자용),코인 강의(공부하기),https://mingogogo.tistory.com/121,indicator_feature,OBV,"만들지만, OBV는 더 높은 저점 형성 의미: 가격은 하락하지만 매수 거래량이 증가 중 해석: 스마트 머니가 저가에 매집 중, 바닥 임박 신뢰도: 매우 높음 (⭐⭐⭐⭐⭐) 매수 전략: 가격 차트와 OBV 차트를 동시에 표시 가격의 저점과 OBV의 저점 비교 다이버전스 확인 시 1차 매수 (30%) 가격 반등 시작 시 2차 매수 (40%) 추세 전환 확정 시 3차 매수 (30%) 6.3 업비트"
121,2025-10-22T17:07:59+09:00,보조지표에 대한 이해 (초보자용),코인 강의(공부하기),https://mingogogo.tistory.com/121,indicator_feature,OBV,"미: 가격은 하락하지만 매수 거래량이 증가 중 해석: 스마트 머니가 저가에 매집 중, 바닥 임박 신뢰도: 매우 높음 (⭐⭐⭐⭐⭐) 매수 전략: 가격 차트와 OBV 차트를 동시에 표시 가격의 저점과 OBV의 저점 비교 다이버전스 확인 시 1차 매수 (30%) 가격 반등 시작 시 2차 매수 (40%) 추세 전환 확정 시 3차 매수 (30%) 6.3 업비트에서 거래량 활용하기 업비트 거래량 분석"
121,2025-10-22T17:07:59+09:00,보조지표에 대한 이해 (초보자용),코인 강의(공부하기),https://mingogogo.tistory.com/121,indicator_feature,OBV,"카운트 → 프리미엄 전환 시 상승 신호 ✅ 거래량 분석 마스터 체크리스트 거래량 없는 가격 움직임은 신뢰도가 낮음 바닥권에서는 거래량 급감 → 급증 패턴 주목 클라이맥스 거래량은 종종 바닥을 의미 OBV 다이버전스는 가장 신뢰할 수 있는 신호 중 하나 가격과 거래량은 항상 함께 분석 업비트 특화 지표(체결강도, 프리미엄)도 적극 활용 7. 교차검증 시스템 🎯 🔍 왜 교차검증이 필요한가? 단일"
121,2025-10-22T17:07:59+09:00,보조지표에 대한 이해 (초보자용),코인 강의(공부하기),https://mingogogo.tistory.com/121,indicator_feature,OBV,"신호 (조건부 매수) 5점 이하: 약한 신호 (매수 보류) 3단계: 거래량 및 시장 환경 확인 거래량 체크: 바닥에서 거래량 급감 (매도 압력 소진) 반등 시작 시 거래량 급증 (매수 압력 유입) OBV 다이버전스 또는 상승 추세 시장 환경 체크: 비트코인 추세 확인 (비트코인 상승 → 알트코인 상승 가능성 ↑) 주요 악재 없음 (규제, 해킹, 거래소 이슈 등) 시장 전체 심리 확인 (공포탐"
121,2025-10-22T17:07:59+09:00,보조지표에 대한 이해 (초보자용),코인 강의(공부하기),https://mingogogo.tistory.com/121,indicator_feature,OBV,5일선이 20일선 돌파 예정 → 0점 판정: 11점 - 강한 신호 3단계: 거래량 및 시장 환경 거래량: ✅ 350원에서 거래량 급감 (평균의 40%) ✅ 반등 시작 시 거래량 150% 증가 ✅ OBV 상승 다이버전스 시장 환경: ✅ BTC 안정적 (횡보 중) ✅ 특별한 악재 없음 ❌ 공포탐욕지수 35 (공포) ✅ 업비트 프리미엄 0.5% (중립) 판정: 양호 (6/7 체크) 최종 결정:
121,2025-10-22T17:07:59+09:00,보조지표에 대한 이해 (초보자용),코인 강의(공부하기),https://mingogogo.tistory.com/121,indicator_feature,OBV,"5,500 두 번 터치) ✅ 볼린저밴드 하단 터치 후 중심선 돌파 3점 RSI 27 → 45 (강세 다이버전스) 4점 MACD 0선 아래 골든크로스 4점 거래량 바닥에서 급감 → 반등 시 급증 ✅ OBV 다이버전스 (가격↓ OBV↑) ✅ 총점: 11점 (강한 매수 신호) 실전 매수 전략: 1차: $16,000 (더블바텀 확인) - 40% 2차: $17,500 (골든크로스) - 30% 3차:"
121,2025-10-22T17:07:59+09:00,보조지표에 대한 이해 (초보자용),코인 강의(공부하기),https://mingogogo.tistory.com/121,indicator_feature,OBV,"볼린저밴드 하단 터치 후 중심선 돌파 3점 RSI 27 → 45 (강세 다이버전스) 4점 MACD 0선 아래 골든크로스 4점 거래량 바닥에서 급감 → 반등 시 급증 ✅ OBV 다이버전스 (가격↓ OBV↑) ✅ 총점: 11점 (강한 매수 신호) 실전 매수 전략: 1차: $16,000 (더블바텀 확인) - 40% 2차: $17,500 (골든크로스) - 30% 3차: $18,500 (추세 전환"
121,2025-10-22T17:07:59+09:00,보조지표에 대한 이해 (초보자용),코인 강의(공부하기),https://mingogogo.tistory.com/121,indicator_feature,EMA,가격의 추세를 부드럽게 보여줍니다. 주요 종류: 단순이동평균 (SMA): 모든 기간의 가격에 동일한 가중치 가장 기본적이고 널리 사용됨 계산: 최근 N일 종가의 평균 지수이동평균 (EMA): 최근 가격에 더 높은 가중치 가격 변화에 더 민감하게 반응 단기 트레이딩에 유리 바닥권에서 활용하는 이동평균선 조합: 기간 용도 바닥권 신호 5일선 초단기 추세 5일선 상승 전환 시 단기
121,2025-10-22T17:07:59+09:00,보조지표에 대한 이해 (초보자용),코인 강의(공부하기),https://mingogogo.tistory.com/121,indicator_feature,EMA,와 모멘텀의 결합 정의: 이동평균선을 기반으로 추세와 모멘텀을 동시에 파악하는 지표입니다. 세 개의 요소로 구성됩니다. 구성 요소: MACD선: 12일 EMA - 26일 EMA Signal선: MACD선의 9일 EMA 히스토그램: MACD선 - Signal선 📊 MACD 구조 및 시그널 가격 차트 가격 바닥 MACD 지표 0선 MACD선 Signa
121,2025-10-22T17:07:59+09:00,보조지표에 대한 이해 (초보자용),코인 강의(공부하기),https://mingogogo.tistory.com/121,indicator_feature,EMA,정의: 이동평균선을 기반으로 추세와 모멘텀을 동시에 파악하는 지표입니다. 세 개의 요소로 구성됩니다. 구성 요소: MACD선: 12일 EMA - 26일 EMA Signal선: MACD선의 9일 EMA 히스토그램: MACD선 - Signal선 📊 MACD 구조 및 시그널 가격 차트 가격 바닥 MACD 지표 0선 MACD선 Signal선 골든크로스 ⭐
121,2025-10-22T17:07:59+09:00,보조지표에 대한 이해 (초보자용),코인 강의(공부하기),https://mingogogo.tistory.com/121,indicator_feature,EMA,을 동시에 파악하는 지표입니다. 세 개의 요소로 구성됩니다. 구성 요소: MACD선: 12일 EMA - 26일 EMA Signal선: MACD선의 9일 EMA 히스토그램: MACD선 - Signal선 📊 MACD 구조 및 시그널 가격 차트 가격 바닥 MACD 지표 0선 MACD선 Signal선 골든크로스 ⭐ 매수 신호! 0선 돌파 추세 전환 확정!
121,2025-10-22T17:07:59+09:00,보조지표에 대한 이해 (초보자용),코인 강의(공부하기),https://mingogogo.tistory.com/121,indicator_feature,SMA,"age) 📈 이동평균선의 이해 정의: 일정 기간의 종가를 평균내어 선으로 표시한 지표로, 가격의 추세를 부드럽게 보여줍니다. 주요 종류: 단순이동평균 (SMA): 모든 기간의 가격에 동일한 가중치 가장 기본적이고 널리 사용됨 계산: 최근 N일 종가의 평균 지수이동평균 (EMA): 최근 가격에 더 높은 가중치 가격 변화에 더 민감하게 반응 단기 트레"
122,2025-10-22T17:29:29+09:00,"크립토에셋(암호화폐,코인)",코인 강의(공부하기),https://mingogogo.tistory.com/122,indicator_feature,RSI,"1월 매도 (가격 무관) 장점: 계획적, 감정 배제 단점: 최고점 놓칠 수 있음 추천 대상: 은퇴 자금, 목돈 마련 계획 📊 전략 #3: 지표 기반 ▼ 시장 지표를 보고 매도 시점을 결정합니다. RSI > 80: 과열 신호, 매도 고려 공포탐욕 지수 > 90: 극단적 탐욕, 매도 거래량 급증: 개미 대거 진입 시그널 언론 과열: ""비트코인 폭등"" 뉴스 쏟아질 때 🎯 실전 예시 2021년 1"
122,2025-10-22T17:29:29+09:00,"크립토에셋(암호화폐,코인)",코인 강의(공부하기),https://mingogogo.tistory.com/122,indicator_feature,RSI,"도 고려 공포탐욕 지수 > 90: 극단적 탐욕, 매도 거래량 급증: 개미 대거 진입 시그널 언론 과열: ""비트코인 폭등"" 뉴스 쏟아질 때 🎯 실전 예시 2021년 11월 BTC $69,000: • RSI: 90 • 공포탐욕: 95 • 언론: ""10만 달러 간다!"" • SNS: 모두가 환호 → 완벽한 매도 시그널! 실제로 이후 $16,000까지 하락 🚫 절대 하지 말아야 할 것 ❌ 레버리지 거"
124,2025-10-22T17:47:04+09:00,돈복남 코인유튜버 코인서적 정리 요약,코인 강의(공부하기),https://mingogogo.tistory.com/124,algorithm_component,매집,"블록)마다 발생 공급량 감소 → 희소성 증가 → 가격 상승 전형적인 사이클 패턴 바닥 구간 (Bottom): 반감기 1~2년 전, 비관론 최고조 축적 구간 (Accumulation): 스마트머니 매집 시작 상승 구간 (Bull Market): 반감기 후 6~18개월, 대중 진입 최고점 (Peak): 극단적 낙관론, 언론 관심 최고조 하락 구간 (Bear Market): 50~80% 조정,"
125,2025-10-25T02:55:56+09:00,"코인,주식 추세선 이해하기",코인 강의(공부하기),https://mingogogo.tistory.com/125,indicator_feature,RSI,매수 전 체크리스트 상승 추세선 매수 시 ✓ 추세선이 최소 3번 터치되었는가? ✓ 1시간봉 이상의 시간 프레임인가? ✓ 추세선 각도가 30~60도 사이인가? ✓ 거래량이 평소보다 증가했는가? ✓ RSI나 MACD 같은 보조지표도 상승을 지지하는가? ✓ 손절가를 명확히 설정했는가? (추세선 하단 2~3% 아래) ✓ 목표가를 설정했는가? (최소 손절가 대비 2:1 비율) ✓ 전체 자산의 5~1
125,2025-10-25T02:55:56+09:00,"코인,주식 추세선 이해하기",코인 강의(공부하기),https://mingogogo.tistory.com/125,indicator_feature,RSI,"820원(2차 저점) 확인 2단계: 두 저점을 연결한 상승 추세선 설정 (각도 약 48도) 3단계: 870원 부근에서 3번째 터치 예상 4단계: 거래량 확인 - 평소 대비 1.8배 증가 5단계: RSI 50 이상, MACD 골든크로스 확인 매매 실행: 진입: 865~875원 구간에서 3회 분할 매수 (총 1,000,000원 투자) 손절가: 850원 (추세선 하단 약 2% 아래) 1차 목표:"
125,2025-10-25T02:55:56+09:00,"코인,주식 추세선 이해하기",코인 강의(공부하기),https://mingogogo.tistory.com/125,indicator_feature,RSI,"맵 1~2주차: 이 강의 내용 숙지, 업비트에서 추세선 연습 3~4주차: 소액으로 실전 매매 시작 (최대 50만원) 5~8주차: 매매 일지 작성, 성공/실패 패턴 분석 2~3개월차: 다른 보조지표(RSI, MACD, 볼린저밴드) 학습 4~6개월차: 자신만의 매매 전략 확립 6개월 이후: 투자 금액 점진적 증가 💪 마지막 조언 ""완벽한 추세선은 존재하지 않습니다."" 가장 중요한 것은 일관성 있"
125,2025-10-25T02:55:56+09:00,"코인,주식 추세선 이해하기",코인 강의(공부하기),https://mingogogo.tistory.com/125,indicator_feature,MACD,체크리스트 상승 추세선 매수 시 ✓ 추세선이 최소 3번 터치되었는가? ✓ 1시간봉 이상의 시간 프레임인가? ✓ 추세선 각도가 30~60도 사이인가? ✓ 거래량이 평소보다 증가했는가? ✓ RSI나 MACD 같은 보조지표도 상승을 지지하는가? ✓ 손절가를 명확히 설정했는가? (추세선 하단 2~3% 아래) ✓ 목표가를 설정했는가? (최소 손절가 대비 2:1 비율) ✓ 전체 자산의 5~10% 이하
125,2025-10-25T02:55:56+09:00,"코인,주식 추세선 이해하기",코인 강의(공부하기),https://mingogogo.tistory.com/125,indicator_feature,MACD,") 확인 2단계: 두 저점을 연결한 상승 추세선 설정 (각도 약 48도) 3단계: 870원 부근에서 3번째 터치 예상 4단계: 거래량 확인 - 평소 대비 1.8배 증가 5단계: RSI 50 이상, MACD 골든크로스 확인 매매 실행: 진입: 865~875원 구간에서 3회 분할 매수 (총 1,000,000원 투자) 손절가: 850원 (추세선 하단 약 2% 아래) 1차 목표: 950원 (이전 고"
125,2025-10-25T02:55:56+09:00,"코인,주식 추세선 이해하기",코인 강의(공부하기),https://mingogogo.tistory.com/125,indicator_feature,MACD,"주차: 이 강의 내용 숙지, 업비트에서 추세선 연습 3~4주차: 소액으로 실전 매매 시작 (최대 50만원) 5~8주차: 매매 일지 작성, 성공/실패 패턴 분석 2~3개월차: 다른 보조지표(RSI, MACD, 볼린저밴드) 학습 4~6개월차: 자신만의 매매 전략 확립 6개월 이후: 투자 금액 점진적 증가 💪 마지막 조언 ""완벽한 추세선은 존재하지 않습니다."" 가장 중요한 것은 일관성 있는 기준"
126,2025-10-25T03:08:33+09:00,코인패턴 강의 (파밍제작),코인 강의(공부하기),https://mingogogo.tistory.com/126,indicator_feature,RSI,최대 높이 = H 돌파점 = B 목표가 = B + H 달성 확률: 약 60-70% 평균 상승률: 15-30% 진입 시그널 상단선 돌파 + 거래량 증가 4시간봉 종가 확인 재진입 대기 (풀백 시) RSI > 50 확인 MACD 골든크로스 주요 보조지표 활용 지표 확인 사항 신호 RSI (14) 40-60 구간에서 횡보 돌파 시 50 이상 확인 MACD 히스토그램 수렴 골든크로스 발생 볼린저밴
126,2025-10-25T03:08:33+09:00,코인패턴 강의 (파밍제작),코인 강의(공부하기),https://mingogogo.tistory.com/126,indicator_feature,RSI,평균 상승률: 15-30% 진입 시그널 상단선 돌파 + 거래량 증가 4시간봉 종가 확인 재진입 대기 (풀백 시) RSI > 50 확인 MACD 골든크로스 주요 보조지표 활용 지표 확인 사항 신호 RSI (14) 40-60 구간에서 횡보 돌파 시 50 이상 확인 MACD 히스토그램 수렴 골든크로스 발생 볼린저밴드 밴드 폭 축소 (스퀴즈) 상단 돌파 거래량 패턴 중 감소 돌파 시 평균 2배 이
126,2025-10-25T03:08:33+09:00,코인패턴 강의 (파밍제작),코인 강의(공부하기),https://mingogogo.tistory.com/126,indicator_feature,RSI,형 높이 = H 돌파점 = 저항선 가격 목표가 = 저항선 + H 달성률: 75% 평균 상승: 20-40% 최적 진입 저항선 돌파 + 재테스트 성공 거래량 평균 3배 이상 일봉 종가 저항선 위 마감 RSI 60 이상 상승 모멘텀 확인 보조지표 세팅 RSI 설정 • 기간: 14 • 돌파 전: 50-70 구간 • 돌파 후: 70 이상 진입 • 과매수 무시 가능 (강세장) 볼린저밴드 • 기간: 20
126,2025-10-25T03:08:33+09:00,코인패턴 강의 (파밍제작),코인 강의(공부하기),https://mingogogo.tistory.com/126,indicator_feature,RSI,"저항선 + H 달성률: 75% 평균 상승: 20-40% 최적 진입 저항선 돌파 + 재테스트 성공 거래량 평균 3배 이상 일봉 종가 저항선 위 마감 RSI 60 이상 상승 모멘텀 확인 보조지표 세팅 RSI 설정 • 기간: 14 • 돌파 전: 50-70 구간 • 돌파 후: 70 이상 진입 • 과매수 무시 가능 (강세장) 볼린저밴드 • 기간: 20, 편차: 2 • 밴드 폭 점진적 축소 • 상단 밴"
126,2025-10-25T03:08:33+09:00,코인패턴 강의 (파밍제작),코인 강의(공부하기),https://mingogogo.tistory.com/126,indicator_feature,RSI,가 (하락) 삼각형 높이 = H 돌파점 = 지지선 가격 목표가 = 지지선 - H 달성률: 70% 평균 하락: -15~-30% 매도/공매도 시점 지지선 이탈 확인 거래량 증가 일봉 종가 지지선 아래 RSI 40 이하 MACD 데드크로스 ⚠️ 손절 전략 • 롱 포지션 보유 시: 즉시 손절 또는 지지선 -3% 돌파 시 청산 • 신규 진입 금지: 하락 삼각수렴 패턴 완성 시 • 반등 기회: 과매도
126,2025-10-25T03:08:33+09:00,코인패턴 강의 (파밍제작),코인 강의(공부하기),https://mingogogo.tistory.com/126,indicator_feature,RSI,"MACD 데드크로스 ⚠️ 손절 전략 • 롱 포지션 보유 시: 즉시 손절 또는 지지선 -3% 돌파 시 청산 • 신규 진입 금지: 하락 삼각수렴 패턴 완성 시 • 반등 기회: 과매도 구간 도달 후 (RSI 30 이하) 역발상 전략 (고급) 바닥 포착: 목표가 달성 + RSI 과매도 + 거래량 급증 시 역매수 리스크: 추가 하락 가능성 높음, 소액만 진입 분할 매수: -5%, -10%, -15%"
126,2025-10-25T03:08:33+09:00,코인패턴 강의 (파밍제작),코인 강의(공부하기),https://mingogogo.tistory.com/126,indicator_feature,RSI,"절 또는 지지선 -3% 돌파 시 청산 • 신규 진입 금지: 하락 삼각수렴 패턴 완성 시 • 반등 기회: 과매도 구간 도달 후 (RSI 30 이하) 역발상 전략 (고급) 바닥 포착: 목표가 달성 + RSI 과매도 + 거래량 급증 시 역매수 리스크: 추가 하락 가능성 높음, 소액만 진입 분할 매수: -5%, -10%, -15% 구간에서 분할 하락 성공률: 68% | 평균 하락률: -23% 4 컵"
126,2025-10-25T03:08:33+09:00,코인패턴 강의 (파밍제작),코인 강의(공부하기),https://mingogogo.tistory.com/126,indicator_feature,RSI,D 달성률: 80% 평균 상승: 35-60% 완벽한 진입 핸들 저항선 돌파 거래량 50% 이상 증가 주봉/일봉 종가 확인 컵 형성 완료 필수 핸들 하락은 부드럽게 단계별 보조지표 단계 가격 움직임 RSI MACD 거래량 컵 왼쪽 (하락) 조정 -30% 70 → 30 데드크로스 증가 → 감소 컵 바닥 횡보 30-40 약세 유지 매우 낮음 컵 오른쪽 (상승) 회복 +30% 40 → 60 골든크로
126,2025-10-25T03:08:33+09:00,코인패턴 강의 (파밍제작),코인 강의(공부하기),https://mingogogo.tistory.com/126,indicator_feature,RSI,락) 머리 → 넥라인 높이 = H 넥라인 이탈점 = B 목표가 = B - H 달성률: 85% 평균 하락: -20~-35% 매도 시그널 넥라인 이탈 확인 거래량 증가 (필수) 일봉 종가 넥라인 아래 RSI 50 이하 오른쪽 어깨 완성 형성 단계별 지표 구간 가격 RSI 거래량 다이버전스 왼쪽 어깨 상승 70+ 높음 - 머리 신고점 70-80 감소 시작 약세 다이버전스 오른쪽 어깨 약한 상승 6
126,2025-10-25T03:08:33+09:00,코인패턴 강의 (파밍제작),코인 강의(공부하기),https://mingogogo.tistory.com/126,indicator_feature,RSI,B - H 달성률: 85% 평균 하락: -20~-35% 매도 시그널 넥라인 이탈 확인 거래량 증가 (필수) 일봉 종가 넥라인 아래 RSI 50 이하 오른쪽 어깨 완성 형성 단계별 지표 구간 가격 RSI 거래량 다이버전스 왼쪽 어깨 상승 70+ 높음 - 머리 신고점 70-80 감소 시작 약세 다이버전스 오른쪽 어깨 약한 상승 60-70 낮음 확실한 다이버전스 넥라인 이탈 하락 50 이하 급증
126,2025-10-25T03:08:33+09:00,코인패턴 강의 (파밍제작),코인 강의(공부하기),https://mingogogo.tistory.com/126,indicator_feature,RSI,"감소 시작 약세 다이버전스 오른쪽 어깨 약한 상승 60-70 낮음 확실한 다이버전스 넥라인 이탈 하락 50 이하 급증 - 단계별 대응 전략 머리 형성 중: 포지션 50% 축소 고려 오른쪽 어깨: RSI 다이버전스 확인 → 추가 청산 넥라인 터치: 손절 준비, 스탑로스 설정 넥라인 이탈: 즉시 전량 청산 또는 공매도 풀백: 넥라인 재테스트 시 추가 공매도 핵심 확인 사항 볼륨 다이버전스: 머"
126,2025-10-25T03:08:33+09:00,코인패턴 강의 (파밍제작),코인 강의(공부하기),https://mingogogo.tistory.com/126,indicator_feature,RSI,"손절 준비, 스탑로스 설정 넥라인 이탈: 즉시 전량 청산 또는 공매도 풀백: 넥라인 재테스트 시 추가 공매도 핵심 확인 사항 볼륨 다이버전스: 머리 > 왼쪽 어깨 > 오른쪽 어깨 (거래량 감소) RSI 다이버전스: 가격 신고점이지만 RSI는 전고점 미달 대칭성: 양쪽 어깨 높이 비슷 (±10%) 넥라인 기울기: 수평 또는 약간 상승 (가장 신뢰도 높음) 암호화폐에서 주식보다 빠르게 완성 ("
126,2025-10-25T03:08:33+09:00,코인패턴 강의 (파밍제작),코인 강의(공부하기),https://mingogogo.tistory.com/126,indicator_feature,RSI,탈: 즉시 전량 청산 또는 공매도 풀백: 넥라인 재테스트 시 추가 공매도 핵심 확인 사항 볼륨 다이버전스: 머리 > 왼쪽 어깨 > 오른쪽 어깨 (거래량 감소) RSI 다이버전스: 가격 신고점이지만 RSI는 전고점 미달 대칭성: 양쪽 어깨 높이 비슷 (±10%) 넥라인 기울기: 수평 또는 약간 상승 (가장 신뢰도 높음) 암호화폐에서 주식보다 빠르게 완성 (2-8주) 가짜 패턴 구별법 • 오른쪽
126,2025-10-25T03:08:33+09:00,코인패턴 강의 (파밍제작),코인 강의(공부하기),https://mingogogo.tistory.com/126,indicator_feature,RSI,월 🎯 목표가 (상승) 머리(저점) → 넥라인 = H 넥라인 돌파점 = B 목표가 = B + H 달성률: 87% 평균 상승: +25~45% 매수 시그널 넥라인 돌파 + 종가 확인 거래량 2배 이상 RSI 50 돌파 MACD 골든크로스 오른쪽 어깨 완성 완벽한 패턴 조건 가격 구조 ✓ 머리가 양쪽 어깨보다 명확히 낮음 ✓ 어깨 대칭성 (±15% 허용) ✓ 넥라인 수평 또는 약간 하락 ✓ 최소
126,2025-10-25T03:08:33+09:00,코인패턴 강의 (파밍제작),코인 강의(공부하기),https://mingogogo.tistory.com/126,indicator_feature,RSI,대칭성 (±15% 허용) ✓ 넥라인 수평 또는 약간 하락 ✓ 최소 3주 이상 형성 거래량 패턴 ✓ 왼쪽 어깨: 높은 거래량 ✓ 머리: 거래량 감소 ✓ 오른쪽 어깨: 더 감소 ✓ 돌파: 폭발적 증가 RSI 분석 ✓ 머리에서 RSI 30 이하 ✓ 양쪽 어깨 RSI 비슷 ✓ 강세 다이버전스 확인 ✓ 돌파 시 50 이상 3단계 진입 전략 1단계 (30%): 오른쪽 어깨 형성 중 넥라인 근처 진입 2
126,2025-10-25T03:08:33+09:00,코인패턴 강의 (파밍제작),코인 강의(공부하기),https://mingogogo.tistory.com/126,indicator_feature,RSI,✓ 넥라인 수평 또는 약간 하락 ✓ 최소 3주 이상 형성 거래량 패턴 ✓ 왼쪽 어깨: 높은 거래량 ✓ 머리: 거래량 감소 ✓ 오른쪽 어깨: 더 감소 ✓ 돌파: 폭발적 증가 RSI 분석 ✓ 머리에서 RSI 30 이하 ✓ 양쪽 어깨 RSI 비슷 ✓ 강세 다이버전스 확인 ✓ 돌파 시 50 이상 3단계 진입 전략 1단계 (30%): 오른쪽 어깨 형성 중 넥라인 근처 진입 2단계 (50%): 넥라인
126,2025-10-25T03:08:33+09:00,코인패턴 강의 (파밍제작),코인 강의(공부하기),https://mingogogo.tistory.com/126,indicator_feature,RSI,✓ 최소 3주 이상 형성 거래량 패턴 ✓ 왼쪽 어깨: 높은 거래량 ✓ 머리: 거래량 감소 ✓ 오른쪽 어깨: 더 감소 ✓ 돌파: 폭발적 증가 RSI 분석 ✓ 머리에서 RSI 30 이하 ✓ 양쪽 어깨 RSI 비슷 ✓ 강세 다이버전스 확인 ✓ 돌파 시 50 이상 3단계 진입 전략 1단계 (30%): 오른쪽 어깨 형성 중 넥라인 근처 진입 2단계 (50%): 넥라인 돌파 확인 후 진입 3단계 (20
126,2025-10-25T03:08:33+09:00,코인패턴 강의 (파밍제작),코인 강의(공부하기),https://mingogogo.tistory.com/126,indicator_feature,RSI,인 = H 넥라인 이탈점 = B 목표가 = B - H 달성률: 75% 평균 하락: -18~-28% 확인 조건 두 고점 차이 3% 이내 고점 간격 최소 2주 2차 고점 거래량 감소 넥라인 이탈 필수 RSI 약세 다이버전스 더블탑 확인 체크리스트 항목 이상적인 조건 경고 신호 고점 간격 2주~3개월 너무 짧음 (<1주) 고점 차이 0~3% >5% (패턴 신뢰도 하락) 1차 고점 거래량 높음 낮음
126,2025-10-25T03:08:33+09:00,코인패턴 강의 (파밍제작),코인 강의(공부하기),https://mingogogo.tistory.com/126,indicator_feature,RSI,고점 차이 0~3% >5% (패턴 신뢰도 하락) 1차 고점 거래량 높음 낮음 2차 고점 거래량 1차보다 낮음 1차보다 높음 (약세 약화) 넥라인 이탈 거래량 평균의 1.5배+ 낮음 (가짜 돌파) RSI 패턴 2차 < 1차 (다이버전스) 2차 > 1차 실전 매매 포지션 청산: • 2차 고점 형성 시작: 50% 청산 • 2차 고점 확정: 추가 30% 청산 • 넥라인 이탈: 전량 청산 또는 공매
126,2025-10-25T03:08:33+09:00,코인패턴 강의 (파밍제작),코인 강의(공부하기),https://mingogogo.tistory.com/126,indicator_feature,RSI,추세선과 일치할 때 주의: 강세장에서는 실패율 높음 (트리플탑 가능) 가짜 더블탑 • 2차 고점이 1차를 5% 이상 돌파: 상승 지속 가능 • 넥라인 이탈 후 거래량 없이 재반등: 가짜 신호 • RSI 다이버전스 없음: 신뢰도 낮음 성공률: 75% | 평균 하락률: -22% 8 더블바텀 (Double Bottom) - W자 패턴 강세 1차 저점 2차 저점 넥라인 (저항선) 목표 = 넥라인
126,2025-10-25T03:08:33+09:00,코인패턴 강의 (파밍제작),코인 강의(공부하기),https://mingogogo.tistory.com/126,indicator_feature,RSI,= H 넥라인 돌파점 = B 목표가 = B + H 달성률: 78% 평균 상승: +20~35% ⚡ 매수 조건 두 저점 차이 3% 이내 저점 간격 최소 2주 2차 저점 거래량 감소 넥라인 돌파 확인 RSI 강세 다이버전스 📈 완벽한 더블바텀 조건 ✅ 가격 구조 • 저점 차이: 0-3% (이상적) • 저점 간격: 2주 ~ 3개월 • 넥라인 명확한 저항 • U자형 바닥 (천천히) 📊 거래량 패턴
126,2025-10-25T03:08:33+09:00,코인패턴 강의 (파밍제작),코인 강의(공부하기),https://mingogogo.tistory.com/126,indicator_feature,RSI,2주 ~ 3개월 • 넥라인 명확한 저항 • U자형 바닥 (천천히) 📊 거래량 패턴 • 1차 저점: 높은 매도량 • 중간 반등: 보통 • 2차 저점: 감소 (핵심!) • 돌파 시: 폭발적 증가 🔍 RSI 다이버전스 • 1차 저점: RSI 30 이하 • 2차 저점: RSI 35-40 • 강세 다이버전스 확인 • 돌파 시: RSI 60+ 💰 3단계 매수 전략 1️⃣ 공격적 (리스크 높음 - 20
126,2025-10-25T03:08:33+09:00,코인패턴 강의 (파밍제작),코인 강의(공부하기),https://mingogogo.tistory.com/126,indicator_feature,RSI,저항 • U자형 바닥 (천천히) 📊 거래량 패턴 • 1차 저점: 높은 매도량 • 중간 반등: 보통 • 2차 저점: 감소 (핵심!) • 돌파 시: 폭발적 증가 🔍 RSI 다이버전스 • 1차 저점: RSI 30 이하 • 2차 저점: RSI 35-40 • 강세 다이버전스 확인 • 돌파 시: RSI 60+ 💰 3단계 매수 전략 1️⃣ 공격적 (리스크 높음 - 20%): 2차 저점 형성 중 지지선
126,2025-10-25T03:08:33+09:00,코인패턴 강의 (파밍제작),코인 강의(공부하기),https://mingogogo.tistory.com/126,indicator_feature,RSI,📊 거래량 패턴 • 1차 저점: 높은 매도량 • 중간 반등: 보통 • 2차 저점: 감소 (핵심!) • 돌파 시: 폭발적 증가 🔍 RSI 다이버전스 • 1차 저점: RSI 30 이하 • 2차 저점: RSI 35-40 • 강세 다이버전스 확인 • 돌파 시: RSI 60+ 💰 3단계 매수 전략 1️⃣ 공격적 (리스크 높음 - 20%): 2차 저점 형성 중 지지선 근처 진입 2️⃣ 표준적 (추천 -
126,2025-10-25T03:08:33+09:00,코인패턴 강의 (파밍제작),코인 강의(공부하기),https://mingogogo.tistory.com/126,indicator_feature,RSI,: 보통 • 2차 저점: 감소 (핵심!) • 돌파 시: 폭발적 증가 🔍 RSI 다이버전스 • 1차 저점: RSI 30 이하 • 2차 저점: RSI 35-40 • 강세 다이버전스 확인 • 돌파 시: RSI 60+ 💰 3단계 매수 전략 1️⃣ 공격적 (리스크 높음 - 20%): 2차 저점 형성 중 지지선 근처 진입 2️⃣ 표준적 (추천 - 50%): 넥라인 돌파 + 일봉 종가 확인 후 진입 3️
126,2025-10-25T03:08:33+09:00,코인패턴 강의 (파밍제작),코인 강의(공부하기),https://mingogogo.tistory.com/126,indicator_feature,RSI,도 매우 높음 암호화폐: 비트코인 약세장 말기에 자주 출현 ⚠️ 실패 시나리오 • 2차 저점이 1차보다 5% 이상 낮음: 하락 지속 가능 • 넥라인 돌파 후 거래량 부족: 가짜 돌파 → 재하락 • RSI 다이버전스 없음: 바닥 미완성 • 트리플 바텀 가능: 3차 저점 테스트 후 상승하기도 함 성공률: 78% | 평균 수익률: +28% 9 트리플탑 (Triple Top) 약세 1차 2차 3차
126,2025-10-25T03:08:33+09:00,코인패턴 강의 (파밍제작),코인 강의(공부하기),https://mingogogo.tistory.com/126,indicator_feature,RSI,= H 목표 = 넥라인 - H 달성률: 83% 평균 하락: -25~-40% 급락 확률 높음 ⚡ 확인 조건 3개 고점 차이 5% 이내 각 고점 간격 최소 1주 거래량 점진적 감소 넥라인 이탈 필수 RSI 명확한 다이버전스 💰 대응 전략 2차 고점 후: 포지션 50% 청산 고려 3차 고점 형성: 추가 30% 청산 넥라인 이탈: 즉시 전량 청산 / 공매도 진입 공매도 익절: 목표가 70% 도달
126,2025-10-25T03:08:33+09:00,코인패턴 강의 (파밍제작),코인 강의(공부하기),https://mingogogo.tistory.com/126,indicator_feature,RSI,인 = H 목표 = 넥라인 + H 달성률: 85% 평균 상승: +30~50% 장기 상승 시작 ⚡ 매수 시점 3차 저점 반등 시 (선제) 넥라인 돌파 (표준) 풀백 성공 (보수적) 거래량 증가 확인 RSI 50 이상 🔑 핵심 포인트 3차 저점에서 거래량 최소 = 매도 압력 소진 각 저점마다 RSI 상승 = 강세 다이버전스 비트코인 약세장 완전 종료 신호 알트코인 시즌 시작 가능 성공률: 85%
126,2025-10-25T03:08:33+09:00,코인패턴 강의 (파밍제작),코인 강의(공부하기),https://mingogogo.tistory.com/126,indicator_feature,RSI,⚡ 매수 시점 3차 저점 반등 시 (선제) 넥라인 돌파 (표준) 풀백 성공 (보수적) 거래량 증가 확인 RSI 50 이상 🔑 핵심 포인트 3차 저점에서 거래량 최소 = 매도 압력 소진 각 저점마다 RSI 상승 = 강세 다이버전스 비트코인 약세장 완전 종료 신호 알트코인 시즌 시작 가능 성공률: 85% | 평균 수익률: +38% 11 상승 플래그 (Bull Flag) 강세 깃대 (Flagpol
126,2025-10-25T03:08:33+09:00,코인패턴 강의 (파밍제작),코인 강의(공부하기),https://mingogogo.tistory.com/126,indicator_feature,RSI,3주 강세장 지속 패턴 🎯 목표가 깃대 높이 = H 돌파점 = B 목표 = B + H 달성률: 68% 평균 상승: +18~30% ⚡ 진입 시점 플래그 상단 돌파 거래량 증가 플래그 기간 3일~3주 RSI 40-60 구간 MACD 골든크로스 📈 완벽한 플래그 조건 요소 이상적 조건 신뢰도 깃대 상승률 20% 이상 급등 ⭐⭐⭐⭐⭐ 깃대 형성 속도 1-4일 내 급등 ⭐⭐⭐⭐⭐ 플래그 조정폭 깃대의
126,2025-10-25T03:08:33+09:00,코인패턴 강의 (파밍제작),코인 강의(공부하기),https://mingogogo.tistory.com/126,indicator_feature,RSI,등 후 재하락 형성: 1-3주 약세장 지속 🎯 목표가 급락 높이 = H 이탈점 = B 목표 = B - H 달성률: 65% 평균 하락: -20~-30% ⚡ 매도/공매도 플래그 하단 이탈 거래량 증가 RSI 50 이하 데드크로스 즉시 청산/공매도 💰 대응 전략 롱 포지션 보유 시: 플래그 형성 확인되면 청산 고려 공매도: 플래그 하단 이탈 + 거래량 증가 시 손절(공매도): 플래그 상단 돌파 시
126,2025-10-25T03:08:33+09:00,코인패턴 강의 (파밍제작),코인 강의(공부하기),https://mingogogo.tistory.com/126,indicator_feature,RSI,약화 거래량 지속 감소 형성: 3-6개월 🎯 목표가 웨지 시작점 높이 = H 목표 = 돌파점 - H 달성률: 70% 평균 하락: -15~-25% 급락 가능 ⚡ 매도 시그널 하단선 이탈 거래량 증가 RSI 하락 MACD 데드크로스 고점 낮아짐 확인 ⚠️ 중요 경고 • 상승 웨지 = 약세 신호: 상승하는 모양이지만 하락 전조 • 거래량이 지속 감소하면 곧 급락 • 암호화폐 고점에서 자주 발생 하
126,2025-10-25T03:08:33+09:00,코인패턴 강의 (파밍제작),코인 강의(공부하기),https://mingogogo.tistory.com/126,indicator_feature,RSI,모멘텀 약화 거래량 지속 감소 형성: 3-6개월 🎯 목표가 웨지 높이 = H 목표 = 돌파점 + H 달성률: 75% 평균 상승: +20~35% 지속적 상승 ⚡ 매수 시그널 상단선 돌파 거래량 급증 RSI 50 이상 골든크로스 저점 높아짐 🔑 핵심 하락 웨지 = 강세 신호: 하락하지만 상승 전조 약세장 바닥에서 자주 발생 돌파 후 추세 전환 강력 성공률: 75% | 평균 수익률: +28% 16
126,2025-10-25T03:08:33+09:00,코인패턴 강의 (파밍제작),코인 강의(공부하기),https://mingogogo.tistory.com/126,indicator_feature,RSI,4-12개월 강력한 상승 시작 🎯 목표가 컵 깊이 = H 목표 = 입구 + H 달성률: 82% 평균 상승: +40~70% 장기 상승 ⚡ 확인 사항 바닥에서 거래량 최소 양쪽 대칭 급격한 변동 없음 RSI 점진 상승 MACD 개선 🔑 핵심 컵앤핸들보다 형성 기간 길고 완만 비트코인 장기 사이클에서 자주 발생 바닥 형성 완료 후 장기 상승장 시작 성공률: 82% | 평균 수익률: +55% 18
126,2025-10-25T03:08:33+09:00,코인패턴 강의 (파밍제작),코인 강의(공부하기),https://mingogogo.tistory.com/126,indicator_feature,RSI,"직임 예상 성공률: 85% | 반전 확률 매우 높음 📚 차트 패턴 종합 요약 이 20가지 패턴은 암호화폐 기술적 분석의 핵심입니다. 패턴 인식 능력은 연습과 경험을 통해 향상됩니다. 항상 거래량, RSI, MACD 와 함께 확인하세요. ⚠️ 중요: 어떤 패턴도 100% 정확하지 않습니다. 반드시 리스크 관리 와 손절매 를 병행하세요. 🟢 최고 성공률 1. 역헤드앤숄더 (87%) 2. 트리플바"
126,2025-10-25T03:08:33+09:00,코인패턴 강의 (파밍제작),코인 강의(공부하기),https://mingogogo.tistory.com/126,indicator_feature,MACD,파점 = B 목표가 = B + H 달성 확률: 약 60-70% 평균 상승률: 15-30% 진입 시그널 상단선 돌파 + 거래량 증가 4시간봉 종가 확인 재진입 대기 (풀백 시) RSI > 50 확인 MACD 골든크로스 주요 보조지표 활용 지표 확인 사항 신호 RSI (14) 40-60 구간에서 횡보 돌파 시 50 이상 확인 MACD 히스토그램 수렴 골든크로스 발생 볼린저밴드 밴드 폭 축소 (스
126,2025-10-25T03:08:33+09:00,코인패턴 강의 (파밍제작),코인 강의(공부하기),https://mingogogo.tistory.com/126,indicator_feature,MACD,가 4시간봉 종가 확인 재진입 대기 (풀백 시) RSI > 50 확인 MACD 골든크로스 주요 보조지표 활용 지표 확인 사항 신호 RSI (14) 40-60 구간에서 횡보 돌파 시 50 이상 확인 MACD 히스토그램 수렴 골든크로스 발생 볼린저밴드 밴드 폭 축소 (스퀴즈) 상단 돌파 거래량 패턴 중 감소 돌파 시 평균 2배 이상 매매 전략 진입: 저항선 돌파 + 종가 확인 + 거래량 증가 손
126,2025-10-25T03:08:33+09:00,코인패턴 강의 (파밍제작),코인 강의(공부하기),https://mingogogo.tistory.com/126,indicator_feature,MACD,높이 = H 돌파점 = 지지선 가격 목표가 = 지지선 - H 달성률: 70% 평균 하락: -15~-30% 매도/공매도 시점 지지선 이탈 확인 거래량 증가 일봉 종가 지지선 아래 RSI 40 이하 MACD 데드크로스 ⚠️ 손절 전략 • 롱 포지션 보유 시: 즉시 손절 또는 지지선 -3% 돌파 시 청산 • 신규 진입 금지: 하락 삼각수렴 패턴 완성 시 • 반등 기회: 과매도 구간 도달 후 (R
126,2025-10-25T03:08:33+09:00,코인패턴 강의 (파밍제작),코인 강의(공부하기),https://mingogogo.tistory.com/126,indicator_feature,MACD,률: 80% 평균 상승: 35-60% 완벽한 진입 핸들 저항선 돌파 거래량 50% 이상 증가 주봉/일봉 종가 확인 컵 형성 완료 필수 핸들 하락은 부드럽게 단계별 보조지표 단계 가격 움직임 RSI MACD 거래량 컵 왼쪽 (하락) 조정 -30% 70 → 30 데드크로스 증가 → 감소 컵 바닥 횡보 30-40 약세 유지 매우 낮음 컵 오른쪽 (상승) 회복 +30% 40 → 60 골든크로스 점진
126,2025-10-25T03:08:33+09:00,코인패턴 강의 (파밍제작),코인 강의(공부하기),https://mingogogo.tistory.com/126,indicator_feature,MACD,승) 머리(저점) → 넥라인 = H 넥라인 돌파점 = B 목표가 = B + H 달성률: 87% 평균 상승: +25~45% 매수 시그널 넥라인 돌파 + 종가 확인 거래량 2배 이상 RSI 50 돌파 MACD 골든크로스 오른쪽 어깨 완성 완벽한 패턴 조건 가격 구조 ✓ 머리가 양쪽 어깨보다 명확히 낮음 ✓ 어깨 대칭성 (±15% 허용) ✓ 넥라인 수평 또는 약간 하락 ✓ 최소 3주 이상 형성 거
126,2025-10-25T03:08:33+09:00,코인패턴 강의 (파밍제작),코인 강의(공부하기),https://mingogogo.tistory.com/126,indicator_feature,MACD,"1차 목표 60%, 2차 목표 40% 🔑 성공률 높이는 비법 애덤 앤 이브: 1차=V자(급락), 2차=U자(완만) 조합 시 최상 거래량 확인: 2차 저점 거래량이 1차보다 낮으면 성공률 85%+ MACD 확인: 2차 저점에서 골든크로스 발생 시 강력한 신호 시간대: 주봉 차트에서 발생 시 신뢰도 매우 높음 암호화폐: 비트코인 약세장 말기에 자주 출현 ⚠️ 실패 시나리오 • 2차 저점이 1차"
126,2025-10-25T03:08:33+09:00,코인패턴 강의 (파밍제작),코인 강의(공부하기),https://mingogogo.tistory.com/126,indicator_feature,MACD,🎯 목표가 깃대 높이 = H 돌파점 = B 목표 = B + H 달성률: 68% 평균 상승: +18~30% ⚡ 진입 시점 플래그 상단 돌파 거래량 증가 플래그 기간 3일~3주 RSI 40-60 구간 MACD 골든크로스 📈 완벽한 플래그 조건 요소 이상적 조건 신뢰도 깃대 상승률 20% 이상 급등 ⭐⭐⭐⭐⭐ 깃대 형성 속도 1-4일 내 급등 ⭐⭐⭐⭐⭐ 플래그 조정폭 깃대의 30-50% ⭐⭐⭐⭐
126,2025-10-25T03:08:33+09:00,코인패턴 강의 (파밍제작),코인 강의(공부하기),https://mingogogo.tistory.com/126,indicator_feature,MACD,지속 감소 형성: 3-6개월 🎯 목표가 웨지 시작점 높이 = H 목표 = 돌파점 - H 달성률: 70% 평균 하락: -15~-25% 급락 가능 ⚡ 매도 시그널 하단선 이탈 거래량 증가 RSI 하락 MACD 데드크로스 고점 낮아짐 확인 ⚠️ 중요 경고 • 상승 웨지 = 약세 신호: 상승하는 모양이지만 하락 전조 • 거래량이 지속 감소하면 곧 급락 • 암호화폐 고점에서 자주 발생 하락 성공률:
126,2025-10-25T03:08:33+09:00,코인패턴 강의 (파밍제작),코인 강의(공부하기),https://mingogogo.tistory.com/126,indicator_feature,MACD,상승 시작 🎯 목표가 컵 깊이 = H 목표 = 입구 + H 달성률: 82% 평균 상승: +40~70% 장기 상승 ⚡ 확인 사항 바닥에서 거래량 최소 양쪽 대칭 급격한 변동 없음 RSI 점진 상승 MACD 개선 🔑 핵심 컵앤핸들보다 형성 기간 길고 완만 비트코인 장기 사이클에서 자주 발생 바닥 형성 완료 후 장기 상승장 시작 성공률: 82% | 평균 수익률: +55% 18 다이아몬드 탑 (D
126,2025-10-25T03:08:33+09:00,코인패턴 강의 (파밍제작),코인 강의(공부하기),https://mingogogo.tistory.com/126,indicator_feature,MACD,"성공률: 85% | 반전 확률 매우 높음 📚 차트 패턴 종합 요약 이 20가지 패턴은 암호화폐 기술적 분석의 핵심입니다. 패턴 인식 능력은 연습과 경험을 통해 향상됩니다. 항상 거래량, RSI, MACD 와 함께 확인하세요. ⚠️ 중요: 어떤 패턴도 100% 정확하지 않습니다. 반드시 리스크 관리 와 손절매 를 병행하세요. 🟢 최고 성공률 1. 역헤드앤숄더 (87%) 2. 트리플바텀 (85"
126,2025-10-25T03:08:33+09:00,코인패턴 강의 (파밍제작),코인 강의(공부하기),https://mingogogo.tistory.com/126,indicator_feature,OBV,"50-70 구간 • 돌파 후: 70 이상 진입 • 과매수 무시 가능 (강세장) 볼린저밴드 • 기간: 20, 편차: 2 • 밴드 폭 점진적 축소 • 상단 밴드 돌파 시 진입 • 중심선 = 손절 기준 OBV (거래량) • 패턴 형성 중 상승 추세 • 가격 신고점 시 OBV도 신고점 • 다이버전스 주의 • 돌파 시 급격한 상승 실전 매매 가이드 보수적 진입: 저항선 돌파 → 풀백 → 재상승 시 진"
126,2025-10-25T03:08:33+09:00,코인패턴 강의 (파밍제작),코인 강의(공부하기),https://mingogogo.tistory.com/126,indicator_feature,OBV,"(강세장) 볼린저밴드 • 기간: 20, 편차: 2 • 밴드 폭 점진적 축소 • 상단 밴드 돌파 시 진입 • 중심선 = 손절 기준 OBV (거래량) • 패턴 형성 중 상승 추세 • 가격 신고점 시 OBV도 신고점 • 다이버전스 주의 • 돌파 시 급격한 상승 실전 매매 가이드 보수적 진입: 저항선 돌파 → 풀백 → 재상승 시 진입 공격적 진입: 저항선 터치 + 거래량 급증 시 즉시 진입 분할"
128,2025-10-31T01:50:50+09:00,학생(고객) 관리 프로그램  관공서 학원 어린이집 등등,코인 강의(공부하기)/파밍놀이터,https://mingogogo.tistory.com/128,engine_or_scoring,강력 추천,"구독료? 이제 안녕! 매달 수만원씩 내던 구독료, 이제 끝입니다. 한 번만 결제하면 평생 사용. 더 이상 매달 나가는 구독료 걱정 없이, 20만원 단 한 번의 투자로 영구 소유하세요! 이런 분들께 강력 추천합니다 ▶ 학원, 교습소, 피아노학원, 태권도장, 미술학원 운영하시는 원장님 ▶ PT샵, 필라테스, 요가 강사님 ▶ 독서실, 스터디카페 운영자님 ▶ 각종 동호회, 소모임 회장님 ▶ 온라인"
134,2025-11-02T23:34:51+09:00,"파밍 제작 ( 업비트,빗썸,바이낸스,뉴스 시스템 )",코인분석,https://mingogogo.tistory.com/134,algorithm_component,매집,"-based mobile and desktop messaging app with a focus on security and speed. web.telegram.org 빗썸,바이낸스 🟡 빗썸 (세력 매집 분석) : https://web.telegram.org/k/#@papaming 🟠 바이낸스 (세력 매집 분석) : https://web.telegram.org/k/#@pamingS2 📰 코인뉴"
134,2025-11-02T23:34:51+09:00,"파밍 제작 ( 업비트,빗썸,바이낸스,뉴스 시스템 )",코인분석,https://mingogogo.tistory.com/134,algorithm_component,매집,"curity and speed. web.telegram.org 빗썸,바이낸스 🟡 빗썸 (세력 매집 분석) : https://web.telegram.org/k/#@papaming 🟠 바이낸스 (세력 매집 분석) : https://web.telegram.org/k/#@pamingS2 📰 코인뉴스 (뉴스 전문 채널) : https://web.telegram.org/k/#@pamingnews Tel"
141,2025-11-06T14:06:17+09:00,11월6일 목요일 디커플링 바닥권,눌림코인 저장공간,https://mingogogo.tistory.com/141,algorithm_component,거래대금,"15분봉200개 다음날 11월7일 오전 등락율 상승률 기준 정리표 순위 코인명 전일대비(%) 거래대금(백만 원) 1 파일코인 (FIL) 27.02 18,316 2 베이직어텐션토큰 (BAT) 13.33 12,999 3 스토리지 (STORJ) 11.61 4,183 4 테조스 (XTZ) 11.5"
141,2025-11-06T14:06:17+09:00,11월6일 목요일 디커플링 바닥권,눌림코인 저장공간,https://mingogogo.tistory.com/141,algorithm_component,거래대금,"S) 3.30 2,353 요약 현재 시장은 중소형 알트 중심의 강한 반등세가 뚜렷함. 파일코인이 27% 급등하며 주도 중이며, 베이직어텐션토큰·스토리지·테조스 등도 두 자릿수 상승. 중상위권에서는 거래대금 많은 미나·아더·그로스톨코인 등이 시장 흐름을 이끌고 있음"
165,2025-11-15T03:19:14+09:00,암호화폐(코인)투자 가이드 금리란?,카테고리 없음,https://mingogogo.tistory.com/165,indicator_feature,RSI,로드맵 지연 → 해당 코인 하락 주말 저유동성 급락 → 거래량 적은 시간대 악용 비트코인 도미넌스 급등 → 알트코인 자금 이탈 🟢 Level 1: 단순 조정 (1~3% 하락) 단기 과매수 해소 → RSI 70 이상일 때 나타남 차익실현 매물 → 급등 후 자연스러운 현상 시장 정상 변동성 → 특별한 이유 없는 등락 기술적 지지선 테스트 → 건강한 되돌림 📱 실시간 악재 모니터링 방법 트위터:
165,2025-11-15T03:19:14+09:00,암호화폐(코인)투자 가이드 금리란?,카테고리 없음,https://mingogogo.tistory.com/165,indicator_feature,RSI,"비중 복귀 + 고평가 자산 매도 완료 효과: 고점에서 팔고 저점에서 사는 효과 자동 구현 💡 투자 성공을 위한 최종 체크리스트 ✅ 매일 해야 할 것 아침 9시: 비트코인 차트 확인 (200일선, RSI, 거래량) 오전 10시: 경제 캘린더 확인 (오늘 중요 지표 발표 있나?) 오후 2시: 포트폴리오 점검 (각 코인 손익률) 오후 10시: 미국 장 오픈 전 뉴스 확인 자기 전: 손절매 주문"
169,2025-11-16T15:27:59+09:00,MINJINE 코인 자동화 사업 로드맵,카테고리 없음,https://mingogogo.tistory.com/169,indicator_feature,RCI,G 알고리즘 피보나치 분석 - 되돌림/확장 자동 계산 볼린저 밴드 분석 - 변동성 추적 거래량 프로파일 - 주요 지지/저항선 파악 매매 신호 시스템 매매 타이밍 알림 - 진입/청산 신호 자동 감지 RCI 지표 분석 - 과매수/과매도 판단 Squeeze Momentum - 변동성 돌파 포착 가격 알림 봇 - 맞춤형 알림 설정 자동화 시스템 (텔레그램) 자동추천봇 뉴스 바닥권분석 디커플링분석 눌
169,2025-11-16T15:27:59+09:00,MINJINE 코인 자동화 사업 로드맵,카테고리 없음,https://mingogogo.tistory.com/169,indicator_feature,RCI,. 프로그램 번들 패키지 입문자 패키지 (30만원) 실시간 차트 분석 매매 타이밍 알림 가격 알림 봇 모바일 대시보드 기본 교육 자료 중급자 패키지 (50만원) 입문자 패키지 전체 파동 패턴 예측 RCI/Squeeze Momentum 자동 손절/익절 백테스팅 시뮬레이터 전문가 패키지 (80만원) 중급자 패키지 전체 자동매매 봇 커스텀 지표 빌더 1:1 컨설팅 (월 1회) 평생 업데이트 D.
173,2025-11-19T23:04:53+09:00,MINJINE 마케팅 전략,매출 폭발 마케팅 실전기,https://mingogogo.tistory.com/173,indicator_feature,RCI,"중심으로의 전환이 필요 합니다. 3가지 수익 모델 3-5만원 텔레그램 구독료 10-15만원 프로그램 라이센스 500-3000만원 B2B 시스템 판매 현재 마케팅의 문제점 기능 중심 커뮤니케이션: ""RCI 지표"", ""Squeeze Momentum"" 같은 기술 용어가 아니라, 그것이 트레이더에게 주는 실제 가치 를 강조해야 합니다. 타겟 고객 불명확: 개인"
173,2025-11-19T23:04:53+09:00,MINJINE 마케팅 전략,매출 폭발 마케팅 실전기,https://mingogogo.tistory.com/173,indicator_feature,RCI,"MINJINE의 가치 제안 재정립 🎨 현재 vs 새로운 가치 제안 ❌ 현재 (기능 중심) ""업비트, 빗썸, 바이낸스 자동 매매 프로그램을 제공합니다. RCI, Squeeze Momentum, Elliott Wave 등 다양한 기술적 지표를 지원합니다."" ✅ 새로운 (가치 중심) 개인 투자자용: ""24시간 모니터링하지 않아도 최적의 매매 타이밍을"
173,2025-11-19T23:04:53+09:00,MINJINE 마케팅 전략,매출 폭발 마케팅 실전기,https://mingogogo.tistory.com/173,indicator_feature,RCI,"구조 1단계: 인지 (Awareness) - 무료 가치 제공 목표: 최대한 많은 사람에게 도달, 브랜드 인지도 구축 교육 콘텐츠: - ""코인 자동매매 완벽 가이드"" (YouTube 시리즈) - ""RCI 지표 쉽게 이해하기"" (블로그) - ""업비트 API 사용법"" (무료 PDF) 시장 분석: - ""이번 주 비트코인 전망"" (매주 월요일) - ""알트코인 추천 Top 5"" (월 2회) - ""시장"
179,2025-11-22T20:25:37+09:00,제안서,카테고리 없음,https://mingogogo.tistory.com/179,indicator_feature,RSI,"스 전용 분석 4. 시장 데이터 분석 거래량시간대분석 : 시간대별 거래량 패턴 뉴스대시보드(한글화) : 실시간 뉴스 모니터링 멀티그래프 : 다중 차트 동시 분석 5. 종합 차트 분석 차트분석기 : RSI, ZLSMA, RCI, 볼린저밴드 등 통합 분석 기타 전문 분석 도구 10여종 핵심 기능 텔레그램 완전 자동화 조건 충족 종목 자동으로 텔레그램에 전송 실시간 리스트 자동 업데이트 별도 프로"
179,2025-11-22T20:25:37+09:00,제안서,카테고리 없음,https://mingogogo.tistory.com/179,indicator_feature,RCI,"장 데이터 분석 거래량시간대분석 : 시간대별 거래량 패턴 뉴스대시보드(한글화) : 실시간 뉴스 모니터링 멀티그래프 : 다중 차트 동시 분석 5. 종합 차트 분석 차트분석기 : RSI, ZLSMA, RCI, 볼린저밴드 등 통합 분석 기타 전문 분석 도구 10여종 핵심 기능 텔레그램 완전 자동화 조건 충족 종목 자동으로 텔레그램에 전송 실시간 리스트 자동 업데이트 별도 프로그램 실행 불필요 데이"
179,2025-11-22T20:25:37+09:00,제안서,카테고리 없음,https://mingogogo.tistory.com/179,indicator_feature,SMA,"4. 시장 데이터 분석 거래량시간대분석 : 시간대별 거래량 패턴 뉴스대시보드(한글화) : 실시간 뉴스 모니터링 멀티그래프 : 다중 차트 동시 분석 5. 종합 차트 분석 차트분석기 : RSI, ZLSMA, RCI, 볼린저밴드 등 통합 분석 기타 전문 분석 도구 10여종 핵심 기능 텔레그램 완전 자동화 조건 충족 종목 자동으로 텔레그램에 전송 실시간 리스트 자동 업데이트 별도 프로그램 실행 불"
180,2025-11-22T20:27:46+09:00,제안서,카테고리 없음,https://mingogogo.tistory.com/180,indicator_feature,RSI,"찾기... 이걸 자동화할 수 있다면? 그때부터 프로그래밍을 배우기 시작했습니다. 투자 경력 5년차에, 처음으로 코드를 쳤습니다. 1년간의 몰입 최근 1년은 오로지 프로그램 제작에만 집중했습니다. RSI, ZLSMA, RCI, 볼린저밴드... 이론으로만 알던 지표들을 직접 코드로 구현했습니다. 만들고, 테스트하고, 수정하고, 다시 테스트하고... 매일 밤 12시 넘어서까지 모니터만 봤습니다."
180,2025-11-22T20:27:46+09:00,제안서,카테고리 없음,https://mingogogo.tistory.com/180,indicator_feature,RCI,"화할 수 있다면? 그때부터 프로그래밍을 배우기 시작했습니다. 투자 경력 5년차에, 처음으로 코드를 쳤습니다. 1년간의 몰입 최근 1년은 오로지 프로그램 제작에만 집중했습니다. RSI, ZLSMA, RCI, 볼린저밴드... 이론으로만 알던 지표들을 직접 코드로 구현했습니다. 만들고, 테스트하고, 수정하고, 다시 테스트하고... 매일 밤 12시 넘어서까지 모니터만 봤습니다. 실패도 많았습니다."
180,2025-11-22T20:27:46+09:00,제안서,카테고리 없음,https://mingogogo.tistory.com/180,indicator_feature,SMA,"이걸 자동화할 수 있다면? 그때부터 프로그래밍을 배우기 시작했습니다. 투자 경력 5년차에, 처음으로 코드를 쳤습니다. 1년간의 몰입 최근 1년은 오로지 프로그램 제작에만 집중했습니다. RSI, ZLSMA, RCI, 볼린저밴드... 이론으로만 알던 지표들을 직접 코드로 구현했습니다. 만들고, 테스트하고, 수정하고, 다시 테스트하고... 매일 밤 12시 넘어서까지 모니터만 봤습니다. 실패도 많았"
181,2025-11-23T12:23:49+09:00,11월23일 브리핑,코인 프로그램 인증,https://mingogogo.tistory.com/181,algorithm_component,매집,"분석 등급: 고신뢰도 (High Confidence) / 추천 빈도 4회(67%) * 현재 상태: 아직 시세 분출 전. * 관전 포인트: 프로그램이 가장 높은 점수를 부여했다는 것은 기술적 지표나 매집 패턴이 매우 양호하다는 뜻입니다. 현재 숨 고르기 중일 가능성이 높으므로, 오늘 내일 중으로 시세가 어떻게 변하는지 지켜볼 필요가 있습니다. ⭐ 트리하우스 (TREE) - 2순위 추천 * 분석"
181,2025-11-23T12:23:49+09:00,11월23일 브리핑,코인 프로그램 인증,https://mingogogo.tistory.com/181,algorithm_component,거래대금,등에 따른 하락 위험(Risk)을 알고리즘이 보수적으로 계산했기 때문입니다. 안정적인 수익을 추구하는 제 프로그램의 방향성이 잘 드러난 부분입니다. * 수급 포착: 단순히 가격만 보는 것이 아니라 거래대금(Money Flow)을 함께 분석하니 실시간 급등주 포착률이 높아지고 있습니다. **'데이터는 거짓말을 하지 않는다'**는 것을 다시 한번 느낍니다. 1순위로 뽑힌 엑시인피니티가 과연 어떤
182,2025-11-23T22:39:06+09:00,파밍 코인분석기 후기 [데이터 분석] 급등 신호 포착!,코인 프로그램 인증,https://mingogogo.tistory.com/182,algorithm_component,매집,"흐름을 공개합니다. 시간대별 데이터가 보여주는 '상승 전조'와 '오늘의 주도 섹터'를 확인하세요. 1. [복기] 11월 21일(금): ""상승의 시그널은 미리 온다"" 데이터의 흐름을 보면 세력의 매집과 급등 타이밍이 보입니다. 21일 하루 동안 발생한 극적인 순위 변화가 그 증거입니다. * 점심(12:55) → 저녁(19:11) 흐름 변화 * 히포프로토콜(HP)의 급부상: 점심시간 2번 추"
195,2025-11-25T19:46:08+09:00,바이낸스 인터페이스,코인 강의(공부하기),https://mingogogo.tistory.com/195,algorithm_component,거래대금,".001880 지난 24시간 동안 기록된 최고 거래가 24시간 최저가 0.001865 지난 24시간 동안 기록된 최저 거래가 24시간 거래량 15.2M IQ 24시간 동안 거래된 총 수량 24시간 거래대금 28,504 USDT 24시간 동안 거래된 총 금액(USDT 기준) 호가창 (실시간) 가격 (USDT) 수량 (IQ) 총액 0.001880 281.08K 528 0.001879 63.00K"
198,2025-11-25T20:10:35+09:00,바이낸스 인터페이스,코인 강의(공부하기),https://mingogogo.tistory.com/198,algorithm_component,거래대금,"안 기록된 최고 거래가 24시간 최저 (24h Low) 0.001865 지난 24시간 동안 기록된 최저 거래가 24시간 거래량 (24h Volume) 15.2M IQ 24시간 동안 거래된 총 수량 거래대금 (Quote Vol) 28,504 USDT 24시간 동안 거래된 총 금액(USDT 기준) 호가창 (실시간) Order Book (Live) ❓ 가격 (USDT) Price 수량 (IQ) A"
227,2025-11-29T16:04:16+09:00,4시간봉 200캔들,눌림코인 저장공간,https://mingogogo.tistory.com/227,algorithm_component,매집,바닥권 리스트 메이저코인 매집중
236,2025-11-30T18:31:50+09:00,바이낸스 간접 체험 선물 마진거래,코인 강의(공부하기),https://mingogogo.tistory.com/236,algorithm_component,거래대금,"4.50 +2.34% (+2,234.50) 24시간 최고 (24h High) 98,500.00 24시간 최저 (24h Low) 94,200.00 24시간 거래량 (Volume) 52,345 BTC 거래대금 (Quote Vol) $5.1B 마크 가격 (Mark Price) 97,230.45 지수 가격 (Index Price) 97,228.30 롱/숏 비율 ? 🔄 롱 54.32% 숏 45.68%"
236,2025-11-30T18:31:50+09:00,바이낸스 간접 체험 선물 마진거래,코인 강의(공부하기),https://mingogogo.tistory.com/236,algorithm_component,눌림목,"지션 우세하나, 과매수 구간 접근 중 주의 필요. 지지선 $95,000, 저항선 $98,500. 단기적으로 눌림목 매수 전략 유효. OI 증가세 + 거래량 상승으로 상승 모멘텀 확인. 📈 추세 분석 단기(15분): 상승 | 중기(1시간): 상승 | 장기(4시간): 횡보 20 EMA 위에서 거래 중, 상승"
236,2025-11-30T18:31:50+09:00,바이낸스 간접 체험 선물 마진거래,코인 강의(공부하기),https://mingogogo.tistory.com/236,algorithm_component,눌림목,"⚡ 모멘텀 분석 RSI: 62.4 (중립~강세) | MACD: 골든크로스 진행 중 스퀴즈 모멘텀: 양수 확장 중, 상승 모멘텀 강화. 🎯 매매 전략 제안 • 진입가: $96,500~$97,000 (눌림목 매수) • 손절가: $95,000 (-2.1%) • 1차 목표: $98,500 (+1.3%) | 2차 목표: $100,000 (+2.8%) • 추천 레버리지: 5x~10x (중위험) 추세 강"
236,2025-11-30T18:31:50+09:00,바이낸스 간접 체험 선물 마진거래,코인 강의(공부하기),https://mingogogo.tistory.com/236,indicator_feature,RSI,8.42B ▲ +2.34% 청산 데이터 ? 🔄 24h 롱 청산 $234.5M 24h 숏 청산 $156.2M 1분 5분 15분 1시간 4시간 1일 1주 🕯️ 캔들 📈 라인 📊 뎁스 📊 스퀴즈 ? 📈 RSI ? 📉 MACD ? 📶 거래량 💰 OI AI 시장 브리핑 ? 업데이트: 방금 전 매수 우세 +72 신뢰도 87% BTC/USDT 현재 강세 구간 진입 중. 펀딩비 양수 지속으로 롱 포지션 우
236,2025-11-30T18:31:50+09:00,바이낸스 간접 체험 선물 마진거래,코인 강의(공부하기),https://mingogogo.tistory.com/236,indicator_feature,RSI,"래 중, 상승 추세 유지. 볼린저밴드 중심선 지지 확인. 📊 거래량 분석 현재 거래량: 평균 대비 +23% 증가 매수 체결 비중 58% vs 매도 42%. 대량 매수세 유입 감지. ⚡ 모멘텀 분석 RSI: 62.4 (중립~강세) | MACD: 골든크로스 진행 중 스퀴즈 모멘텀: 양수 확장 중, 상승 모멘텀 강화. 🎯 매매 전략 제안 • 진입가: $96,500~$97,000 (눌림목 매수) •"
236,2025-11-30T18:31:50+09:00,바이낸스 간접 체험 선물 마진거래,코인 강의(공부하기),https://mingogogo.tistory.com/236,indicator_feature,RSI,"| 2차 목표: $100,000 (+2.8%) • 추천 레버리지: 5x~10x (중위험) 추세 강도 ? +68 변동성 ? 중간 시장 심리 ? 탐욕 지지선 ? $95,000 저항선 ? $98,500 RSI 62.4 호가창 ? 📊 📕 📗 0.1 1 10 50 100 가격 수량 누적 97,234.50 +2.34% 지정가 ? 시장가 ? 스탑 ? 교차 ? 격리 ? 20x ? 가격 (Price) 사용가"
236,2025-11-30T18:31:50+09:00,바이낸스 간접 체험 선물 마진거래,코인 강의(공부하기),https://mingogogo.tistory.com/236,indicator_feature,MACD,"+2.34% 청산 데이터 ? 🔄 24h 롱 청산 $234.5M 24h 숏 청산 $156.2M 1분 5분 15분 1시간 4시간 1일 1주 🕯️ 캔들 📈 라인 📊 뎁스 📊 스퀴즈 ? 📈 RSI ? 📉 MACD ? 📶 거래량 💰 OI AI 시장 브리핑 ? 업데이트: 방금 전 매수 우세 +72 신뢰도 87% BTC/USDT 현재 강세 구간 진입 중. 펀딩비 양수 지속으로 롱 포지션 우세하나,"
236,2025-11-30T18:31:50+09:00,바이낸스 간접 체험 선물 마진거래,코인 강의(공부하기),https://mingogogo.tistory.com/236,indicator_feature,MACD,"중심선 지지 확인. 📊 거래량 분석 현재 거래량: 평균 대비 +23% 증가 매수 체결 비중 58% vs 매도 42%. 대량 매수세 유입 감지. ⚡ 모멘텀 분석 RSI: 62.4 (중립~강세) | MACD: 골든크로스 진행 중 스퀴즈 모멘텀: 양수 확장 중, 상승 모멘텀 강화. 🎯 매매 전략 제안 • 진입가: $96,500~$97,000 (눌림목 매수) • 손절가: $95,000 (-2.1%"
236,2025-11-30T18:31:50+09:00,바이낸스 간접 체험 선물 마진거래,코인 강의(공부하기),https://mingogogo.tistory.com/236,indicator_feature,EMA,"단기적으로 눌림목 매수 전략 유효. OI 증가세 + 거래량 상승으로 상승 모멘텀 확인. 📈 추세 분석 단기(15분): 상승 | 중기(1시간): 상승 | 장기(4시간): 횡보 20 EMA 위에서 거래 중, 상승 추세 유지. 볼린저밴드 중심선 지지 확인. 📊 거래량 분석 현재 거래량: 평균 대비 +23% 증가 매수 체결 비중 58% vs 매도 42%. 대량 매수세 유입 감지."
241,2025-12-01T03:52:19+09:00,코인분석 프로그램,코인 프로그램 유료버전,https://mingogogo.tistory.com/241,algorithm_component,타임프레임,"점에서 100점 사이의 단일 점수 로 환산해 보여줍니다. 이제 복잡한 수치를 해석하느라 시간을 낭비하지 마세요. 80점 이상이면 '강세', 20점 미만이면 '약세'. 1분봉부터 30분봉까지 5개의 타임프레임을 동시에 분석해 1초 만에 판단할 수 있습니다. 이는 찰나의 순간이 수익을 좌우하는 스캘핑 매매에서 압도적인 속도 우위를 제공합니다. 2. '내 코인'이 아닌 '시장'을 보다 이 프로그램"
241,2025-12-01T03:52:19+09:00,코인분석 프로그램,코인 프로그램 유료버전,https://mingogogo.tistory.com/241,indicator_feature,RSI,"매매 환경을 뒤바꿀 수 있는지. 그 기술적 강점과 로직을 개발자의 시선에서 풀어보겠습니다. 1. 파편화된 정보를 하나의 '점수'로 차트 분석이 어려운 이유는 봐야 할 지표가 너무 많기 때문입니다. RSI, MACD, 볼린저밴드... 각각의 지표는 서로 다른 이야기를 합니다. 누구는 과매수라 하고, 누구는 아직 상승 여력이 있다고 하죠. 우리는 이 혼란을 정리하기 위해 독자적인 '트렌드 스코어"
241,2025-12-01T03:52:19+09:00,코인분석 프로그램,코인 프로그램 유료버전,https://mingogogo.tistory.com/241,indicator_feature,RSI,"... 각각의 지표는 서로 다른 이야기를 합니다. 누구는 과매수라 하고, 누구는 아직 상승 여력이 있다고 하죠. 우리는 이 혼란을 정리하기 위해 독자적인 '트렌드 스코어링' 시스템을 구축했습니다. RSI, RCI(순위 상관 계수), CCI 등 6가지 핵심 지표를 종합 연산합니다. 그리고 0점에서 100점 사이의 단일 점수 로 환산해 보여줍니다. 이제 복잡한 수치를 해석하느라 시간을 낭비하지"
241,2025-12-01T03:52:19+09:00,코인분석 프로그램,코인 프로그램 유료버전,https://mingogogo.tistory.com/241,indicator_feature,MACD,"을 뒤바꿀 수 있는지. 그 기술적 강점과 로직을 개발자의 시선에서 풀어보겠습니다. 1. 파편화된 정보를 하나의 '점수'로 차트 분석이 어려운 이유는 봐야 할 지표가 너무 많기 때문입니다. RSI, MACD, 볼린저밴드... 각각의 지표는 서로 다른 이야기를 합니다. 누구는 과매수라 하고, 누구는 아직 상승 여력이 있다고 하죠. 우리는 이 혼란을 정리하기 위해 독자적인 '트렌드 스코어링' 시스"
241,2025-12-01T03:52:19+09:00,코인분석 프로그램,코인 프로그램 유료버전,https://mingogogo.tistory.com/241,indicator_feature,MACD,"사양에 구애받지 않으며, 모든 연산은 브라우저단에서 처리되어 보안 측면에서도 안전합니다. 트레이더마다 선호하는 타점은 다릅니다. 그래서 알람 설정을 세분화했습니다. 단순 가격 알람이 아닙니다. 'MACD 골든크로스 발생 시' 'RCI 과매도 진입 시' 기술적 조건이 충족되었을 때만 소리로 알려줍니다. 불필요한 노이즈를 차단하고 매매에만 집중할 수 있습니다. 마치며 MINJINE ULTIMA"
241,2025-12-01T03:52:19+09:00,코인분석 프로그램,코인 프로그램 유료버전,https://mingogogo.tistory.com/241,indicator_feature,RCI,"각의 지표는 서로 다른 이야기를 합니다. 누구는 과매수라 하고, 누구는 아직 상승 여력이 있다고 하죠. 우리는 이 혼란을 정리하기 위해 독자적인 '트렌드 스코어링' 시스템을 구축했습니다. RSI, RCI(순위 상관 계수), CCI 등 6가지 핵심 지표를 종합 연산합니다. 그리고 0점에서 100점 사이의 단일 점수 로 환산해 보여줍니다. 이제 복잡한 수치를 해석하느라 시간을 낭비하지 마세요."
241,2025-12-01T03:52:19+09:00,코인분석 프로그램,코인 프로그램 유료버전,https://mingogogo.tistory.com/241,indicator_feature,RCI,"니다. 이 차트를 보면 명확해집니다. 지금 내가 산 코인이 시장을 주도하는 **'대장주'**인지, 덩달아 오르는 **'후발주'**인지. 이것은 세력의 의도를 파악하는 가장 강력한 무기입니다. 3. RCI와 스퀴즈, 변곡점을 잡다 기존의 이동평균선 지표들은 후행성이 강합니다. 이미 다 오르고 난 뒤에야 매수 신호를 보내곤 하죠. 이를 보완하기 위해 우리는 **RCI(순위 상관 계수)**를 도입"
241,2025-12-01T03:52:19+09:00,코인분석 프로그램,코인 프로그램 유료버전,https://mingogogo.tistory.com/241,indicator_feature,RCI,"는 가장 강력한 무기입니다. 3. RCI와 스퀴즈, 변곡점을 잡다 기존의 이동평균선 지표들은 후행성이 강합니다. 이미 다 오르고 난 뒤에야 매수 신호를 보내곤 하죠. 이를 보완하기 위해 우리는 **RCI(순위 상관 계수)**를 도입했습니다. 가격과 시간의 상관관계를 분석해 추세의 강도와 과열 여부를 매우 민감하게 포착합니다. 여기에 하나 더. 변동성 폭발 직전의 압축 구간을 찾아내는 '스퀴즈"
241,2025-12-01T03:52:19+09:00,코인분석 프로그램,코인 프로그램 유료버전,https://mingogogo.tistory.com/241,indicator_feature,RCI,연산은 브라우저단에서 처리되어 보안 측면에서도 안전합니다. 트레이더마다 선호하는 타점은 다릅니다. 그래서 알람 설정을 세분화했습니다. 단순 가격 알람이 아닙니다. 'MACD 골든크로스 발생 시' 'RCI 과매도 진입 시' 기술적 조건이 충족되었을 때만 소리로 알려줍니다. 불필요한 노이즈를 차단하고 매매에만 집중할 수 있습니다. 마치며 MINJINE ULTIMATE ANALYZER v3.0 '
241,2025-12-01T03:52:19+09:00,코인분석 프로그램,코인 프로그램 유료버전,https://mingogogo.tistory.com/241,indicator_feature,CCI,"기를 합니다. 누구는 과매수라 하고, 누구는 아직 상승 여력이 있다고 하죠. 우리는 이 혼란을 정리하기 위해 독자적인 '트렌드 스코어링' 시스템을 구축했습니다. RSI, RCI(순위 상관 계수), CCI 등 6가지 핵심 지표를 종합 연산합니다. 그리고 0점에서 100점 사이의 단일 점수 로 환산해 보여줍니다. 이제 복잡한 수치를 해석하느라 시간을 낭비하지 마세요. 80점 이상이면 '강세',"
243,2025-12-01T20:12:55+09:00,마진거래 강의 2강,코인 강의(공부하기),https://mingogogo.tistory.com/243,indicator_feature,RSI,추기 희망회로 작동 4 핵심 기술적 지표 완벽 가이드 마진거래에서 성공하려면 기술적 지표를 정확히 이해하고 활용해야 합니다. 단일 지표가 아닌 여러 지표의 조합으로 신호의 신뢰도를 높여야 합니다. RSI (Relative Strength Index) - 상대강도지수 RSI - J. Welles Wilder 개발 RSI는 가격 변동의 속도와 크기를 측정하는 모멘텀 오실레이터입니다. 0에서 10
243,2025-12-01T20:12:55+09:00,마진거래 강의 2강,코인 강의(공부하기),https://mingogogo.tistory.com/243,indicator_feature,RSI,"하려면 기술적 지표를 정확히 이해하고 활용해야 합니다. 단일 지표가 아닌 여러 지표의 조합으로 신호의 신뢰도를 높여야 합니다. RSI (Relative Strength Index) - 상대강도지수 RSI - J. Welles Wilder 개발 RSI는 가격 변동의 속도와 크기를 측정하는 모멘텀 오실레이터입니다. 0에서 100 사이의 값을 가지며, 과매수/과매도 상태를 판단하는 데 사용됩니다."
243,2025-12-01T20:12:55+09:00,마진거래 강의 2강,코인 강의(공부하기),https://mingogogo.tistory.com/243,indicator_feature,RSI,"합니다. 단일 지표가 아닌 여러 지표의 조합으로 신호의 신뢰도를 높여야 합니다. RSI (Relative Strength Index) - 상대강도지수 RSI - J. Welles Wilder 개발 RSI는 가격 변동의 속도와 크기를 측정하는 모멘텀 오실레이터입니다. 0에서 100 사이의 값을 가지며, 과매수/과매도 상태를 판단하는 데 사용됩니다. RSI 계산 공식 RSI = 100 - (10"
243,2025-12-01T20:12:55+09:00,마진거래 강의 2강,코인 강의(공부하기),https://mingogogo.tistory.com/243,indicator_feature,RSI,"SI - J. Welles Wilder 개발 RSI는 가격 변동의 속도와 크기를 측정하는 모멘텀 오실레이터입니다. 0에서 100 사이의 값을 가지며, 과매수/과매도 상태를 판단하는 데 사용됩니다. RSI 계산 공식 RSI = 100 - (100 / (1 + RS)) RS = 평균 상승폭 / 평균 하락폭 14 기본 기간 70 과매수 기준 30 과매도 기준 50 중립선 RSI 다이버전스 활용 강"
243,2025-12-01T20:12:55+09:00,마진거래 강의 2강,코인 강의(공부하기),https://mingogogo.tistory.com/243,indicator_feature,RSI,"lles Wilder 개발 RSI는 가격 변동의 속도와 크기를 측정하는 모멘텀 오실레이터입니다. 0에서 100 사이의 값을 가지며, 과매수/과매도 상태를 판단하는 데 사용됩니다. RSI 계산 공식 RSI = 100 - (100 / (1 + RS)) RS = 평균 상승폭 / 평균 하락폭 14 기본 기간 70 과매수 기준 30 과매도 기준 50 중립선 RSI 다이버전스 활용 강세 다이버전스 (매"
243,2025-12-01T20:12:55+09:00,마진거래 강의 2강,코인 강의(공부하기),https://mingogogo.tistory.com/243,indicator_feature,RSI,"판단하는 데 사용됩니다. RSI 계산 공식 RSI = 100 - (100 / (1 + RS)) RS = 평균 상승폭 / 평균 하락폭 14 기본 기간 70 과매수 기준 30 과매도 기준 50 중립선 RSI 다이버전스 활용 강세 다이버전스 (매수 신호) 가격: 저점이 더 낮아짐 RSI: 저점이 더 높아짐 의미: 하락세 약화, 반등 가능성 약세 다이버전스 (매도 신호) 가격: 고점이 더 높아짐 R"
243,2025-12-01T20:12:55+09:00,마진거래 강의 2강,코인 강의(공부하기),https://mingogogo.tistory.com/243,indicator_feature,RSI,"1 + RS)) RS = 평균 상승폭 / 평균 하락폭 14 기본 기간 70 과매수 기준 30 과매도 기준 50 중립선 RSI 다이버전스 활용 강세 다이버전스 (매수 신호) 가격: 저점이 더 낮아짐 RSI: 저점이 더 높아짐 의미: 하락세 약화, 반등 가능성 약세 다이버전스 (매도 신호) 가격: 고점이 더 높아짐 RSI: 고점이 더 낮아짐 의미: 상승세 약화, 하락 가능성 MACD (Movin"
243,2025-12-01T20:12:55+09:00,마진거래 강의 2강,코인 강의(공부하기),https://mingogogo.tistory.com/243,indicator_feature,RSI,"RSI 다이버전스 활용 강세 다이버전스 (매수 신호) 가격: 저점이 더 낮아짐 RSI: 저점이 더 높아짐 의미: 하락세 약화, 반등 가능성 약세 다이버전스 (매도 신호) 가격: 고점이 더 높아짐 RSI: 고점이 더 낮아짐 의미: 상승세 약화, 하락 가능성 MACD (Moving Average Convergence Divergence) MACD - Gerald Appel 개발 MACD는 추세"
243,2025-12-01T20:12:55+09:00,마진거래 강의 2강,코인 강의(공부하기),https://mingogogo.tistory.com/243,indicator_feature,RSI,"니다. 밴드 반전 전략 (Mean Reversion) 가격이 상단 밴드에 닿으면 과매수 가능성, 하단 밴드에 닿으면 과매도 가능성이 있습니다. 단, 강한 추세에서는 밴드를 따라 움직일 수 있으므로 RSI나 MACD와 함께 확인해야 합니다. 3대 지표 복합 전략 ★ RSI + MACD + 볼린저밴드 통합 전략 세 지표를 함께 사용하면 거짓 신호를 줄이고 진입 타이밍의 정확도를 높일 수 있습니다"
243,2025-12-01T20:12:55+09:00,마진거래 강의 2강,코인 강의(공부하기),https://mingogogo.tistory.com/243,indicator_feature,RSI,"드에 닿으면 과매수 가능성, 하단 밴드에 닿으면 과매도 가능성이 있습니다. 단, 강한 추세에서는 밴드를 따라 움직일 수 있으므로 RSI나 MACD와 함께 확인해야 합니다. 3대 지표 복합 전략 ★ RSI + MACD + 볼린저밴드 통합 전략 세 지표를 함께 사용하면 거짓 신호를 줄이고 진입 타이밍의 정확도를 높일 수 있습니다. 강력 매수 신호 조건 가격이 볼린저 하단 밴드 터치 또는 이탈 R"
243,2025-12-01T20:12:55+09:00,마진거래 강의 2강,코인 강의(공부하기),https://mingogogo.tistory.com/243,indicator_feature,RSI,RSI + MACD + 볼린저밴드 통합 전략 세 지표를 함께 사용하면 거짓 신호를 줄이고 진입 타이밍의 정확도를 높일 수 있습니다. 강력 매수 신호 조건 가격이 볼린저 하단 밴드 터치 또는 이탈 RSI가 30 이하에서 상승 전환 MACD 히스토그램이 적색→녹색 전환 MACD 라인이 시그널 라인 상향 돌파 강력 매도 신호 조건 가격이 볼린저 상단 밴드 터치 또는 이탈 RSI가 70 이상에서
243,2025-12-01T20:12:55+09:00,마진거래 강의 2강,코인 강의(공부하기),https://mingogogo.tistory.com/243,indicator_feature,RSI,밴드 터치 또는 이탈 RSI가 30 이하에서 상승 전환 MACD 히스토그램이 적색→녹색 전환 MACD 라인이 시그널 라인 상향 돌파 강력 매도 신호 조건 가격이 볼린저 상단 밴드 터치 또는 이탈 RSI가 70 이상에서 하락 전환 MACD 히스토그램이 녹색→적색 전환 MACD 라인이 시그널 라인 하향 돌파 복합 신호 사용 팁 세 가지 조건이 모두 충족될 때가 가장 강력한 신호입니다. 하지만
243,2025-12-01T20:12:55+09:00,마진거래 강의 2강,코인 강의(공부하기),https://mingogogo.tistory.com/243,indicator_feature,RSI,호 사용 팁 세 가지 조건이 모두 충족될 때가 가장 강력한 신호입니다. 하지만 모든 조건이 완벽하게 맞는 경우는 드뭅니다. 최소 2개 이상의 지표가 같은 방향을 가리킬 때 진입을 고려하세요. 특히 RSI 다이버전스 + MACD 크로스오버 의 조합은 매우 신뢰도가 높습니다. 5 리스크 관리의 철칙 - 자금 보호 전략 마진거래에서 살아남는 트레이더와 실패하는 트레이더의 차이는 리스크 관리에 있습
243,2025-12-01T20:12:55+09:00,마진거래 강의 2강,코인 강의(공부하기),https://mingogogo.tistory.com/243,indicator_feature,RSI,"전략을 소개합니다. 진입 전 체크리스트 ✓ 포지션 진입 전 필수 확인사항 추세 확인: 상위 시간봉(4시간, 일봉)의 추세 방향 파악 지지/저항 분석: 주요 지지선과 저항선 위치 확인 지표 신호: RSI, MACD, 볼린저밴드 등 2개 이상 지표의 동시 신호 거래량 확인: 돌파 시 거래량 증가 여부 손절가 설정: 진입 전 손절가 반드시 결정 목표가 설정: 리스크-보상 비율 1:2 이상 확보"
243,2025-12-01T20:12:55+09:00,마진거래 강의 2강,코인 강의(공부하기),https://mingogogo.tistory.com/243,indicator_feature,RSI,"돌림(Pullback) 대기 상승 추세에서 가격이 20 EMA 또는 50 EMA로 되돌림을 기다립니다. 반전 캔들 확인 되돌림 후 망치형, 상승 장악형 등 반전 캔들 패턴을 확인합니다. 지표 확인 RSI가 30-50 영역에서 상승 전환, MACD 히스토그램 증가를 확인합니다. 진입 및 손절 설정 반전 캔들 고가 돌파 시 진입, 되돌림 저점 아래에 손절 설정. 브레이크아웃 진입 전략 B 저항선"
243,2025-12-01T20:12:55+09:00,마진거래 강의 2강,코인 강의(공부하기),https://mingogogo.tistory.com/243,indicator_feature,MACD,"저점이 더 낮아짐 RSI: 저점이 더 높아짐 의미: 하락세 약화, 반등 가능성 약세 다이버전스 (매도 신호) 가격: 고점이 더 높아짐 RSI: 고점이 더 낮아짐 의미: 상승세 약화, 하락 가능성 MACD (Moving Average Convergence Divergence) MACD - Gerald Appel 개발 MACD는 추세 추종과 모멘텀을 동시에 측정하는 지표입니다. 두 이동평균선의"
243,2025-12-01T20:12:55+09:00,마진거래 강의 2강,코인 강의(공부하기),https://mingogogo.tistory.com/243,indicator_feature,MACD,"약세 다이버전스 (매도 신호) 가격: 고점이 더 높아짐 RSI: 고점이 더 낮아짐 의미: 상승세 약화, 하락 가능성 MACD (Moving Average Convergence Divergence) MACD - Gerald Appel 개발 MACD는 추세 추종과 모멘텀을 동시에 측정하는 지표입니다. 두 이동평균선의 차이를 통해 추세의 방향과 강도를 파악합니다. MACD 구성요소 MACD Lin"
243,2025-12-01T20:12:55+09:00,마진거래 강의 2강,코인 강의(공부하기),https://mingogogo.tistory.com/243,indicator_feature,MACD,"이 더 높아짐 RSI: 고점이 더 낮아짐 의미: 상승세 약화, 하락 가능성 MACD (Moving Average Convergence Divergence) MACD - Gerald Appel 개발 MACD는 추세 추종과 모멘텀을 동시에 측정하는 지표입니다. 두 이동평균선의 차이를 통해 추세의 방향과 강도를 파악합니다. MACD 구성요소 MACD Line = 12일 EMA - 26일 EMA S"
243,2025-12-01T20:12:55+09:00,마진거래 강의 2강,코인 강의(공부하기),https://mingogogo.tistory.com/243,indicator_feature,MACD,gence Divergence) MACD - Gerald Appel 개발 MACD는 추세 추종과 모멘텀을 동시에 측정하는 지표입니다. 두 이동평균선의 차이를 통해 추세의 방향과 강도를 파악합니다. MACD 구성요소 MACD Line = 12일 EMA - 26일 EMA Signal Line = MACD의 9일 EMA Histogram = MACD Line - Signal Line 12 빠른 E
243,2025-12-01T20:12:55+09:00,마진거래 강의 2강,코인 강의(공부하기),https://mingogogo.tistory.com/243,indicator_feature,MACD,rgence) MACD - Gerald Appel 개발 MACD는 추세 추종과 모멘텀을 동시에 측정하는 지표입니다. 두 이동평균선의 차이를 통해 추세의 방향과 강도를 파악합니다. MACD 구성요소 MACD Line = 12일 EMA - 26일 EMA Signal Line = MACD의 9일 EMA Histogram = MACD Line - Signal Line 12 빠른 EMA 26 느린 E
243,2025-12-01T20:12:55+09:00,마진거래 강의 2강,코인 강의(공부하기),https://mingogogo.tistory.com/243,indicator_feature,MACD,모멘텀을 동시에 측정하는 지표입니다. 두 이동평균선의 차이를 통해 추세의 방향과 강도를 파악합니다. MACD 구성요소 MACD Line = 12일 EMA - 26일 EMA Signal Line = MACD의 9일 EMA Histogram = MACD Line - Signal Line 12 빠른 EMA 26 느린 EMA 9 시그널 EMA MACD 신호 해석 신호 유형 조건 해석 신뢰도 골든 크
243,2025-12-01T20:12:55+09:00,마진거래 강의 2강,코인 강의(공부하기),https://mingogogo.tistory.com/243,indicator_feature,MACD,평균선의 차이를 통해 추세의 방향과 강도를 파악합니다. MACD 구성요소 MACD Line = 12일 EMA - 26일 EMA Signal Line = MACD의 9일 EMA Histogram = MACD Line - Signal Line 12 빠른 EMA 26 느린 EMA 9 시그널 EMA MACD 신호 해석 신호 유형 조건 해석 신뢰도 골든 크로스 MACD가 Signal 상향 돌파 매수
243,2025-12-01T20:12:55+09:00,마진거래 강의 2강,코인 강의(공부하기),https://mingogogo.tistory.com/243,indicator_feature,MACD,2일 EMA - 26일 EMA Signal Line = MACD의 9일 EMA Histogram = MACD Line - Signal Line 12 빠른 EMA 26 느린 EMA 9 시그널 EMA MACD 신호 해석 신호 유형 조건 해석 신뢰도 골든 크로스 MACD가 Signal 상향 돌파 매수 신호 ★★★★☆ 데드 크로스 MACD가 Signal 하향 돌파 매도 신호 ★★★★☆ 제로선 상향
243,2025-12-01T20:12:55+09:00,마진거래 강의 2강,코인 강의(공부하기),https://mingogogo.tistory.com/243,indicator_feature,MACD,D의 9일 EMA Histogram = MACD Line - Signal Line 12 빠른 EMA 26 느린 EMA 9 시그널 EMA MACD 신호 해석 신호 유형 조건 해석 신뢰도 골든 크로스 MACD가 Signal 상향 돌파 매수 신호 ★★★★☆ 데드 크로스 MACD가 Signal 하향 돌파 매도 신호 ★★★★☆ 제로선 상향 돌파 MACD > 0 상승 추세 확인 ★★★★★ 히스토그램 확
243,2025-12-01T20:12:55+09:00,마진거래 강의 2강,코인 강의(공부하기),https://mingogogo.tistory.com/243,indicator_feature,MACD,al Line 12 빠른 EMA 26 느린 EMA 9 시그널 EMA MACD 신호 해석 신호 유형 조건 해석 신뢰도 골든 크로스 MACD가 Signal 상향 돌파 매수 신호 ★★★★☆ 데드 크로스 MACD가 Signal 하향 돌파 매도 신호 ★★★★☆ 제로선 상향 돌파 MACD > 0 상승 추세 확인 ★★★★★ 히스토그램 확대 막대 크기 증가 추세 강화 ★★★☆☆ 볼린저 밴드 (Bolling
243,2025-12-01T20:12:55+09:00,마진거래 강의 2강,코인 강의(공부하기),https://mingogogo.tistory.com/243,indicator_feature,MACD,D 신호 해석 신호 유형 조건 해석 신뢰도 골든 크로스 MACD가 Signal 상향 돌파 매수 신호 ★★★★☆ 데드 크로스 MACD가 Signal 하향 돌파 매도 신호 ★★★★☆ 제로선 상향 돌파 MACD > 0 상승 추세 확인 ★★★★★ 히스토그램 확대 막대 크기 증가 추세 강화 ★★★☆☆ 볼린저 밴드 (Bollinger Bands) 볼린저 밴드 - John Bollinger 개발 볼린저
243,2025-12-01T20:12:55+09:00,마진거래 강의 2강,코인 강의(공부하기),https://mingogogo.tistory.com/243,indicator_feature,MACD,"드 반전 전략 (Mean Reversion) 가격이 상단 밴드에 닿으면 과매수 가능성, 하단 밴드에 닿으면 과매도 가능성이 있습니다. 단, 강한 추세에서는 밴드를 따라 움직일 수 있으므로 RSI나 MACD와 함께 확인해야 합니다. 3대 지표 복합 전략 ★ RSI + MACD + 볼린저밴드 통합 전략 세 지표를 함께 사용하면 거짓 신호를 줄이고 진입 타이밍의 정확도를 높일 수 있습니다. 강력"
243,2025-12-01T20:12:55+09:00,마진거래 강의 2강,코인 강의(공부하기),https://mingogogo.tistory.com/243,indicator_feature,MACD,"과매수 가능성, 하단 밴드에 닿으면 과매도 가능성이 있습니다. 단, 강한 추세에서는 밴드를 따라 움직일 수 있으므로 RSI나 MACD와 함께 확인해야 합니다. 3대 지표 복합 전략 ★ RSI + MACD + 볼린저밴드 통합 전략 세 지표를 함께 사용하면 거짓 신호를 줄이고 진입 타이밍의 정확도를 높일 수 있습니다. 강력 매수 신호 조건 가격이 볼린저 하단 밴드 터치 또는 이탈 RSI가 30"
243,2025-12-01T20:12:55+09:00,마진거래 강의 2강,코인 강의(공부하기),https://mingogogo.tistory.com/243,indicator_feature,MACD,통합 전략 세 지표를 함께 사용하면 거짓 신호를 줄이고 진입 타이밍의 정확도를 높일 수 있습니다. 강력 매수 신호 조건 가격이 볼린저 하단 밴드 터치 또는 이탈 RSI가 30 이하에서 상승 전환 MACD 히스토그램이 적색→녹색 전환 MACD 라인이 시그널 라인 상향 돌파 강력 매도 신호 조건 가격이 볼린저 상단 밴드 터치 또는 이탈 RSI가 70 이상에서 하락 전환 MACD 히스토그램이 녹
243,2025-12-01T20:12:55+09:00,마진거래 강의 2강,코인 강의(공부하기),https://mingogogo.tistory.com/243,indicator_feature,MACD,거짓 신호를 줄이고 진입 타이밍의 정확도를 높일 수 있습니다. 강력 매수 신호 조건 가격이 볼린저 하단 밴드 터치 또는 이탈 RSI가 30 이하에서 상승 전환 MACD 히스토그램이 적색→녹색 전환 MACD 라인이 시그널 라인 상향 돌파 강력 매도 신호 조건 가격이 볼린저 상단 밴드 터치 또는 이탈 RSI가 70 이상에서 하락 전환 MACD 히스토그램이 녹색→적색 전환 MACD 라인이 시그널
243,2025-12-01T20:12:55+09:00,마진거래 강의 2강,코인 강의(공부하기),https://mingogogo.tistory.com/243,indicator_feature,MACD,0 이하에서 상승 전환 MACD 히스토그램이 적색→녹색 전환 MACD 라인이 시그널 라인 상향 돌파 강력 매도 신호 조건 가격이 볼린저 상단 밴드 터치 또는 이탈 RSI가 70 이상에서 하락 전환 MACD 히스토그램이 녹색→적색 전환 MACD 라인이 시그널 라인 하향 돌파 복합 신호 사용 팁 세 가지 조건이 모두 충족될 때가 가장 강력한 신호입니다. 하지만 모든 조건이 완벽하게 맞는 경우는
243,2025-12-01T20:12:55+09:00,마진거래 강의 2강,코인 강의(공부하기),https://mingogogo.tistory.com/243,indicator_feature,MACD,그램이 적색→녹색 전환 MACD 라인이 시그널 라인 상향 돌파 강력 매도 신호 조건 가격이 볼린저 상단 밴드 터치 또는 이탈 RSI가 70 이상에서 하락 전환 MACD 히스토그램이 녹색→적색 전환 MACD 라인이 시그널 라인 하향 돌파 복합 신호 사용 팁 세 가지 조건이 모두 충족될 때가 가장 강력한 신호입니다. 하지만 모든 조건이 완벽하게 맞는 경우는 드뭅니다. 최소 2개 이상의 지표가 같
243,2025-12-01T20:12:55+09:00,마진거래 강의 2강,코인 강의(공부하기),https://mingogogo.tistory.com/243,indicator_feature,MACD,조건이 모두 충족될 때가 가장 강력한 신호입니다. 하지만 모든 조건이 완벽하게 맞는 경우는 드뭅니다. 최소 2개 이상의 지표가 같은 방향을 가리킬 때 진입을 고려하세요. 특히 RSI 다이버전스 + MACD 크로스오버 의 조합은 매우 신뢰도가 높습니다. 5 리스크 관리의 철칙 - 자금 보호 전략 마진거래에서 살아남는 트레이더와 실패하는 트레이더의 차이는 리스크 관리에 있습니다. 아무리 좋은 전
243,2025-12-01T20:12:55+09:00,마진거래 강의 2강,코인 강의(공부하기),https://mingogogo.tistory.com/243,indicator_feature,MACD,"소개합니다. 진입 전 체크리스트 ✓ 포지션 진입 전 필수 확인사항 추세 확인: 상위 시간봉(4시간, 일봉)의 추세 방향 파악 지지/저항 분석: 주요 지지선과 저항선 위치 확인 지표 신호: RSI, MACD, 볼린저밴드 등 2개 이상 지표의 동시 신호 거래량 확인: 돌파 시 거래량 증가 여부 손절가 설정: 진입 전 손절가 반드시 결정 목표가 설정: 리스크-보상 비율 1:2 이상 확보 포지션 크"
243,2025-12-01T20:12:55+09:00,마진거래 강의 2강,코인 강의(공부하기),https://mingogogo.tistory.com/243,indicator_feature,MACD,"가격이 20 EMA 또는 50 EMA로 되돌림을 기다립니다. 반전 캔들 확인 되돌림 후 망치형, 상승 장악형 등 반전 캔들 패턴을 확인합니다. 지표 확인 RSI가 30-50 영역에서 상승 전환, MACD 히스토그램 증가를 확인합니다. 진입 및 손절 설정 반전 캔들 고가 돌파 시 진입, 되돌림 저점 아래에 손절 설정. 브레이크아웃 진입 전략 B 저항선 돌파 매매 유효한 돌파의 조건 캔들 마감"
243,2025-12-01T20:12:55+09:00,마진거래 강의 2강,코인 강의(공부하기),https://mingogogo.tistory.com/243,indicator_feature,EMA,erald Appel 개발 MACD는 추세 추종과 모멘텀을 동시에 측정하는 지표입니다. 두 이동평균선의 차이를 통해 추세의 방향과 강도를 파악합니다. MACD 구성요소 MACD Line = 12일 EMA - 26일 EMA Signal Line = MACD의 9일 EMA Histogram = MACD Line - Signal Line 12 빠른 EMA 26 느린 EMA 9 시그널 EMA MAC
243,2025-12-01T20:12:55+09:00,마진거래 강의 2강,코인 강의(공부하기),https://mingogogo.tistory.com/243,indicator_feature,EMA,l 개발 MACD는 추세 추종과 모멘텀을 동시에 측정하는 지표입니다. 두 이동평균선의 차이를 통해 추세의 방향과 강도를 파악합니다. MACD 구성요소 MACD Line = 12일 EMA - 26일 EMA Signal Line = MACD의 9일 EMA Histogram = MACD Line - Signal Line 12 빠른 EMA 26 느린 EMA 9 시그널 EMA MACD 신호 해석 신호
243,2025-12-01T20:12:55+09:00,마진거래 강의 2강,코인 강의(공부하기),https://mingogogo.tistory.com/243,indicator_feature,EMA,측정하는 지표입니다. 두 이동평균선의 차이를 통해 추세의 방향과 강도를 파악합니다. MACD 구성요소 MACD Line = 12일 EMA - 26일 EMA Signal Line = MACD의 9일 EMA Histogram = MACD Line - Signal Line 12 빠른 EMA 26 느린 EMA 9 시그널 EMA MACD 신호 해석 신호 유형 조건 해석 신뢰도 골든 크로스 MACD가
243,2025-12-01T20:12:55+09:00,마진거래 강의 2강,코인 강의(공부하기),https://mingogogo.tistory.com/243,indicator_feature,EMA,MACD 구성요소 MACD Line = 12일 EMA - 26일 EMA Signal Line = MACD의 9일 EMA Histogram = MACD Line - Signal Line 12 빠른 EMA 26 느린 EMA 9 시그널 EMA MACD 신호 해석 신호 유형 조건 해석 신뢰도 골든 크로스 MACD가 Signal 상향 돌파 매수 신호 ★★★★☆ 데드 크로스 MACD가 Signal 하
243,2025-12-01T20:12:55+09:00,마진거래 강의 2강,코인 강의(공부하기),https://mingogogo.tistory.com/243,indicator_feature,EMA,MACD Line = 12일 EMA - 26일 EMA Signal Line = MACD의 9일 EMA Histogram = MACD Line - Signal Line 12 빠른 EMA 26 느린 EMA 9 시그널 EMA MACD 신호 해석 신호 유형 조건 해석 신뢰도 골든 크로스 MACD가 Signal 상향 돌파 매수 신호 ★★★★☆ 데드 크로스 MACD가 Signal 하향 돌파 매도 신호
243,2025-12-01T20:12:55+09:00,마진거래 강의 2강,코인 강의(공부하기),https://mingogogo.tistory.com/243,indicator_feature,EMA,= 12일 EMA - 26일 EMA Signal Line = MACD의 9일 EMA Histogram = MACD Line - Signal Line 12 빠른 EMA 26 느린 EMA 9 시그널 EMA MACD 신호 해석 신호 유형 조건 해석 신뢰도 골든 크로스 MACD가 Signal 상향 돌파 매수 신호 ★★★★☆ 데드 크로스 MACD가 Signal 하향 돌파 매도 신호 ★★★★☆ 제로선
243,2025-12-01T20:12:55+09:00,마진거래 강의 2강,코인 강의(공부하기),https://mingogogo.tistory.com/243,indicator_feature,EMA,상 비율 1:2 이상 확보 포지션 크기: 1-2% 룰에 따른 적정 포지션 계산 뉴스/이벤트: 당일 중요 뉴스나 이벤트 확인 추세 추종 진입 전략 T 이동평균선 기반 추세 추종 추세 방향 확인 20 EMA > 50 EMA > 200 EMA: 상승 추세 → 롱 포지션만 고려 20 EMA < 50 EMA < 200 EMA: 하락 추세 → 숏 포지션만 고려 되돌림(Pullback) 대기 상승 추세에
243,2025-12-01T20:12:55+09:00,마진거래 강의 2강,코인 강의(공부하기),https://mingogogo.tistory.com/243,indicator_feature,EMA,이상 확보 포지션 크기: 1-2% 룰에 따른 적정 포지션 계산 뉴스/이벤트: 당일 중요 뉴스나 이벤트 확인 추세 추종 진입 전략 T 이동평균선 기반 추세 추종 추세 방향 확인 20 EMA > 50 EMA > 200 EMA: 상승 추세 → 롱 포지션만 고려 20 EMA < 50 EMA < 200 EMA: 하락 추세 → 숏 포지션만 고려 되돌림(Pullback) 대기 상승 추세에서 가격이 20
243,2025-12-01T20:12:55+09:00,마진거래 강의 2강,코인 강의(공부하기),https://mingogogo.tistory.com/243,indicator_feature,EMA,크기: 1-2% 룰에 따른 적정 포지션 계산 뉴스/이벤트: 당일 중요 뉴스나 이벤트 확인 추세 추종 진입 전략 T 이동평균선 기반 추세 추종 추세 방향 확인 20 EMA > 50 EMA > 200 EMA: 상승 추세 → 롱 포지션만 고려 20 EMA < 50 EMA < 200 EMA: 하락 추세 → 숏 포지션만 고려 되돌림(Pullback) 대기 상승 추세에서 가격이 20 EMA 또는 50
243,2025-12-01T20:12:55+09:00,마진거래 강의 2강,코인 강의(공부하기),https://mingogogo.tistory.com/243,indicator_feature,EMA,스/이벤트: 당일 중요 뉴스나 이벤트 확인 추세 추종 진입 전략 T 이동평균선 기반 추세 추종 추세 방향 확인 20 EMA > 50 EMA > 200 EMA: 상승 추세 → 롱 포지션만 고려 20 EMA < 50 EMA < 200 EMA: 하락 추세 → 숏 포지션만 고려 되돌림(Pullback) 대기 상승 추세에서 가격이 20 EMA 또는 50 EMA로 되돌림을 기다립니다. 반전 캔들 확인
243,2025-12-01T20:12:55+09:00,마진거래 강의 2강,코인 강의(공부하기),https://mingogogo.tistory.com/243,indicator_feature,EMA,중요 뉴스나 이벤트 확인 추세 추종 진입 전략 T 이동평균선 기반 추세 추종 추세 방향 확인 20 EMA > 50 EMA > 200 EMA: 상승 추세 → 롱 포지션만 고려 20 EMA < 50 EMA < 200 EMA: 하락 추세 → 숏 포지션만 고려 되돌림(Pullback) 대기 상승 추세에서 가격이 20 EMA 또는 50 EMA로 되돌림을 기다립니다. 반전 캔들 확인 되돌림 후 망치형
243,2025-12-01T20:12:55+09:00,마진거래 강의 2강,코인 강의(공부하기),https://mingogogo.tistory.com/243,indicator_feature,EMA,"트 확인 추세 추종 진입 전략 T 이동평균선 기반 추세 추종 추세 방향 확인 20 EMA > 50 EMA > 200 EMA: 상승 추세 → 롱 포지션만 고려 20 EMA < 50 EMA < 200 EMA: 하락 추세 → 숏 포지션만 고려 되돌림(Pullback) 대기 상승 추세에서 가격이 20 EMA 또는 50 EMA로 되돌림을 기다립니다. 반전 캔들 확인 되돌림 후 망치형, 상승 장악형 등"
243,2025-12-01T20:12:55+09:00,마진거래 강의 2강,코인 강의(공부하기),https://mingogogo.tistory.com/243,indicator_feature,EMA,"EMA > 200 EMA: 상승 추세 → 롱 포지션만 고려 20 EMA < 50 EMA < 200 EMA: 하락 추세 → 숏 포지션만 고려 되돌림(Pullback) 대기 상승 추세에서 가격이 20 EMA 또는 50 EMA로 되돌림을 기다립니다. 반전 캔들 확인 되돌림 후 망치형, 상승 장악형 등 반전 캔들 패턴을 확인합니다. 지표 확인 RSI가 30-50 영역에서 상승 전환, MACD 히스토"
243,2025-12-01T20:12:55+09:00,마진거래 강의 2강,코인 강의(공부하기),https://mingogogo.tistory.com/243,indicator_feature,EMA,"EMA: 상승 추세 → 롱 포지션만 고려 20 EMA < 50 EMA < 200 EMA: 하락 추세 → 숏 포지션만 고려 되돌림(Pullback) 대기 상승 추세에서 가격이 20 EMA 또는 50 EMA로 되돌림을 기다립니다. 반전 캔들 확인 되돌림 후 망치형, 상승 장악형 등 반전 캔들 패턴을 확인합니다. 지표 확인 RSI가 30-50 영역에서 상승 전환, MACD 히스토그램 증가를 확인합"
243,2025-12-01T20:12:55+09:00,마진거래 강의 2강,코인 강의(공부하기),https://mingogogo.tistory.com/243,indicator_feature,SMA,성을 측정하고 과매수/과매도 상태를 판단하는 데 사용됩니다. 표준편차를 기반으로 상하 밴드를 그려 가격이 상대적으로 높은지 낮은지를 판단합니다. 볼린저 밴드 계산 중간 밴드 = 20일 단순이동평균(SMA) 상단 밴드 = 중간 밴드 + (2 × 표준편차) 하단 밴드 = 중간 밴드 - (2 × 표준편차) 20 기간 2σ 표준편차 95% 밴드 내 포함률 볼린저 밴드 전략 밴드 수축 (Squeeze
258,2025-12-09T23:34:56+09:00,2년치 차트 역사를 실시간으로 해부하는 초정밀 분석 엔진,코인 프로그램 유료버전,https://mingogogo.tistory.com/258,algorithm_component,매집,다. 이번 버전은 급등 직전에 나타나는 5가지 핵심 징후를 수치화하여 포착합니다. 거래량 폭발: 통상적인 범위를 넘어서는 수급 유입 감지 스퀴즈 돌파: 힘이 응축되었다가 발산하는 타이밍 포착 세력 매집(Accumulation): 차트 이면에 숨겨진 OBV 및 고래 거래량을 추적 특히 **'매집 강도'**와 **'분산(매도) 강도'**를 게이지로 명확하게 시각화했습니다. 이를 통해 세력이 물량
258,2025-12-09T23:34:56+09:00,2년치 차트 역사를 실시간으로 해부하는 초정밀 분석 엔진,코인 프로그램 유료버전,https://mingogogo.tistory.com/258,algorithm_component,매집,": 통상적인 범위를 넘어서는 수급 유입 감지 스퀴즈 돌파: 힘이 응축되었다가 발산하는 타이밍 포착 세력 매집(Accumulation): 차트 이면에 숨겨진 OBV 및 고래 거래량을 추적 특히 **'매집 강도'**와 **'분산(매도) 강도'**를 게이지로 명확하게 시각화했습니다. 이를 통해 세력이 물량을 모으고 있는지, 아니면 털고 나가는 중인지를 직관적으로 파악할 수 있습니다. 4. 승률 높"
258,2025-12-09T23:34:56+09:00,2년치 차트 역사를 실시간으로 해부하는 초정밀 분석 엔진,코인 프로그램 유료버전,https://mingogogo.tistory.com/258,indicator_feature,OBV,"징후를 수치화하여 포착합니다. 거래량 폭발: 통상적인 범위를 넘어서는 수급 유입 감지 스퀴즈 돌파: 힘이 응축되었다가 발산하는 타이밍 포착 세력 매집(Accumulation): 차트 이면에 숨겨진 OBV 및 고래 거래량을 추적 특히 **'매집 강도'**와 **'분산(매도) 강도'**를 게이지로 명확하게 시각화했습니다. 이를 통해 세력이 물량을 모으고 있는지, 아니면 털고 나가는 중인지를 직관"
261,2025-12-11T09:05:00+09:00,뇌과학으로 설계된 퀀트 알파 분석기 (코인분석 프로그램),코인 프로그램 유료버전,https://mingogogo.tistory.com/261,algorithm_component,거래대금,"Color Signal:** 텍스트를 읽을 필요가 없습니다. * 🔴 **Red (극과매도):** 강력한 기회 * 🟢 **Green (강한매수):** 안전한 진입 * **Smart Filter:** 거래대금 상위 코인만 남기고 노이즈를 제거합니다. 가장 중요한 정보만 뇌에 전달하여, **피로도는 낮추고 판단 속도는 극대화**했습니다. <br> 4\. 24시간 깨어있는 감시자 : 도파민 중독에서"
261,2025-12-11T09:05:00+09:00,뇌과학으로 설계된 퀀트 알파 분석기 (코인분석 프로그램),코인 프로그램 유료버전,https://mingogogo.tistory.com/261,indicator_feature,RSI,"을 울립니다. 이때 이성을 담당하는 전두엽은 멈추고, 본능이 지배하여 패닉 셀(Panic Sell)을 하게 되죠. 이 프로그램은 감정을 배제한 **7가지 핵심 지표**를 동시에 계산합니다. * **RSI & Stoch RSI:** 과매도 구간 포착 * **MFI (자금흐름):** 거래량이 실린 '진짜' 바닥 확인 * **Williams %R & CCI:** 추세의 극한값 탐지 * **볼린저"
261,2025-12-11T09:05:00+09:00,뇌과학으로 설계된 퀀트 알파 분석기 (코인분석 프로그램),코인 프로그램 유료버전,https://mingogogo.tistory.com/261,indicator_feature,RSI,"성을 담당하는 전두엽은 멈추고, 본능이 지배하여 패닉 셀(Panic Sell)을 하게 되죠. 이 프로그램은 감정을 배제한 **7가지 핵심 지표**를 동시에 계산합니다. * **RSI & Stoch RSI:** 과매도 구간 포착 * **MFI (자금흐름):** 거래량이 실린 '진짜' 바닥 확인 * **Williams %R & CCI:** 추세의 극한값 탐지 * **볼린저 밴드 & ADX:**"
261,2025-12-11T09:05:00+09:00,뇌과학으로 설계된 퀀트 알파 분석기 (코인분석 프로그램),코인 프로그램 유료버전,https://mingogogo.tistory.com/261,indicator_feature,CCI,지 핵심 지표**를 동시에 계산합니다. * **RSI & Stoch RSI:** 과매도 구간 포착 * **MFI (자금흐름):** 거래량이 실린 '진짜' 바닥 확인 * **Williams %R & CCI:** 추세의 극한값 탐지 * **볼린저 밴드 & ADX:** 변동성 및 추세 강도 측정 인간의 뇌로는 동시에 처리 불가능한 모든 데이터를 \*\*0\~100점의 '바닥권 점수'\*\*로 즉시
262,2025-12-11T12:07:04+09:00,코인분석기 3종,코인 프로그램 유료버전,https://mingogogo.tistory.com/262,algorithm_component,매집,"추세가 약해 횡보 구간, 25 이상이면 추세가 강해 방향성 매매가 유리합니다. 기본 가중치는 8%입니다. OBV (On Balance Volume) 거래량 누적 추세의 기울기입니다. 양의 기울기면 매집 진행 중, 음의 기울기면 분산 진행 중입니다. 기본 가중치는 8%입니다. ATR% (Average True Range Percentage) 현재가 대비 변동성 비율입니다. 변동성이 클수록 단타"
262,2025-12-11T12:07:04+09:00,코인분석기 3종,코인 프로그램 유료버전,https://mingogogo.tistory.com/262,algorithm_component,거래대금,"표시됩니다. 알트코인 매매 시 비트코인 방향성을 함께 확인하는 것이 중요합니다. 메인 코인 그리드 30개 코인이 카드 형태로 배열되어 있습니다. 각 카드에는 다음 정보가 표시됩니다. 순위 배지 (거래대금 기준), 코인명과 심볼, 현재가, 24시간 변동률, 종합 점수, 매매 신호(LONG/SHORT/HOLD), 10개 보조지표의 미니 신호등, 점수 바가 한눈에 보입니다. 10개 보조지표 상세"
262,2025-12-11T12:07:04+09:00,코인분석기 3종,코인 프로그램 유료버전,https://mingogogo.tistory.com/262,algorithm_component,타임프레임,"미니맵은 거래소의 상위 30개 암호화폐를 동시에 모니터링 실시간 매매 신호를 제공 하는 프로그램입니다. 10개의 기술적 지표를 종합 분석하여 각 코인별로 매수/매도/관망 신호를 생성합니다. 멀티타임프레임 교차분석 기능을 통해 1분, 3분, 5분, 15분봉의 신호를 동시에 확인할 수 있어 신뢰도 높은 매매 판단이 가능합니다. 화면 구성 설명 신호등 바 (30개 코인) 저작권 경고 아래에 3"
262,2025-12-11T12:07:04+09:00,코인분석기 3종,코인 프로그램 유료버전,https://mingogogo.tistory.com/262,algorithm_component,타임프레임,"확인할 수 있습니다. 각 지표 아래에 BUY/SELL/NEUTRAL 상태가 표시됩니다. 진입/청산 포인트 섹션에서 추천 매수가, 1차/2차/3차 익절가, 손절가를 확인할 수 있습니다. MTF(멀티타임프레임) 분석 활성화 상단 헤더의 MTF분석 체크박스를 체크하면 멀티타임프레임 분석이 활성화됩니다. 활성화되면 각 코인 카드에 MTF 배지가 추가로 표시됩니다. 상세 모달에서 1분, 3분, 5분"
262,2025-12-11T12:07:04+09:00,코인분석기 3종,코인 프로그램 유료버전,https://mingogogo.tistory.com/262,algorithm_component,타임프레임,"태가 표시됩니다. 진입/청산 포인트 섹션에서 추천 매수가, 1차/2차/3차 익절가, 손절가를 확인할 수 있습니다. MTF(멀티타임프레임) 분석 활성화 상단 헤더의 MTF분석 체크박스를 체크하면 멀티타임프레임 분석이 활성화됩니다. 활성화되면 각 코인 카드에 MTF 배지가 추가로 표시됩니다. 상세 모달에서 1분, 3분, 5분, 15분봉 각각의 점수와 신호를 확인할 수 있습니다. MTF 컨센서스"
262,2025-12-11T12:07:04+09:00,코인분석기 3종,코인 프로그램 유료버전,https://mingogogo.tistory.com/262,algorithm_component,타임프레임,"기는 개별 암호화폐에 대해 심층적인 기술적 분석을 제공하는 프로그램입니다. 실시간 캔들 차트, 다양한 보조지표 차트, Squeeze Momentum 분석, Z-Score 퀀트 알고리즘, RCI 멀티타임프레임 분석 등 전문가 수준의 분석 도구를 제공합니다. 단타용 미니맵이 여러 코인을 동시에 모니터링한다면, 차트 분석기는 하나의 코인을 깊이 있게 분석하는 데 특화되어 있습니다. 화면 구성 설명"
262,2025-12-11T12:07:04+09:00,코인분석기 3종,코인 프로그램 유료버전,https://mingogogo.tistory.com/262,algorithm_component,타임프레임,"선(Middle)은 노란색, 하단선(Lower)은 파란색입니다. 이동평균선이 표시됩니다. EMA 9, EMA 21, SMA 50 등이 색상으로 구분됩니다. 지지선과 저항선이 수평선으로 표시됩니다. 타임프레임 버튼으로 시간대를 변경할 수 있습니다. 1분, 3분, 5분, 15분, 30분, 1시간, 4시간, 일봉을 선택할 수 있습니다. 거래량 차트 메인 차트 아래에 거래량 바 차트가 표시됩니다."
262,2025-12-11T12:07:04+09:00,코인분석기 3종,코인 프로그램 유료버전,https://mingogogo.tistory.com/262,algorithm_component,타임프레임,"량 급증은 추세 전환 신호일 수 있습니다. 보조지표 차트들 RSI 차트에 14봉 RSI 값이 라인으로 표시됩니다. 30 이하 과매도 구간과 70 이상 과매수 구간이 색상으로 구분됩니다. RCI 멀티타임프레임 차트에 9일, 26일, 52일 RCI가 동시에 표시됩니다. 단기, 중기, 장기 추세를 한눈에 파악할 수 있습니다. 세 라인이 모두 -80 이하면 강력한 과매도 신호입니다. 세 라인이 모두"
262,2025-12-11T12:07:04+09:00,코인분석기 3종,코인 프로그램 유료버전,https://mingogogo.tistory.com/262,algorithm_component,타임프레임,"도 신호입니다. -0.85 ~ -0.5는 강한 매도 신호입니다. -0.85 이하는 극강 매도 신호입니다. Z-Score는 추세 추종 지표이므로, 추세가 진행 중일 때 신뢰도가 높습니다. RCI 멀티타임프레임 활용하기 RCI 9일(단기), 26일(중기), 52일(장기) 세 라인을 함께 확인합니다. 세 라인이 모두 -80 이하면 강력한 과매도로, 반등 가능성이 높습니다. 세 라인이 모두 +80"
262,2025-12-11T12:07:04+09:00,코인분석기 3종,코인 프로그램 유료버전,https://mingogogo.tistory.com/262,indicator_feature,RSI,"기준), 코인명과 심볼, 현재가, 24시간 변동률, 종합 점수, 매매 신호(LONG/SHORT/HOLD), 10개 보조지표의 미니 신호등, 점수 바가 한눈에 보입니다. 10개 보조지표 상세 설명 RSI (Relative Strength Index) 14봉 기준 상대강도지수입니다. 30 이하면 과매도로 매수 신호, 70 이상이면 과매수로 매도 신호입니다. 기본 가중치는 15%로 가장 높습니다"
262,2025-12-11T12:07:04+09:00,코인분석기 3종,코인 프로그램 유료버전,https://mingogogo.tistory.com/262,indicator_feature,RSI,"준 윌리엄스 %R입니다. -80 이하면 과매도, -20 이상이면 과매수입니다. 기본 가중치는 10%입니다. MFI (Money Flow Index) 14봉 기준 자금흐름지수입니다. 거래량을 가중한 RSI라고 생각하면 됩니다. 20 이하면 과매도, 80 이상이면 과매수입니다. 기본 가중치는 12%입니다. BB%B (Bollinger Band %B) 볼린저밴드 내 현재가 위치입니다. 0.2 이하"
262,2025-12-11T12:07:04+09:00,코인분석기 3종,코인 프로그램 유료버전,https://mingogogo.tistory.com/262,indicator_feature,RSI,"단의 가중치설정 버튼을 터치하면 설정 패널이 펼쳐집니다. 10개 지표 각각의 슬라이더를 움직여 가중치를 조절할 수 있습니다. 본인의 트레이딩 스타일에 맞게 조절하세요. 모멘텀 트레이딩을 선호한다면 RSI, Stochastic 가중치를 높이세요. 거래량 기반 매매를 선호한다면 MFI, OBV 가중치를 높이세요. 추세 추종 매매를 선호한다면 MACD, ADX 가중치를 높이세요. 설정을 변경한 후"
262,2025-12-11T12:07:04+09:00,코인분석기 3종,코인 프로그램 유료버전,https://mingogogo.tistory.com/262,indicator_feature,RSI,"전 매매 전략 기본 전략 종합 점수 70점 이상 + LONG 신호 + MTF 컨센서스 STRONG LONG 코인을 선별합니다. 현재가가 볼린저밴드 하단(BB%B 0.2 이하) 근처인지 확인합니다. RSI 30 이하, Stochastic 20 이하가 동시에 나타나면 과매도 반등 가능성이 높습니다. 진입 후 손절 라인은 진입가 대비 -3% ~ -5%로 설정합니다. 익절은 3단계로 나누어 +5%,"
262,2025-12-11T12:07:04+09:00,코인분석기 3종,코인 프로그램 유료버전,https://mingogogo.tistory.com/262,indicator_feature,RSI,"바닥권 분석기 (Quantum Alpha Analyzer PRO) 이 프로그램은 무엇인가요? 바닥권 분석기는 거래소의 전체 암호화폐 중에서 과매도 상태에 진입한 종목을 찾아내는 프로그램입니다. RSI, Stochastic RSI, Williams %R, CCI, MFI, 볼린저밴드, ADX 등 7가지 핵심 지표를 분석하여 0-100점 사이의 바닥권 점수를 산출합니다. 점수가 높을수록 현재"
262,2025-12-11T12:07:04+09:00,코인분석기 3종,코인 프로그램 유료버전,https://mingogogo.tistory.com/262,indicator_feature,RSI,"m Alpha Analyzer PRO) 이 프로그램은 무엇인가요? 바닥권 분석기는 거래소의 전체 암호화폐 중에서 과매도 상태에 진입한 종목을 찾아내는 프로그램입니다. RSI, Stochastic RSI, Williams %R, CCI, MFI, 볼린저밴드, ADX 등 7가지 핵심 지표를 분석하여 0-100점 사이의 바닥권 점수를 산출합니다. 점수가 높을수록 현재 가격이 바닥권에 가깝다는 의"
262,2025-12-11T12:07:04+09:00,코인분석기 3종,코인 프로그램 유료버전,https://mingogogo.tistory.com/262,indicator_feature,RSI,"분석을 권장합니다. 컨트롤 패널 분석 시작 버튼, 자동갱신 토글 버튼이 있습니다. 자동갱신을 켜면 5분마다 자동으로 재분석됩니다. 표시 개수(10/30/50/전체), 정렬 기준(바닥권점수/변동률/RSI), 신호 필터(전체/극과매도/강한매수/매수/중립/매도)를 선택할 수 있습니다. 상태바 분석 상태 표시등이 있어 대기/분석중/완료/오류 상태를 색상으로 구분합니다. 마지막 업데이트 시간이 표시"
262,2025-12-11T12:07:04+09:00,코인분석기 3종,코인 프로그램 유료버전,https://mingogogo.tistory.com/262,indicator_feature,RSI,"권 점수 게이지, 신호 배지가 포함됩니다. 바닥권 점수가 높을수록 게이지가 빨간색으로 채워집니다. 바닥권 점수 산출 로직 상세 총점 100점 만점으로 다음 조건을 충족할 때마다 점수가 가산됩니다. RSI (25점) RSI가 20 미만이면 25점 전체가 부여됩니다. RSI가 20-30이면 20점이 부여됩니다. RSI가 30-40이면 10점이 부여됩니다. Stochastic RSI (20점) S"
262,2025-12-11T12:07:04+09:00,코인분석기 3종,코인 프로그램 유료버전,https://mingogogo.tistory.com/262,indicator_feature,RSI,신호 배지가 포함됩니다. 바닥권 점수가 높을수록 게이지가 빨간색으로 채워집니다. 바닥권 점수 산출 로직 상세 총점 100점 만점으로 다음 조건을 충족할 때마다 점수가 가산됩니다. RSI (25점) RSI가 20 미만이면 25점 전체가 부여됩니다. RSI가 20-30이면 20점이 부여됩니다. RSI가 30-40이면 10점이 부여됩니다. Stochastic RSI (20점) Stochastic
262,2025-12-11T12:07:04+09:00,코인분석기 3종,코인 프로그램 유료버전,https://mingogogo.tistory.com/262,indicator_feature,RSI,이지가 빨간색으로 채워집니다. 바닥권 점수 산출 로직 상세 총점 100점 만점으로 다음 조건을 충족할 때마다 점수가 가산됩니다. RSI (25점) RSI가 20 미만이면 25점 전체가 부여됩니다. RSI가 20-30이면 20점이 부여됩니다. RSI가 30-40이면 10점이 부여됩니다. Stochastic RSI (20점) Stochastic RSI K값이 10 미만이면 20점 전체가 부여됩니
262,2025-12-11T12:07:04+09:00,코인분석기 3종,코인 프로그램 유료버전,https://mingogogo.tistory.com/262,indicator_feature,RSI,출 로직 상세 총점 100점 만점으로 다음 조건을 충족할 때마다 점수가 가산됩니다. RSI (25점) RSI가 20 미만이면 25점 전체가 부여됩니다. RSI가 20-30이면 20점이 부여됩니다. RSI가 30-40이면 10점이 부여됩니다. Stochastic RSI (20점) Stochastic RSI K값이 10 미만이면 20점 전체가 부여됩니다. K값이 10-20이면 15점이 부여됩니다
262,2025-12-11T12:07:04+09:00,코인분석기 3종,코인 프로그램 유료버전,https://mingogogo.tistory.com/262,indicator_feature,RSI,점수가 가산됩니다. RSI (25점) RSI가 20 미만이면 25점 전체가 부여됩니다. RSI가 20-30이면 20점이 부여됩니다. RSI가 30-40이면 10점이 부여됩니다. Stochastic RSI (20점) Stochastic RSI K값이 10 미만이면 20점 전체가 부여됩니다. K값이 10-20이면 15점이 부여됩니다. K값이 20-30이면 8점이 부여됩니다. Williams %R
262,2025-12-11T12:07:04+09:00,코인분석기 3종,코인 프로그램 유료버전,https://mingogogo.tistory.com/262,indicator_feature,RSI,RSI가 20 미만이면 25점 전체가 부여됩니다. RSI가 20-30이면 20점이 부여됩니다. RSI가 30-40이면 10점이 부여됩니다. Stochastic RSI (20점) Stochastic RSI K값이 10 미만이면 20점 전체가 부여됩니다. K값이 10-20이면 15점이 부여됩니다. K값이 20-30이면 8점이 부여됩니다. Williams %R (15점) Williams %R이 -
262,2025-12-11T12:07:04+09:00,코인분석기 3종,코인 프로그램 유료버전,https://mingogogo.tistory.com/262,indicator_feature,RSI,"니다. ADX (5점) ADX가 20 미만이면 5점이 부여됩니다. 추세가 약할 때 바닥권 반등 가능성이 높기 때문입니다. 신호 분류 기준 극과매도 (EXTREME) 바닥권 점수 80점 이상이거나, RSI 20 미만이면서 MFI도 20 미만일 때 부여됩니다. 여러 지표가 동시에 극단적 과매도를 나타내는 상태입니다. 반등 확률이 매우 높지만 추가 하락 가능성도 있습니다. 분할 매수 전략을 권장합"
262,2025-12-11T12:07:04+09:00,코인분석기 3종,코인 프로그램 유료버전,https://mingogogo.tistory.com/262,indicator_feature,RSI,"녹색 BUY는 참고 종목입니다. 상세 분석 확인하기 관심 있는 코인 카드를 터치하면 상세 모달이 열립니다. 기본 정보 섹션에서 현재가, 변동률, 바닥권 점수, 신호를 확인합니다. 보조지표 섹션에서 RSI, Stochastic RSI K, Williams %R, CCI, MFI, ADX의 정확한 수치를 확인합니다. 각 지표 수치 옆에 색상으로 상태가 표시됩니다. 녹색은 과매도(매수 유리), 빨"
262,2025-12-11T12:07:04+09:00,코인분석기 3종,코인 프로그램 유료버전,https://mingogogo.tistory.com/262,indicator_feature,RSI,". 상세 분석 확인하기 관심 있는 코인 카드를 터치하면 상세 모달이 열립니다. 기본 정보 섹션에서 현재가, 변동률, 바닥권 점수, 신호를 확인합니다. 보조지표 섹션에서 RSI, Stochastic RSI K, Williams %R, CCI, MFI, ADX의 정확한 수치를 확인합니다. 각 지표 수치 옆에 색상으로 상태가 표시됩니다. 녹색은 과매도(매수 유리), 빨간색은 과매수(매도 유리),"
262,2025-12-11T12:07:04+09:00,코인분석기 3종,코인 프로그램 유료버전,https://mingogogo.tistory.com/262,indicator_feature,RSI,터에서 극과매도만 선택하면 최우선 관심 종목만 표시됩니다. 정렬 기준을 변동률로 변경하면 가장 많이 하락한 종목 순으로 정렬됩니다. 급락 후 반등을 노리는 전략에 활용할 수 있습니다. 정렬 기준을 RSI로 변경하면 RSI가 가장 낮은 종목 순으로 정렬됩니다. RSI 기반 매매를 선호하는 경우 활용합니다. 자동 갱신 활용하기 자동갱신 버튼을 터치하면 5분마다 자동으로 재분석됩니다. 버튼이 자동
262,2025-12-11T12:07:04+09:00,코인분석기 3종,코인 프로그램 유료버전,https://mingogogo.tistory.com/262,indicator_feature,RSI,선택하면 최우선 관심 종목만 표시됩니다. 정렬 기준을 변동률로 변경하면 가장 많이 하락한 종목 순으로 정렬됩니다. 급락 후 반등을 노리는 전략에 활용할 수 있습니다. 정렬 기준을 RSI로 변경하면 RSI가 가장 낮은 종목 순으로 정렬됩니다. RSI 기반 매매를 선호하는 경우 활용합니다. 자동 갱신 활용하기 자동갱신 버튼을 터치하면 5분마다 자동으로 재분석됩니다. 버튼이 자동갱신: ON (5분
262,2025-12-11T12:07:04+09:00,코인분석기 3종,코인 프로그램 유료버전,https://mingogogo.tistory.com/262,indicator_feature,RSI,기준을 변동률로 변경하면 가장 많이 하락한 종목 순으로 정렬됩니다. 급락 후 반등을 노리는 전략에 활용할 수 있습니다. 정렬 기준을 RSI로 변경하면 RSI가 가장 낮은 종목 순으로 정렬됩니다. RSI 기반 매매를 선호하는 경우 활용합니다. 자동 갱신 활용하기 자동갱신 버튼을 터치하면 5분마다 자동으로 재분석됩니다. 버튼이 자동갱신: ON (5분)으로 변경됩니다. 새로운 바닥권 진입 종목을
262,2025-12-11T12:07:04+09:00,코인분석기 3종,코인 프로그램 유료버전,https://mingogogo.tistory.com/262,indicator_feature,RSI,"(5분)으로 변경됩니다. 새로운 바닥권 진입 종목을 실시간으로 포착할 수 있습니다. 다시 터치하면 자동 갱신이 중지됩니다. 실전 매매 전략 기본 전략 바닥권 점수 70점 이상 종목을 선별합니다. RSI 30 이하, Stochastic RSI 20 이하, Williams %R -80 이하가 동시에 충족되는지 확인합니다. 볼린저밴드 하단 이탈 또는 근접 여부를 확인합니다. 24시간 변동률이 -"
262,2025-12-11T12:07:04+09:00,코인분석기 3종,코인 프로그램 유료버전,https://mingogogo.tistory.com/262,indicator_feature,RSI,"진입 종목을 실시간으로 포착할 수 있습니다. 다시 터치하면 자동 갱신이 중지됩니다. 실전 매매 전략 기본 전략 바닥권 점수 70점 이상 종목을 선별합니다. RSI 30 이하, Stochastic RSI 20 이하, Williams %R -80 이하가 동시에 충족되는지 확인합니다. 볼린저밴드 하단 이탈 또는 근접 여부를 확인합니다. 24시간 변동률이 -10% 이상 급락한 종목은 기술적 반등"
262,2025-12-11T12:07:04+09:00,코인분석기 3종,코인 프로그램 유료버전,https://mingogogo.tistory.com/262,indicator_feature,RSI,"분석기에서 상세 분석합니다. 분할 매수로 진입합니다. 1차 매수는 현재가, 2차 매수는 -5% 하락 시, 3차 매수는 -10% 하락 시로 계획합니다. 익절은 바닥권 점수가 30점 이하로 떨어지거나 RSI가 50 이상으로 회복될 때 합니다. 손절은 바닥권 점수가 계속 상승함에도 가격이 추가 -15% 이상 하락할 때 합니다. 주의사항 바닥권이라고 해서 반드시 반등하는 것은 아닙니다. 하락 추세가"
262,2025-12-11T12:07:04+09:00,코인분석기 3종,코인 프로그램 유료버전,https://mingogogo.tistory.com/262,indicator_feature,RSI,"종합 신호는 모든 지표를 종합한 최종 판단입니다. Strong Buy(강력매수), Buy(매수), Neutral(중립), Sell(매도), Strong Sell(강력매도)의 5단계로 표시됩니다. RSI 신호는 RSI 지표 기반 신호입니다. MACD 신호는 MACD 크로스 및 히스토그램 기반 신호입니다. Squeeze 신호는 Squeeze Momentum 지표 기반 신호입니다. Z-Score"
262,2025-12-11T12:07:04+09:00,코인분석기 3종,코인 프로그램 유료버전,https://mingogogo.tistory.com/262,indicator_feature,RSI,"모든 지표를 종합한 최종 판단입니다. Strong Buy(강력매수), Buy(매수), Neutral(중립), Sell(매도), Strong Sell(강력매도)의 5단계로 표시됩니다. RSI 신호는 RSI 지표 기반 신호입니다. MACD 신호는 MACD 크로스 및 히스토그램 기반 신호입니다. Squeeze 신호는 Squeeze Momentum 지표 기반 신호입니다. Z-Score 신호는 MIN"
262,2025-12-11T12:07:04+09:00,코인분석기 3종,코인 프로그램 유료버전,https://mingogogo.tistory.com/262,indicator_feature,RSI,"선택할 수 있습니다. 거래량 차트 메인 차트 아래에 거래량 바 차트가 표시됩니다. 상승 봉은 녹색, 하락 봉은 빨간색으로 표시됩니다. 거래량 급증은 추세 전환 신호일 수 있습니다. 보조지표 차트들 RSI 차트에 14봉 RSI 값이 라인으로 표시됩니다. 30 이하 과매도 구간과 70 이상 과매수 구간이 색상으로 구분됩니다. RCI 멀티타임프레임 차트에 9일, 26일, 52일 RCI가 동시에 표"
262,2025-12-11T12:07:04+09:00,코인분석기 3종,코인 프로그램 유료버전,https://mingogogo.tistory.com/262,indicator_feature,RSI,"거래량 차트 메인 차트 아래에 거래량 바 차트가 표시됩니다. 상승 봉은 녹색, 하락 봉은 빨간색으로 표시됩니다. 거래량 급증은 추세 전환 신호일 수 있습니다. 보조지표 차트들 RSI 차트에 14봉 RSI 값이 라인으로 표시됩니다. 30 이하 과매도 구간과 70 이상 과매수 구간이 색상으로 구분됩니다. RCI 멀티타임프레임 차트에 9일, 26일, 52일 RCI가 동시에 표시됩니다. 단기, 중기"
262,2025-12-11T12:07:04+09:00,코인분석기 3종,코인 프로그램 유료버전,https://mingogogo.tistory.com/262,indicator_feature,RSI,"0.5 이하는 강한 매도 신호입니다. 0 근처는 중립입니다. 추세 추종 방식으로, 가격 상승 시 양수, 하락 시 음수를 나타냅니다. 알람 기능 상세 설정 버튼을 터치하여 알람 설정 패널을 엽니다. RSI 알람 과매도 알람은 RSI가 30 이하로 진입할 때 알림을 받습니다. 과매수 알람은 RSI가 70 이상으로 진입할 때 알림을 받습니다. 평균값 알람은 RSI가 설정한 평균값을 돌파할 때 알림"
262,2025-12-11T12:07:04+09:00,코인분석기 3종,코인 프로그램 유료버전,https://mingogogo.tistory.com/262,indicator_feature,RSI,"호입니다. 0 근처는 중립입니다. 추세 추종 방식으로, 가격 상승 시 양수, 하락 시 음수를 나타냅니다. 알람 기능 상세 설정 버튼을 터치하여 알람 설정 패널을 엽니다. RSI 알람 과매도 알람은 RSI가 30 이하로 진입할 때 알림을 받습니다. 과매수 알람은 RSI가 70 이상으로 진입할 때 알림을 받습니다. 평균값 알람은 RSI가 설정한 평균값을 돌파할 때 알림을 받습니다. RCI 알람"
262,2025-12-11T12:07:04+09:00,코인분석기 3종,코인 프로그램 유료버전,https://mingogogo.tistory.com/262,indicator_feature,RSI,"시 양수, 하락 시 음수를 나타냅니다. 알람 기능 상세 설정 버튼을 터치하여 알람 설정 패널을 엽니다. RSI 알람 과매도 알람은 RSI가 30 이하로 진입할 때 알림을 받습니다. 과매수 알람은 RSI가 70 이상으로 진입할 때 알림을 받습니다. 평균값 알람은 RSI가 설정한 평균값을 돌파할 때 알림을 받습니다. RCI 알람 과매도 알람은 RCI가 -80 이하로 진입할 때 알림을 받습니다."
262,2025-12-11T12:07:04+09:00,코인분석기 3종,코인 프로그램 유료버전,https://mingogogo.tistory.com/262,indicator_feature,RSI,을 터치하여 알람 설정 패널을 엽니다. RSI 알람 과매도 알람은 RSI가 30 이하로 진입할 때 알림을 받습니다. 과매수 알람은 RSI가 70 이상으로 진입할 때 알림을 받습니다. 평균값 알람은 RSI가 설정한 평균값을 돌파할 때 알림을 받습니다. RCI 알람 과매도 알람은 RCI가 -80 이하로 진입할 때 알림을 받습니다. 과매수 알람은 RCI가 +80 이상으로 진입할 때 알림을 받습니다
262,2025-12-11T12:07:04+09:00,코인분석기 3종,코인 프로그램 유료버전,https://mingogogo.tistory.com/262,indicator_feature,RSI,세 라인이 동일 방향으로 정렬되면 추세가 강합니다. 알람 설정하기 설정 버튼을 터치하여 알람 패널을 엽니다. 원하는 알람 조건의 체크박스를 활성화합니다. 필요 시 임계값을 조정합니다. 예를 들어 RSI 과매도 기준을 30에서 25로 낮출 수 있습니다. 테스트 버튼으로 알람 소리를 확인합니다. 알람 조건 충족 시 화면에 알림이 표시되고 소리가 재생됩니다. 실시간 모니터링 없이도 중요한 신호를
262,2025-12-11T12:07:04+09:00,코인분석기 3종,코인 프로그램 유료버전,https://mingogogo.tistory.com/262,indicator_feature,RSI,족 시 화면에 알림이 표시되고 소리가 재생됩니다. 실시간 모니터링 없이도 중요한 신호를 놓치지 않을 수 있습니다. 실전 매매 전략 기본 전략 종합 신호 Strong Buy 또는 Buy 확인합니다. RSI 30-40 구간에서 상승 전환 확인합니다. Squeeze OFF + 양수 모멘텀 증가 확인합니다. Z-Score +0.5 이상 확인합니다. RCI 단기선 -80 이하에서 상승 전환 확인합니다
262,2025-12-11T12:07:04+09:00,코인분석기 3종,코인 프로그램 유료버전,https://mingogogo.tistory.com/262,indicator_feature,RSI,전환 확인합니다. 위 조건 중 3개 이상 충족 시 매수를 고려합니다. 볼린저밴드 중간선(Middle)을 1차 익절 목표로 설정합니다. 볼린저밴드 상단선(Upper)을 2차 익절 목표로 설정합니다. RSI 70 이상 또는 RCI +80 이상 도달 시 전량 청산합니다. 손절은 진입가 대비 -3% 또는 볼린저밴드 하단 이탈 시 실행합니다. 주의사항 여러 지표를 종합적으로 판단해야 합니다. 단일 지
262,2025-12-11T12:07:04+09:00,코인분석기 3종,코인 프로그램 유료버전,https://mingogogo.tistory.com/262,indicator_feature,MACD,". BB%B (Bollinger Band %B) 볼린저밴드 내 현재가 위치입니다. 0.2 이하면 하단 근처로 매수 구간, 0.8 이상이면 상단 근처로 매도 구간입니다. 기본 가중치는 10%입니다. MACD Histogram MACD 히스토그램의 방향 전환을 감지합니다. 음수에서 양수로 전환 시 매수 신호, 양수에서 음수로 전환 시 매도 신호입니다. 기본 가중치는 8%입니다. ADX (Aver"
262,2025-12-11T12:07:04+09:00,코인분석기 3종,코인 프로그램 유료버전,https://mingogogo.tistory.com/262,indicator_feature,MACD,"er Band %B) 볼린저밴드 내 현재가 위치입니다. 0.2 이하면 하단 근처로 매수 구간, 0.8 이상이면 상단 근처로 매도 구간입니다. 기본 가중치는 10%입니다. MACD Histogram MACD 히스토그램의 방향 전환을 감지합니다. 음수에서 양수로 전환 시 매수 신호, 양수에서 음수로 전환 시 매도 신호입니다. 기본 가중치는 8%입니다. ADX (Average Directional"
262,2025-12-11T12:07:04+09:00,코인분석기 3종,코인 프로그램 유료버전,https://mingogogo.tistory.com/262,indicator_feature,MACD,"타일에 맞게 조절하세요. 모멘텀 트레이딩을 선호한다면 RSI, Stochastic 가중치를 높이세요. 거래량 기반 매매를 선호한다면 MFI, OBV 가중치를 높이세요. 추세 추종 매매를 선호한다면 MACD, ADX 가중치를 높이세요. 설정을 변경한 후 저장 버튼을 터치하면 브라우저에 저장됩니다. 초기화 버튼을 터치하면 기본 가중치로 돌아갑니다. 수익률 추적 기능 사용하기 코인 상세 모달 하단"
262,2025-12-11T12:07:04+09:00,코인분석기 3종,코인 프로그램 유료버전,https://mingogogo.tistory.com/262,indicator_feature,MACD,"니다. Strong Buy(강력매수), Buy(매수), Neutral(중립), Sell(매도), Strong Sell(강력매도)의 5단계로 표시됩니다. RSI 신호는 RSI 지표 기반 신호입니다. MACD 신호는 MACD 크로스 및 히스토그램 기반 신호입니다. Squeeze 신호는 Squeeze Momentum 지표 기반 신호입니다. Z-Score 신호는 MINJINE 독점 퀀트 알고리즘 기"
262,2025-12-11T12:07:04+09:00,코인분석기 3종,코인 프로그램 유료버전,https://mingogogo.tistory.com/262,indicator_feature,MACD,"g Buy(강력매수), Buy(매수), Neutral(중립), Sell(매도), Strong Sell(강력매도)의 5단계로 표시됩니다. RSI 신호는 RSI 지표 기반 신호입니다. MACD 신호는 MACD 크로스 및 히스토그램 기반 신호입니다. Squeeze 신호는 Squeeze Momentum 지표 기반 신호입니다. Z-Score 신호는 MINJINE 독점 퀀트 알고리즘 기반 신호입니다."
262,2025-12-11T12:07:04+09:00,코인분석기 3종,코인 프로그램 유료버전,https://mingogogo.tistory.com/262,indicator_feature,MACD,+80 이상으로 진입할 때 알림을 받습니다. CCI 알람 과매도 알람은 CCI가 -100 이하로 진입할 때 알림을 받습니다. 과매수 알람은 CCI가 +100 이상으로 진입할 때 알림을 받습니다. MACD 알람 골든크로스 알람은 MACD 히스토그램이 음수에서 양수로 전환할 때 알림을 받습니다. 데드크로스 알람은 MACD 히스토그램이 양수에서 음수로 전환할 때 알림을 받습니다. Squeeze
262,2025-12-11T12:07:04+09:00,코인분석기 3종,코인 프로그램 유료버전,https://mingogogo.tistory.com/262,indicator_feature,MACD,을 받습니다. CCI 알람 과매도 알람은 CCI가 -100 이하로 진입할 때 알림을 받습니다. 과매수 알람은 CCI가 +100 이상으로 진입할 때 알림을 받습니다. MACD 알람 골든크로스 알람은 MACD 히스토그램이 음수에서 양수로 전환할 때 알림을 받습니다. 데드크로스 알람은 MACD 히스토그램이 양수에서 음수로 전환할 때 알림을 받습니다. Squeeze 알람 상승 돌파 알람은 Squee
262,2025-12-11T12:07:04+09:00,코인분석기 3종,코인 프로그램 유료버전,https://mingogogo.tistory.com/262,indicator_feature,MACD,받습니다. 과매수 알람은 CCI가 +100 이상으로 진입할 때 알림을 받습니다. MACD 알람 골든크로스 알람은 MACD 히스토그램이 음수에서 양수로 전환할 때 알림을 받습니다. 데드크로스 알람은 MACD 히스토그램이 양수에서 음수로 전환할 때 알림을 받습니다. Squeeze 알람 상승 돌파 알람은 Squeeze OFF + 양수 모멘텀일 때 알림을 받습니다. 하락 돌파 알람은 Squeeze
262,2025-12-11T12:07:04+09:00,코인분석기 3종,코인 프로그램 유료버전,https://mingogogo.tistory.com/262,indicator_feature,RCI,"차트 분석기는 개별 암호화폐에 대해 심층적인 기술적 분석을 제공하는 프로그램입니다. 실시간 캔들 차트, 다양한 보조지표 차트, Squeeze Momentum 분석, Z-Score 퀀트 알고리즘, RCI 멀티타임프레임 분석 등 전문가 수준의 분석 도구를 제공합니다. 단타용 미니맵이 여러 코인을 동시에 모니터링한다면, 차트 분석기는 하나의 코인을 깊이 있게 분석하는 데 특화되어 있습니다. 화면"
262,2025-12-11T12:07:04+09:00,코인분석기 3종,코인 프로그램 유료버전,https://mingogogo.tistory.com/262,indicator_feature,RCI,"니다. 거래량 급증은 추세 전환 신호일 수 있습니다. 보조지표 차트들 RSI 차트에 14봉 RSI 값이 라인으로 표시됩니다. 30 이하 과매도 구간과 70 이상 과매수 구간이 색상으로 구분됩니다. RCI 멀티타임프레임 차트에 9일, 26일, 52일 RCI가 동시에 표시됩니다. 단기, 중기, 장기 추세를 한눈에 파악할 수 있습니다. 세 라인이 모두 -80 이하면 강력한 과매도 신호입니다. 세"
262,2025-12-11T12:07:04+09:00,코인분석기 3종,코인 프로그램 유료버전,https://mingogogo.tistory.com/262,indicator_feature,RCI,"보조지표 차트들 RSI 차트에 14봉 RSI 값이 라인으로 표시됩니다. 30 이하 과매도 구간과 70 이상 과매수 구간이 색상으로 구분됩니다. RCI 멀티타임프레임 차트에 9일, 26일, 52일 RCI가 동시에 표시됩니다. 단기, 중기, 장기 추세를 한눈에 파악할 수 있습니다. 세 라인이 모두 -80 이하면 강력한 과매도 신호입니다. 세 라인이 모두 +80 이상이면 강력한 과매수 신호입니다"
262,2025-12-11T12:07:04+09:00,코인분석기 3종,코인 프로그램 유료버전,https://mingogogo.tistory.com/262,indicator_feature,RCI,매도 알람은 RSI가 30 이하로 진입할 때 알림을 받습니다. 과매수 알람은 RSI가 70 이상으로 진입할 때 알림을 받습니다. 평균값 알람은 RSI가 설정한 평균값을 돌파할 때 알림을 받습니다. RCI 알람 과매도 알람은 RCI가 -80 이하로 진입할 때 알림을 받습니다. 과매수 알람은 RCI가 +80 이상으로 진입할 때 알림을 받습니다. CCI 알람 과매도 알람은 CCI가 -100 이하로
262,2025-12-11T12:07:04+09:00,코인분석기 3종,코인 프로그램 유료버전,https://mingogogo.tistory.com/262,indicator_feature,RCI,이하로 진입할 때 알림을 받습니다. 과매수 알람은 RSI가 70 이상으로 진입할 때 알림을 받습니다. 평균값 알람은 RSI가 설정한 평균값을 돌파할 때 알림을 받습니다. RCI 알람 과매도 알람은 RCI가 -80 이하로 진입할 때 알림을 받습니다. 과매수 알람은 RCI가 +80 이상으로 진입할 때 알림을 받습니다. CCI 알람 과매도 알람은 CCI가 -100 이하로 진입할 때 알림을 받습니다
262,2025-12-11T12:07:04+09:00,코인분석기 3종,코인 프로그램 유료버전,https://mingogogo.tistory.com/262,indicator_feature,RCI,상으로 진입할 때 알림을 받습니다. 평균값 알람은 RSI가 설정한 평균값을 돌파할 때 알림을 받습니다. RCI 알람 과매도 알람은 RCI가 -80 이하로 진입할 때 알림을 받습니다. 과매수 알람은 RCI가 +80 이상으로 진입할 때 알림을 받습니다. CCI 알람 과매도 알람은 CCI가 -100 이하로 진입할 때 알림을 받습니다. 과매수 알람은 CCI가 +100 이상으로 진입할 때 알림을 받습
262,2025-12-11T12:07:04+09:00,코인분석기 3종,코인 프로그램 유료버전,https://mingogogo.tistory.com/262,indicator_feature,RCI,"는 약한 매도 신호입니다. -0.85 ~ -0.5는 강한 매도 신호입니다. -0.85 이하는 극강 매도 신호입니다. Z-Score는 추세 추종 지표이므로, 추세가 진행 중일 때 신뢰도가 높습니다. RCI 멀티타임프레임 활용하기 RCI 9일(단기), 26일(중기), 52일(장기) 세 라인을 함께 확인합니다. 세 라인이 모두 -80 이하면 강력한 과매도로, 반등 가능성이 높습니다. 세 라인이 모"
262,2025-12-11T12:07:04+09:00,코인분석기 3종,코인 프로그램 유료버전,https://mingogogo.tistory.com/262,indicator_feature,RCI,".85 ~ -0.5는 강한 매도 신호입니다. -0.85 이하는 극강 매도 신호입니다. Z-Score는 추세 추종 지표이므로, 추세가 진행 중일 때 신뢰도가 높습니다. RCI 멀티타임프레임 활용하기 RCI 9일(단기), 26일(중기), 52일(장기) 세 라인을 함께 확인합니다. 세 라인이 모두 -80 이하면 강력한 과매도로, 반등 가능성이 높습니다. 세 라인이 모두 +80 이상이면 강력한 과매"
262,2025-12-11T12:07:04+09:00,코인분석기 3종,코인 프로그램 유료버전,https://mingogogo.tistory.com/262,indicator_feature,RCI,신호 Strong Buy 또는 Buy 확인합니다. RSI 30-40 구간에서 상승 전환 확인합니다. Squeeze OFF + 양수 모멘텀 증가 확인합니다. Z-Score +0.5 이상 확인합니다. RCI 단기선 -80 이하에서 상승 전환 확인합니다. 위 조건 중 3개 이상 충족 시 매수를 고려합니다. 볼린저밴드 중간선(Middle)을 1차 익절 목표로 설정합니다. 볼린저밴드 상단선(Upper
262,2025-12-11T12:07:04+09:00,코인분석기 3종,코인 프로그램 유료버전,https://mingogogo.tistory.com/262,indicator_feature,RCI,건 중 3개 이상 충족 시 매수를 고려합니다. 볼린저밴드 중간선(Middle)을 1차 익절 목표로 설정합니다. 볼린저밴드 상단선(Upper)을 2차 익절 목표로 설정합니다. RSI 70 이상 또는 RCI +80 이상 도달 시 전량 청산합니다. 손절은 진입가 대비 -3% 또는 볼린저밴드 하단 이탈 시 실행합니다. 주의사항 여러 지표를 종합적으로 판단해야 합니다. 단일 지표만으로 매매 결정을 내
262,2025-12-11T12:07:04+09:00,코인분석기 3종,코인 프로그램 유료버전,https://mingogogo.tistory.com/262,indicator_feature,RCI,"신호가 나온 종목을 우선 선별합니다. 2단계 차트 분석기 선별된 종목을 차트 분석기에서 상세 분석합니다. 종합 신호가 Buy 이상인지 확인합니다. Squeeze Momentum, Z-Score, RCI 등을 추가 검증합니다. 지지선, 저항선 위치를 파악합니다. 매수가, 익절가, 손절가를 사전에 계획합니다. 3단계 단타용 미니맵 최종 선별된 종목을 단타용 미니맵에서 실시간 모니터링합니다. 종"
262,2025-12-11T12:07:04+09:00,코인분석기 3종,코인 프로그램 유료버전,https://mingogogo.tistory.com/262,indicator_feature,CCI,"매도 신호입니다. 기본 가중치는 15%로 가장 높습니다. Stochastic 14봉 기준 스토캐스틱 %K 값입니다. 20 이하면 과매도, 80 이상이면 과매수입니다. 기본 가중치는 12%입니다. CCI (Commodity Channel Index) 20봉 기준 상품채널지수입니다. -100 이하면 과매도, +100 이상이면 과매수입니다. 기본 가중치는 10%입니다. Williams %R 14"
262,2025-12-11T12:07:04+09:00,코인분석기 3종,코인 프로그램 유료버전,https://mingogogo.tistory.com/262,indicator_feature,CCI,"RO) 이 프로그램은 무엇인가요? 바닥권 분석기는 거래소의 전체 암호화폐 중에서 과매도 상태에 진입한 종목을 찾아내는 프로그램입니다. RSI, Stochastic RSI, Williams %R, CCI, MFI, 볼린저밴드, ADX 등 7가지 핵심 지표를 분석하여 0-100점 사이의 바닥권 점수를 산출합니다. 점수가 높을수록 현재 가격이 바닥권에 가깝다는 의미이며, 반등 가능성이 높은 종목"
262,2025-12-11T12:07:04+09:00,코인분석기 3종,코인 프로그램 유료버전,https://mingogogo.tistory.com/262,indicator_feature,CCI,니다. Williams %R (15점) Williams %R이 -90 미만이면 15점 전체가 부여됩니다. -80에서 -90 사이면 12점이 부여됩니다. -70에서 -80 사이면 6점이 부여됩니다. CCI (15점) CCI가 -200 미만이면 15점 전체가 부여됩니다. -100에서 -200 사이면 12점이 부여됩니다. -50에서 -100 사이면 6점이 부여됩니다. MFI (15점) MFI가 1
262,2025-12-11T12:07:04+09:00,코인분석기 3종,코인 프로그램 유료버전,https://mingogogo.tistory.com/262,indicator_feature,CCI,ms %R (15점) Williams %R이 -90 미만이면 15점 전체가 부여됩니다. -80에서 -90 사이면 12점이 부여됩니다. -70에서 -80 사이면 6점이 부여됩니다. CCI (15점) CCI가 -200 미만이면 15점 전체가 부여됩니다. -100에서 -200 사이면 12점이 부여됩니다. -50에서 -100 사이면 6점이 부여됩니다. MFI (15점) MFI가 10 미만이면 15점
262,2025-12-11T12:07:04+09:00,코인분석기 3종,코인 프로그램 유료버전,https://mingogogo.tistory.com/262,indicator_feature,CCI,"인 카드를 터치하면 상세 모달이 열립니다. 기본 정보 섹션에서 현재가, 변동률, 바닥권 점수, 신호를 확인합니다. 보조지표 섹션에서 RSI, Stochastic RSI K, Williams %R, CCI, MFI, ADX의 정확한 수치를 확인합니다. 각 지표 수치 옆에 색상으로 상태가 표시됩니다. 녹색은 과매도(매수 유리), 빨간색은 과매수(매도 유리), 노란색은 중립입니다. 볼린저밴드 섹션"
262,2025-12-11T12:07:04+09:00,코인분석기 3종,코인 프로그램 유료버전,https://mingogogo.tistory.com/262,indicator_feature,CCI,"I가 동시에 표시됩니다. 단기, 중기, 장기 추세를 한눈에 파악할 수 있습니다. 세 라인이 모두 -80 이하면 강력한 과매도 신호입니다. 세 라인이 모두 +80 이상이면 강력한 과매수 신호입니다. CCI 차트에 20봉 CCI 값이 라인으로 표시됩니다. -100 이하와 +100 이상 영역이 색상으로 구분됩니다. Stochastic 차트에 %K와 %D 라인이 함께 표시됩니다. %K가 %D를 상향"
262,2025-12-11T12:07:04+09:00,코인분석기 3종,코인 프로그램 유료버전,https://mingogogo.tistory.com/262,indicator_feature,CCI,". 단기, 중기, 장기 추세를 한눈에 파악할 수 있습니다. 세 라인이 모두 -80 이하면 강력한 과매도 신호입니다. 세 라인이 모두 +80 이상이면 강력한 과매수 신호입니다. CCI 차트에 20봉 CCI 값이 라인으로 표시됩니다. -100 이하와 +100 이상 영역이 색상으로 구분됩니다. Stochastic 차트에 %K와 %D 라인이 함께 표시됩니다. %K가 %D를 상향 돌파하면 매수 신호입"
262,2025-12-11T12:07:04+09:00,코인분석기 3종,코인 프로그램 유료버전,https://mingogogo.tistory.com/262,indicator_feature,CCI,I가 설정한 평균값을 돌파할 때 알림을 받습니다. RCI 알람 과매도 알람은 RCI가 -80 이하로 진입할 때 알림을 받습니다. 과매수 알람은 RCI가 +80 이상으로 진입할 때 알림을 받습니다. CCI 알람 과매도 알람은 CCI가 -100 이하로 진입할 때 알림을 받습니다. 과매수 알람은 CCI가 +100 이상으로 진입할 때 알림을 받습니다. MACD 알람 골든크로스 알람은 MACD 히스토
262,2025-12-11T12:07:04+09:00,코인분석기 3종,코인 프로그램 유료버전,https://mingogogo.tistory.com/262,indicator_feature,CCI,때 알림을 받습니다. RCI 알람 과매도 알람은 RCI가 -80 이하로 진입할 때 알림을 받습니다. 과매수 알람은 RCI가 +80 이상으로 진입할 때 알림을 받습니다. CCI 알람 과매도 알람은 CCI가 -100 이하로 진입할 때 알림을 받습니다. 과매수 알람은 CCI가 +100 이상으로 진입할 때 알림을 받습니다. MACD 알람 골든크로스 알람은 MACD 히스토그램이 음수에서 양수로 전환
262,2025-12-11T12:07:04+09:00,코인분석기 3종,코인 프로그램 유료버전,https://mingogogo.tistory.com/262,indicator_feature,CCI,하로 진입할 때 알림을 받습니다. 과매수 알람은 RCI가 +80 이상으로 진입할 때 알림을 받습니다. CCI 알람 과매도 알람은 CCI가 -100 이하로 진입할 때 알림을 받습니다. 과매수 알람은 CCI가 +100 이상으로 진입할 때 알림을 받습니다. MACD 알람 골든크로스 알람은 MACD 히스토그램이 음수에서 양수로 전환할 때 알림을 받습니다. 데드크로스 알람은 MACD 히스토그램이 양수
262,2025-12-11T12:07:04+09:00,코인분석기 3종,코인 프로그램 유료버전,https://mingogogo.tistory.com/262,indicator_feature,OBV,"X (Average Directional Index) 추세 강도를 측정합니다. 25 이하면 추세가 약해 횡보 구간, 25 이상이면 추세가 강해 방향성 매매가 유리합니다. 기본 가중치는 8%입니다. OBV (On Balance Volume) 거래량 누적 추세의 기울기입니다. 양의 기울기면 매집 진행 중, 음의 기울기면 분산 진행 중입니다. 기본 가중치는 8%입니다. ATR% (Average T"
262,2025-12-11T12:07:04+09:00,코인분석기 3종,코인 프로그램 유료버전,https://mingogogo.tistory.com/262,indicator_feature,OBV,"움직여 가중치를 조절할 수 있습니다. 본인의 트레이딩 스타일에 맞게 조절하세요. 모멘텀 트레이딩을 선호한다면 RSI, Stochastic 가중치를 높이세요. 거래량 기반 매매를 선호한다면 MFI, OBV 가중치를 높이세요. 추세 추종 매매를 선호한다면 MACD, ADX 가중치를 높이세요. 설정을 변경한 후 저장 버튼을 터치하면 브라우저에 저장됩니다. 초기화 버튼을 터치하면 기본 가중치로 돌아"
262,2025-12-11T12:07:04+09:00,코인분석기 3종,코인 프로그램 유료버전,https://mingogogo.tistory.com/262,indicator_feature,EMA,", 파란색 캔들은 하락(음봉)입니다. 볼린저밴드가 차트에 오버레이됩니다. 상단선(Upper)은 빨간색, 중간선(Middle)은 노란색, 하단선(Lower)은 파란색입니다. 이동평균선이 표시됩니다. EMA 9, EMA 21, SMA 50 등이 색상으로 구분됩니다. 지지선과 저항선이 수평선으로 표시됩니다. 타임프레임 버튼으로 시간대를 변경할 수 있습니다. 1분, 3분, 5분, 15분, 30분,"
262,2025-12-11T12:07:04+09:00,코인분석기 3종,코인 프로그램 유료버전,https://mingogogo.tistory.com/262,indicator_feature,EMA,"들은 하락(음봉)입니다. 볼린저밴드가 차트에 오버레이됩니다. 상단선(Upper)은 빨간색, 중간선(Middle)은 노란색, 하단선(Lower)은 파란색입니다. 이동평균선이 표시됩니다. EMA 9, EMA 21, SMA 50 등이 색상으로 구분됩니다. 지지선과 저항선이 수평선으로 표시됩니다. 타임프레임 버튼으로 시간대를 변경할 수 있습니다. 1분, 3분, 5분, 15분, 30분, 1시간, 4시"
262,2025-12-11T12:07:04+09:00,코인분석기 3종,코인 프로그램 유료버전,https://mingogogo.tistory.com/262,indicator_feature,SMA,")입니다. 볼린저밴드가 차트에 오버레이됩니다. 상단선(Upper)은 빨간색, 중간선(Middle)은 노란색, 하단선(Lower)은 파란색입니다. 이동평균선이 표시됩니다. EMA 9, EMA 21, SMA 50 등이 색상으로 구분됩니다. 지지선과 저항선이 수평선으로 표시됩니다. 타임프레임 버튼으로 시간대를 변경할 수 있습니다. 1분, 3분, 5분, 15분, 30분, 1시간, 4시간, 일봉을 선"
263,2025-12-11T12:08:30+09:00,코인분석기 3종 프로그램 사용가이드,코인 프로그램 유료버전,https://mingogogo.tistory.com/263,algorithm_component,매집,"8 이상 상단 가중치 10% MACD MACD 히스토그램 방향 전환 감지 가중치 8% ADX 추세 강도. 25 이하 약추세, 25 이상 강추세 가중치 8% OBV 거래량 누적 추세. 양의 기울기면 매집 진행 가중치 8% ATR% 변동성 비율. 높을수록 단타 기회 많음 가중치 7% 신호 해석 방법 점수 신호 의미 70점 이상 LONG 강력 매수 신호 55~69점 LONG 매수 관심 구간 46~"
263,2025-12-11T12:08:30+09:00,코인분석기 3종 프로그램 사용가이드,코인 프로그램 유료버전,https://mingogogo.tistory.com/263,algorithm_component,타임프레임,"? 빗썸 거래소의 상위 30개 암호화폐를 동시에 모니터링하면서 실시간 매매 신호를 제공하는 프로그램입니다. 10개의 기술적 지표를 종합 분석하여 각 코인별로 매수/매도/관망 신호를 생성합니다. 멀티타임프레임 교차분석 기능을 통해 1분, 3분, 5분, 15분봉의 신호를 동시에 확인할 수 있습니다. 화면 구성 신호등 바 30개 코인의 실시간 신호를 색상으로 표시합니다. 녹색=매수, 빨간색=매도,"
263,2025-12-11T12:08:30+09:00,코인분석기 3종 프로그램 사용가이드,코인 프로그램 유료버전,https://mingogogo.tistory.com/263,algorithm_component,타임프레임,"이 프로그램은 무엇인가요? 개별 암호화폐에 대해 심층적인 기술적 분석을 제공하는 프로그램입니다. 실시간 캔들 차트, Squeeze Momentum 분석, Z-Score 퀀트 알고리즘, RCI 멀티타임프레임 분석 등 전문가 수준의 분석 도구를 제공합니다. 주요 기능 종합 시그널 5가지 핵심 지표를 종합한 Strong Buy / Buy / Neutral / Sell / Strong Sell 신"
263,2025-12-11T12:08:30+09:00,코인분석기 3종 프로그램 사용가이드,코인 프로그램 유료버전,https://mingogogo.tistory.com/263,algorithm_component,타임프레임,"Sell 대부분의 지표가 하락 예측. 적극 매도 사용 방법 1 코인 검색 검색창에 코인명(비트코인) 또는 심볼(BTC)을 입력합니다. 자동완성에서 선택합니다. 2 시간대 선택 차트 상단에서 원하는 타임프레임을 선택합니다. 여러 시간대를 교차 확인하는 것을 권장합니다. 3 종합 신호 확인 상단 시그널 패널에서 종합, RSI, MACD, Squeeze, Z-Score 신호를 확인합니다. 4 차트"
263,2025-12-11T12:08:30+09:00,코인분석기 3종 프로그램 사용가이드,코인 프로그램 유료버전,https://mingogogo.tistory.com/263,indicator_feature,RSI,"능으로 추적 중인 코인의 실시간 수익률을 표시합니다 BTC 현황바 비트코인의 현재가와 24시간 변동률을 표시합니다 코인 그리드 30개 코인 카드가 점수순으로 배열되어 있습니다 10개 보조지표 설명 RSI 14봉 상대강도지수. 30 이하 과매도, 70 이상 과매수 가중치 15% Stochastic 스토캐스틱 %K. 20 이하 과매도, 80 이상 과매수 가중치 12% CCI 상품채널지수. -10"
263,2025-12-11T12:08:30+09:00,코인분석기 3종 프로그램 사용가이드,코인 프로그램 유료버전,https://mingogogo.tistory.com/263,indicator_feature,RSI,"채널지수. -100 이하 과매도, +100 이상 과매수 가중치 10% Williams %R 윌리엄스 %R. -80 이하 과매도, -20 이상 과매수 가중치 10% MFI 자금흐름지수. 거래량 가중 RSI. 20 이하 과매도 가중치 12% BB%B 볼린저밴드 위치. 0.2 이하 하단, 0.8 이상 상단 가중치 10% MACD MACD 히스토그램 방향 전환 감지 가중치 8% ADX 추세 강도."
263,2025-12-11T12:08:30+09:00,코인분석기 3종 프로그램 사용가이드,코인 프로그램 유료버전,https://mingogogo.tistory.com/263,indicator_feature,RSI,"7가지 핵심 지표를 분석하여 0~100점 사이의 바닥권 점수를 산출합니다. 점수가 높을수록 현재 가격이 바닥권에 가깝다는 의미이며, 반등 가능성이 높습니다. 바닥권 점수 산출 기준 지표 조건 배점 RSI 20 미만 25점 Stochastic RSI K값 10 미만 20점 Williams %R -90 미만 15점 CCI -200 미만 15점 MFI 10 미만 15점 볼린저밴드 하단 2% 이내"
263,2025-12-11T12:08:30+09:00,코인분석기 3종 프로그램 사용가이드,코인 프로그램 유료버전,https://mingogogo.tistory.com/263,indicator_feature,RSI,"의 바닥권 점수를 산출합니다. 점수가 높을수록 현재 가격이 바닥권에 가깝다는 의미이며, 반등 가능성이 높습니다. 바닥권 점수 산출 기준 지표 조건 배점 RSI 20 미만 25점 Stochastic RSI K값 10 미만 20점 Williams %R -90 미만 15점 CCI -200 미만 15점 MFI 10 미만 15점 볼린저밴드 하단 2% 이내 5점 ADX 20 미만(약추세) 5점 신호 분"
263,2025-12-11T12:08:30+09:00,코인분석기 3종 프로그램 사용가이드,코인 프로그램 유료버전,https://mingogogo.tistory.com/263,indicator_feature,RSI,"버튼을 터치합니다. 코인 수에 따라 1~5분 소요됩니다. 3 결과 확인 바닥권 점수 순으로 정렬된 결과를 확인합니다. 상단 통계에서 극과매도 코인 수를 파악합니다. 4 상세 분석 카드를 터치하면 RSI, Stochastic RSI, Williams %R, CCI, MFI, ADX, 볼린저밴드 상세 수치를 확인할 수 있습니다. 5 자동 갱신 자동갱신 버튼을 켜면 5분마다 자동으로 재분석됩니다"
263,2025-12-11T12:08:30+09:00,코인분석기 3종 프로그램 사용가이드,코인 프로그램 유료버전,https://mingogogo.tistory.com/263,indicator_feature,RSI,"에 따라 1~5분 소요됩니다. 3 결과 확인 바닥권 점수 순으로 정렬된 결과를 확인합니다. 상단 통계에서 극과매도 코인 수를 파악합니다. 4 상세 분석 카드를 터치하면 RSI, Stochastic RSI, Williams %R, CCI, MFI, ADX, 볼린저밴드 상세 수치를 확인할 수 있습니다. 5 자동 갱신 자동갱신 버튼을 켜면 5분마다 자동으로 재분석됩니다. 실전 매매 팁 바닥권 점수"
263,2025-12-11T12:08:30+09:00,코인분석기 3종 프로그램 사용가이드,코인 프로그램 유료버전,https://mingogogo.tistory.com/263,indicator_feature,RSI,"ams %R, CCI, MFI, ADX, 볼린저밴드 상세 수치를 확인할 수 있습니다. 5 자동 갱신 자동갱신 버튼을 켜면 5분마다 자동으로 재분석됩니다. 실전 매매 팁 바닥권 점수 70점 이상 + RSI 30 이하 + Stochastic RSI 20 이하가 동시에 충족되는 종목을 우선 선별하세요. 분할 매수 전략을 권장합니다. 1차 현재가, 2차 -5%, 3차 -10% 하락 시 추가 매수합니"
263,2025-12-11T12:08:30+09:00,코인분석기 3종 프로그램 사용가이드,코인 프로그램 유료버전,https://mingogogo.tistory.com/263,indicator_feature,RSI,"볼린저밴드 상세 수치를 확인할 수 있습니다. 5 자동 갱신 자동갱신 버튼을 켜면 5분마다 자동으로 재분석됩니다. 실전 매매 팁 바닥권 점수 70점 이상 + RSI 30 이하 + Stochastic RSI 20 이하가 동시에 충족되는 종목을 우선 선별하세요. 분할 매수 전략을 권장합니다. 1차 현재가, 2차 -5%, 3차 -10% 하락 시 추가 매수합니다. 3 차트 분석기 v3.0 PRO MA"
263,2025-12-11T12:08:30+09:00,코인분석기 3종 프로그램 사용가이드,코인 프로그램 유료버전,https://mingogogo.tistory.com/263,indicator_feature,RSI,"알고리즘. VWAP 편차, 거래량 비율, ATR 변동성 종합. +0.5 이상 매수 신호 RCI 멀티타임 9일/26일/52일 RCI 동시 표시. 세 라인 모두 -80 이하면 강력 과매도 알람 기능 RSI/RCI/CCI 과매도·과매수, MACD 크로스, Squeeze 돌파 알람 지원 종합 신호 해석 점수 신호 의미 80점 이상 Strong Buy 대부분의 지표가 상승 예측. 적극 매수 60~7"
263,2025-12-11T12:08:30+09:00,코인분석기 3종 프로그램 사용가이드,코인 프로그램 유료버전,https://mingogogo.tistory.com/263,indicator_feature,RSI,"입력합니다. 자동완성에서 선택합니다. 2 시간대 선택 차트 상단에서 원하는 타임프레임을 선택합니다. 여러 시간대를 교차 확인하는 것을 권장합니다. 3 종합 신호 확인 상단 시그널 패널에서 종합, RSI, MACD, Squeeze, Z-Score 신호를 확인합니다. 4 차트 분석 캔들 패턴, 볼린저밴드 위치, Squeeze Momentum 상태, Z-Score 값을 종합 분석합니다. 5 알람"
263,2025-12-11T12:08:30+09:00,코인분석기 3종 프로그램 사용가이드,코인 프로그램 유료버전,https://mingogogo.tistory.com/263,indicator_feature,RSI,"tum 상태, Z-Score 값을 종합 분석합니다. 5 알람 설정 설정 버튼에서 원하는 알람 조건을 활성화합니다. 조건 충족 시 소리와 알림이 표시됩니다. 실전 매매 팁 종합 신호 Buy 이상 + RSI 30~40 구간 상승 전환 + Squeeze OFF + 양수 모멘텀 + Z-Score +0.5 이상이면 강력한 매수 타이밍입니다. 볼린저밴드 중간선을 1차 익절, 상단선을 2차 익절 목표로"
263,2025-12-11T12:08:30+09:00,코인분석기 3종 프로그램 사용가이드,코인 프로그램 유료버전,https://mingogogo.tistory.com/263,indicator_feature,MACD,"과매도, -20 이상 과매수 가중치 10% MFI 자금흐름지수. 거래량 가중 RSI. 20 이하 과매도 가중치 12% BB%B 볼린저밴드 위치. 0.2 이하 하단, 0.8 이상 상단 가중치 10% MACD MACD 히스토그램 방향 전환 감지 가중치 8% ADX 추세 강도. 25 이하 약추세, 25 이상 강추세 가중치 8% OBV 거래량 누적 추세. 양의 기울기면 매집 진행 가중치 8% ATR"
263,2025-12-11T12:08:30+09:00,코인분석기 3종 프로그램 사용가이드,코인 프로그램 유료버전,https://mingogogo.tistory.com/263,indicator_feature,MACD,"-20 이상 과매수 가중치 10% MFI 자금흐름지수. 거래량 가중 RSI. 20 이하 과매도 가중치 12% BB%B 볼린저밴드 위치. 0.2 이하 하단, 0.8 이상 상단 가중치 10% MACD MACD 히스토그램 방향 전환 감지 가중치 8% ADX 추세 강도. 25 이하 약추세, 25 이상 강추세 가중치 8% OBV 거래량 누적 추세. 양의 기울기면 매집 진행 가중치 8% ATR% 변동성"
263,2025-12-11T12:08:30+09:00,코인분석기 3종 프로그램 사용가이드,코인 프로그램 유료버전,https://mingogogo.tistory.com/263,indicator_feature,MACD,"율, ATR 변동성 종합. +0.5 이상 매수 신호 RCI 멀티타임 9일/26일/52일 RCI 동시 표시. 세 라인 모두 -80 이하면 강력 과매도 알람 기능 RSI/RCI/CCI 과매도·과매수, MACD 크로스, Squeeze 돌파 알람 지원 종합 신호 해석 점수 신호 의미 80점 이상 Strong Buy 대부분의 지표가 상승 예측. 적극 매수 60~79점 Buy 다수 지표가 상승 예측."
263,2025-12-11T12:08:30+09:00,코인분석기 3종 프로그램 사용가이드,코인 프로그램 유료버전,https://mingogogo.tistory.com/263,indicator_feature,MACD,"다. 자동완성에서 선택합니다. 2 시간대 선택 차트 상단에서 원하는 타임프레임을 선택합니다. 여러 시간대를 교차 확인하는 것을 권장합니다. 3 종합 신호 확인 상단 시그널 패널에서 종합, RSI, MACD, Squeeze, Z-Score 신호를 확인합니다. 4 차트 분석 캔들 패턴, 볼린저밴드 위치, Squeeze Momentum 상태, Z-Score 값을 종합 분석합니다. 5 알람 설정 설"
263,2025-12-11T12:08:30+09:00,코인분석기 3종 프로그램 사용가이드,코인 프로그램 유료버전,https://mingogogo.tistory.com/263,indicator_feature,RCI,"RO MAX 이 프로그램은 무엇인가요? 개별 암호화폐에 대해 심층적인 기술적 분석을 제공하는 프로그램입니다. 실시간 캔들 차트, Squeeze Momentum 분석, Z-Score 퀀트 알고리즘, RCI 멀티타임프레임 분석 등 전문가 수준의 분석 도구를 제공합니다. 주요 기능 종합 시그널 5가지 핵심 지표를 종합한 Strong Buy / Buy / Neutral / Sell / Strong"
263,2025-12-11T12:08:30+09:00,코인분석기 3종 프로그램 사용가이드,코인 프로그램 유료버전,https://mingogogo.tistory.com/263,indicator_feature,RCI,"관계 분석. Squeeze OFF + 양수 모멘텀 = 강력 상승 신호 Z-Score 퀀트 MINJINE 독점 알고리즘. VWAP 편차, 거래량 비율, ATR 변동성 종합. +0.5 이상 매수 신호 RCI 멀티타임 9일/26일/52일 RCI 동시 표시. 세 라인 모두 -80 이하면 강력 과매도 알람 기능 RSI/RCI/CCI 과매도·과매수, MACD 크로스, Squeeze 돌파 알람 지원 종합"
263,2025-12-11T12:08:30+09:00,코인분석기 3종 프로그램 사용가이드,코인 프로그램 유료버전,https://mingogogo.tistory.com/263,indicator_feature,RCI,"양수 모멘텀 = 강력 상승 신호 Z-Score 퀀트 MINJINE 독점 알고리즘. VWAP 편차, 거래량 비율, ATR 변동성 종합. +0.5 이상 매수 신호 RCI 멀티타임 9일/26일/52일 RCI 동시 표시. 세 라인 모두 -80 이하면 강력 과매도 알람 기능 RSI/RCI/CCI 과매도·과매수, MACD 크로스, Squeeze 돌파 알람 지원 종합 신호 해석 점수 신호 의미 80점"
263,2025-12-11T12:08:30+09:00,코인분석기 3종 프로그램 사용가이드,코인 프로그램 유료버전,https://mingogogo.tistory.com/263,indicator_feature,RCI,"즘. VWAP 편차, 거래량 비율, ATR 변동성 종합. +0.5 이상 매수 신호 RCI 멀티타임 9일/26일/52일 RCI 동시 표시. 세 라인 모두 -80 이하면 강력 과매도 알람 기능 RSI/RCI/CCI 과매도·과매수, MACD 크로스, Squeeze 돌파 알람 지원 종합 신호 해석 점수 신호 의미 80점 이상 Strong Buy 대부분의 지표가 상승 예측. 적극 매수 60~79점 B"
263,2025-12-11T12:08:30+09:00,코인분석기 3종 프로그램 사용가이드,코인 프로그램 유료버전,https://mingogogo.tistory.com/263,indicator_feature,CCI,"니다 10개 보조지표 설명 RSI 14봉 상대강도지수. 30 이하 과매도, 70 이상 과매수 가중치 15% Stochastic 스토캐스틱 %K. 20 이하 과매도, 80 이상 과매수 가중치 12% CCI 상품채널지수. -100 이하 과매도, +100 이상 과매수 가중치 10% Williams %R 윌리엄스 %R. -80 이하 과매도, -20 이상 과매수 가중치 10% MFI 자금흐름지수. 거"
263,2025-12-11T12:08:30+09:00,코인분석기 3종 프로그램 사용가이드,코인 프로그램 유료버전,https://mingogogo.tistory.com/263,indicator_feature,CCI,"다는 의미이며, 반등 가능성이 높습니다. 바닥권 점수 산출 기준 지표 조건 배점 RSI 20 미만 25점 Stochastic RSI K값 10 미만 20점 Williams %R -90 미만 15점 CCI -200 미만 15점 MFI 10 미만 15점 볼린저밴드 하단 2% 이내 5점 ADX 20 미만(약추세) 5점 신호 분류 극과매도 80점 이상. 여러 지표가 동시에 극단적 과매도. 반등 확률"
263,2025-12-11T12:08:30+09:00,코인분석기 3종 프로그램 사용가이드,코인 프로그램 유료버전,https://mingogogo.tistory.com/263,indicator_feature,CCI,"결과 확인 바닥권 점수 순으로 정렬된 결과를 확인합니다. 상단 통계에서 극과매도 코인 수를 파악합니다. 4 상세 분석 카드를 터치하면 RSI, Stochastic RSI, Williams %R, CCI, MFI, ADX, 볼린저밴드 상세 수치를 확인할 수 있습니다. 5 자동 갱신 자동갱신 버튼을 켜면 5분마다 자동으로 재분석됩니다. 실전 매매 팁 바닥권 점수 70점 이상 + RSI 30 이"
263,2025-12-11T12:08:30+09:00,코인분석기 3종 프로그램 사용가이드,코인 프로그램 유료버전,https://mingogogo.tistory.com/263,indicator_feature,CCI,"WAP 편차, 거래량 비율, ATR 변동성 종합. +0.5 이상 매수 신호 RCI 멀티타임 9일/26일/52일 RCI 동시 표시. 세 라인 모두 -80 이하면 강력 과매도 알람 기능 RSI/RCI/CCI 과매도·과매수, MACD 크로스, Squeeze 돌파 알람 지원 종합 신호 해석 점수 신호 의미 80점 이상 Strong Buy 대부분의 지표가 상승 예측. 적극 매수 60~79점 Buy 다"
263,2025-12-11T12:08:30+09:00,코인분석기 3종 프로그램 사용가이드,코인 프로그램 유료버전,https://mingogogo.tistory.com/263,indicator_feature,OBV,"볼린저밴드 위치. 0.2 이하 하단, 0.8 이상 상단 가중치 10% MACD MACD 히스토그램 방향 전환 감지 가중치 8% ADX 추세 강도. 25 이하 약추세, 25 이상 강추세 가중치 8% OBV 거래량 누적 추세. 양의 기울기면 매집 진행 가중치 8% ATR% 변동성 비율. 높을수록 단타 기회 많음 가중치 7% 신호 해석 방법 점수 신호 의미 70점 이상 LONG 강력 매수 신호 5"
271,2025-12-19T22:04:27+09:00,ㅣ비트코인·알트코인 실시간 추세 분석기,코인 프로그램 무료 버전,https://mingogogo.tistory.com/271,algorithm_component,거래대금,"장의 주요 알트코인들의 평균 수치를 실시간으로 대조하여 **현재 시장의 '진짜 에너지'**를 읽어낼 수 있도록 설계되었습니다. 1. 주요 핵심 기능 * 통합 지수 분석: BTC, ETH뿐만 아니라 거래대금 상위 알트코인들의 평균 등락률을 하나의 차트에서 비교 분석할 수 있습니다. * 실시간 추세 신호등: 거래대금 상위 30개 알트코인의 3분봉 추세를 10단계 색상으로 표시하여 시장의 과열 혹"
271,2025-12-19T22:04:27+09:00,ㅣ비트코인·알트코인 실시간 추세 분석기,코인 프로그램 무료 버전,https://mingogogo.tistory.com/271,algorithm_component,거래대금,"설계되었습니다. 1. 주요 핵심 기능 * 통합 지수 분석: BTC, ETH뿐만 아니라 거래대금 상위 알트코인들의 평균 등락률을 하나의 차트에서 비교 분석할 수 있습니다. * 실시간 추세 신호등: 거래대금 상위 30개 알트코인의 3분봉 추세를 10단계 색상으로 표시하여 시장의 과열 혹은 침체 상태를 즉각 확인합니다. * 볼륨 변화 감지: 거래량 급증 구간은 빨간색 , 감소 구간은 파란색 배경"
271,2025-12-19T22:04:27+09:00,ㅣ비트코인·알트코인 실시간 추세 분석기,코인 프로그램 무료 버전,https://mingogogo.tistory.com/271,algorithm_component,타임프레임,"* BTC(주황): 시장의 대장주인 비트코인의 흐름입니다. * ETH(보라): 알트코인의 지표가 되는 이더리움의 흐름입니다. * 알트 평균(민트): 주요 알트코인들의 평균적인 힘을 보여줍니다. * 타임프레임 조절: 1분봉부터 1일봉까지 총 8가지 주기를 지원하여 단타부터 장기 투자까지 모두 대응 가능합니다. * 종합분석 버튼: 클릭 시 단기(30분), 중기(4시간), 장기(24시간) 기준의"
271,2025-12-19T22:04:27+09:00,ㅣ비트코인·알트코인 실시간 추세 분석기,코인 프로그램 무료 버전,https://mingogogo.tistory.com/271,indicator_feature,SMA,"과열 혹은 침체 상태를 즉각 확인합니다. * 볼륨 변화 감지: 거래량 급증 구간은 빨간색 , 감소 구간은 파란색 배경으로 표시 수급의 변화를 직관적으로 파악할 수 있습니다. * 실시간 이동평균선(SMA) 알림: 가격이 이동평균선을 돌파하거나 하회할 때 사운드 알림을 제공하여 매매 타이밍 포착을 돕습니다. 2. 차트 보는 법 (Quick Guide) * 메인 차트: * BTC(주황): 시장의"
277,2026-01-03T12:01:48+09:00,"정밀한 타점 분석 솔루션, MINJINE Ultimate v34.1 이용 안내",코인 프로그램 유료버전,https://mingogogo.tistory.com/277,algorithm_component,타임프레임,타점에 진입한 종목들을 추출하여 확률별로 등급을 부여합니다. 강력 매수: 분석 데이터가 일치하는 최적의 구간 매수: 안정적인 반등이 기대되는 구간 관심: 추세 전환 가능성이 높은 관찰 구간 다중 타임프레임 입체 분석 다양한 시간대의 파동을 동시에 스캔하여 단기 반등과 장기 추세 전환을 입체적으로 판단합니다. 여러 조건이 동시에 충족되는 지점을 찾아 신뢰도를 높였습니다. 리스크 자동 필터링
284,2026-01-21T22:12:37+09:00,코인 투자의 미래를 만나다: MINJINE Premium v8.4 3D 통합 분석 툴 리뷰,코인 프로그램 유료버전,https://mingogogo.tistory.com/284,indicator_feature,RSI,"위한 최고의 기능입니다. 음성 브리핑:** ""비트코인 상승 중, 알트코인 혼조세"" 와 같이 현재 시장 상황을 부드러운 음성으로 요약해 줍니다. 변곡점 알람:** 추세가 급격히 변하거나 중요한 지표(RSI, MACD 등)가 골든/데드크로스를 형성할 때 즉시 음성으로 경고해 줍니다. * **기술적 지표 통합:** RSI, MACD, 볼린저 밴드, 거래량 급등 여부 등을 종합하여 100점 만점의"
284,2026-01-21T22:12:37+09:00,코인 투자의 미래를 만나다: MINJINE Premium v8.4 3D 통합 분석 툴 리뷰,코인 프로그램 유료버전,https://mingogogo.tistory.com/284,indicator_feature,RSI,"운 음성으로 요약해 줍니다. 변곡점 알람:** 추세가 급격히 변하거나 중요한 지표(RSI, MACD 등)가 골든/데드크로스를 형성할 때 즉시 음성으로 경고해 줍니다. * **기술적 지표 통합:** RSI, MACD, 볼린저 밴드, 거래량 급등 여부 등을 종합하여 100점 만점의 **'AI 종합 점수'**로 시장 강도를 한눈에 보여줍니다. --- ### **5. 사용자 맞춤 설정 및 검색 기능"
284,2026-01-21T22:12:37+09:00,코인 투자의 미래를 만나다: MINJINE Premium v8.4 3D 통합 분석 툴 리뷰,코인 프로그램 유료버전,https://mingogogo.tistory.com/284,indicator_feature,MACD,"의 기능입니다. 음성 브리핑:** ""비트코인 상승 중, 알트코인 혼조세"" 와 같이 현재 시장 상황을 부드러운 음성으로 요약해 줍니다. 변곡점 알람:** 추세가 급격히 변하거나 중요한 지표(RSI, MACD 등)가 골든/데드크로스를 형성할 때 즉시 음성으로 경고해 줍니다. * **기술적 지표 통합:** RSI, MACD, 볼린저 밴드, 거래량 급등 여부 등을 종합하여 100점 만점의 **'AI"
284,2026-01-21T22:12:37+09:00,코인 투자의 미래를 만나다: MINJINE Premium v8.4 3D 통합 분석 툴 리뷰,코인 프로그램 유료버전,https://mingogogo.tistory.com/284,indicator_feature,MACD,"로 요약해 줍니다. 변곡점 알람:** 추세가 급격히 변하거나 중요한 지표(RSI, MACD 등)가 골든/데드크로스를 형성할 때 즉시 음성으로 경고해 줍니다. * **기술적 지표 통합:** RSI, MACD, 볼린저 밴드, 거래량 급등 여부 등을 종합하여 100점 만점의 **'AI 종합 점수'**로 시장 강도를 한눈에 보여줍니다. --- ### **5. 사용자 맞춤 설정 및 검색 기능** *"
288,2026-02-01T09:47:50+09:00,코인추천 시스템+분석 프로그램2종,코인 프로그램 유료버전,https://mingogogo.tistory.com/288,engine_or_scoring,교차 검증,"기능 설명] 하단에 평균 추세를 이용해서 매수 매도 타이밍을 예측 할수있습니다. AI 협력 종합 분석 카드 중앙 통제 AI를 포함한 7개의 전문 AI(패턴 인식, 리스크 관리, 시그널 조합 등)가 교차 검증한 최종 분석 결과를 제공합니다. AI 점수 프로그레스 바를 통해 현재 시장의 매수 및 매도 강도를 시각적으로 확인할 수 있습니다. 글래스모피즘 기술 지표 카드 최고급 글래스모피즘 디자인과"
288,2026-02-01T09:47:50+09:00,코인추천 시스템+분석 프로그램2종,코인 프로그램 유료버전,https://mingogogo.tistory.com/288,indicator_feature,RSI,"현재 시장의 매수 및 매도 강도를 시각적으로 확인할 수 있습니다. 글래스모피즘 기술 지표 카드 최고급 글래스모피즘 디자인과 네온 효과를 적용하여 가독성을 극대화한 카드입니다. 볼린저 밴드 위치, RSI, 거래량 프로파일 등 핵심 기술적 지표를 다층 그라데이션 레이아웃으로 정리하여 한눈에 파악할 수 있게 돕습니다. 실시간 리스크 관리 카드 리스크 전담 AI가 현재 시장의 변동성과 위험도를 실"
292,2026-02-06T23:46:18+09:00,투자 강의 바이블,코인 강의(공부하기),https://mingogogo.tistory.com/292,algorithm_component,매집,"1년~수년) : 비트코인 4년 반감기 사이클 - 중기 추세(3주~3개월) : 이전 움직임의 1/3~2/3 되돌림 - 단기 추세(3주 이하) : 노이즈가 많아 예측 어려움 3. 주요 추세 3단계 - 매집 단계 : 현명한 투자자 조용히 매수. 거래량 적고 변동 작음 - 대중 참여 : 뉴스 관심 증가, 일반 투자자 진입, 가격 빠르게 상승 - 과열 분배 : 모든 사람 열광, 스마트머니는 매도 시작"
292,2026-02-06T23:46:18+09:00,투자 강의 바이블,코인 강의(공부하기),https://mingogogo.tistory.com/292,algorithm_component,매집,"추세를 확인 - 상승시 거래량 증가가 건강한 추세 6. 추세는 명확한 반전 신호 전까지 유지 ! 암호화폐 적용: 비트코인 4년 반감기 사이클은 다우이론의 주요 추세와 정확히 일치합니다. 반감기 전 매집, 이후 대중 참여, 고점에서 과열 분배가 반복됩니다. 이해도 퀴즈 ""현명한 투자자들이 조용히 매수하는 시기""는? 대중 참여 단계 매집 단계 과열 분배 단계 관련 학습 자료 인베스토피디아 - 다"
292,2026-02-06T23:46:18+09:00,투자 강의 바이블,코인 강의(공부하기),https://mingogogo.tistory.com/292,algorithm_component,매집,"사이클은 다우이론의 주요 추세와 정확히 일치합니다. 반감기 전 매집, 이후 대중 참여, 고점에서 과열 분배가 반복됩니다. 이해도 퀴즈 ""현명한 투자자들이 조용히 매수하는 시기""는? 대중 참여 단계 매집 단계 과열 분배 단계 관련 학습 자료 인베스토피디아 - 다우이론 파밍 틱톡 - 실시간 시장 분석 제3장 추세의 기본 개념 ▼ 기술적 분석에서 가장 중요한 개념은 추세(트렌드) 입니다. 추세의"
292,2026-02-06T23:46:18+09:00,투자 강의 바이블,코인 강의(공부하기),https://mingogogo.tistory.com/292,algorithm_component,눌림목,"매수하는 전략이 효과적입니다. 관련 학습 자료 인베스토피디아 - 엘리엇 파동 인베스토피디아 - 피보나치 되돌림 제8장 실전 매매 시스템 구축 ▼ 매매 시스템 5단계 1. 개념 수립 : 추세 추종, 눌림목 매수, 브레이크아웃 등 전략 선택 2. 객관적 규칙 : RSI 55~70 + 20일선 위 + 거래량 3배 급증 = 매수 등 3. 시각적 검증 : 과거 차트에서 규칙 확인 4. 백테스트 : 과"
292,2026-02-06T23:46:18+09:00,투자 강의 바이블,코인 강의(공부하기),https://mingogogo.tistory.com/292,indicator_feature,RSI,"기(5,10,20일), 중기(50,60일), 장기(120,200일) 골든크로스 : 단기선이 장기선 위로 교차 = 매수 신호 데드크로스 : 단기선이 장기선 아래로 교차 = 매도 신호 주요 오실레이터 RSI (상대강도지수) : 0~100. 70이상 과매수, 30이하 과매도. 14일 기본. 다이버전스 = 강력한 반전 신호 MACD : 12일 EMA - 26일 EMA의 차이. MACD선이 시그널선("
292,2026-02-06T23:46:18+09:00,투자 강의 바이블,코인 강의(공부하기),https://mingogogo.tistory.com/292,indicator_feature,RSI,"매수, 20이하 과매도. 단타에 유용 ! 머피의 핵심 조언: 절대 하나의 지표만 쓰지 마세요. 여러 지표가 같은 방향을 가리킬 때(컨센서스) 신뢰도가 높아집니다. 관련 학습 자료 인베스토피디아 - RSI 가이드 인베스토피디아 - MACD 해설 민지네 쓰레드 - 지표 분석 제6장 거래량과 미결제약정 ▼ 거래량 분석 핵심 원칙 가격 상승 + 거래량 증가 = 건강한 상승 (매수세 강함) 가격 상승"
292,2026-02-06T23:46:18+09:00,투자 강의 바이블,코인 강의(공부하기),https://mingogogo.tistory.com/292,indicator_feature,RSI,"엘리엇 파동 인베스토피디아 - 피보나치 되돌림 제8장 실전 매매 시스템 구축 ▼ 매매 시스템 5단계 1. 개념 수립 : 추세 추종, 눌림목 매수, 브레이크아웃 등 전략 선택 2. 객관적 규칙 : RSI 55~70 + 20일선 위 + 거래량 3배 급증 = 매수 등 3. 시각적 검증 : 과거 차트에서 규칙 확인 4. 백테스트 : 과거 데이터로 승률/수익률 테스트 5. 실전 적용 : 소액 시작"
292,2026-02-06T23:46:18+09:00,투자 강의 바이블,코인 강의(공부하기),https://mingogogo.tistory.com/292,indicator_feature,MACD,"데드크로스 : 단기선이 장기선 아래로 교차 = 매도 신호 주요 오실레이터 RSI (상대강도지수) : 0~100. 70이상 과매수, 30이하 과매도. 14일 기본. 다이버전스 = 강력한 반전 신호 MACD : 12일 EMA - 26일 EMA의 차이. MACD선이 시그널선(9일) 위로 교차=매수. 히스토그램으로 모멘텀 강도 확인 볼린저 밴드 : 20일선 중심 +-2표준편차. 밴드 좁아지면(스퀴"
292,2026-02-06T23:46:18+09:00,투자 강의 바이블,코인 강의(공부하기),https://mingogogo.tistory.com/292,indicator_feature,MACD,"신호 주요 오실레이터 RSI (상대강도지수) : 0~100. 70이상 과매수, 30이하 과매도. 14일 기본. 다이버전스 = 강력한 반전 신호 MACD : 12일 EMA - 26일 EMA의 차이. MACD선이 시그널선(9일) 위로 교차=매수. 히스토그램으로 모멘텀 강도 확인 볼린저 밴드 : 20일선 중심 +-2표준편차. 밴드 좁아지면(스퀴즈) 곧 큰 움직임 예고 스토캐스틱 : 80이상 과매수"
292,2026-02-06T23:46:18+09:00,투자 강의 바이블,코인 강의(공부하기),https://mingogogo.tistory.com/292,indicator_feature,MACD,유용 ! 머피의 핵심 조언: 절대 하나의 지표만 쓰지 마세요. 여러 지표가 같은 방향을 가리킬 때(컨센서스) 신뢰도가 높아집니다. 관련 학습 자료 인베스토피디아 - RSI 가이드 인베스토피디아 - MACD 해설 민지네 쓰레드 - 지표 분석 제6장 거래량과 미결제약정 ▼ 거래량 분석 핵심 원칙 가격 상승 + 거래량 증가 = 건강한 상승 (매수세 강함) 가격 상승 + 거래량 감소 = 약해지는 상
292,2026-02-06T23:46:18+09:00,투자 강의 바이블,코인 강의(공부하기),https://mingogogo.tistory.com/292,indicator_feature,OBV,소 = 약해지는 상승 (주의) 가격 하락 + 거래량 증가 = 강한 매도 압력 가격 하락 + 거래량 감소 = 매도 약화 (바닥 근처 가능) 핵심: 추세 방향의 움직임에서 거래량이 늘어야 건강한 추세 OBV (온밸런스볼륨) : 거래량 누적 지표. OBV가 가격보다 먼저 방향을 바꾸면 강력한 선행 신호입니다. 거래량 급증(서지) : 평소 3배 이상 거래량은 중요한 변화의 시작. 특히 장기 횡보 후
292,2026-02-06T23:46:18+09:00,투자 강의 바이블,코인 강의(공부하기),https://mingogogo.tistory.com/292,indicator_feature,OBV,래량 증가 = 강한 매도 압력 가격 하락 + 거래량 감소 = 매도 약화 (바닥 근처 가능) 핵심: 추세 방향의 움직임에서 거래량이 늘어야 건강한 추세 OBV (온밸런스볼륨) : 거래량 누적 지표. OBV가 가격보다 먼저 방향을 바꾸면 강력한 선행 신호입니다. 거래량 급증(서지) : 평소 3배 이상 거래량은 중요한 변화의 시작. 특히 장기 횡보 후 급증은 새 추세의 신호입니다. ! 주의: 암호
292,2026-02-06T23:46:18+09:00,투자 강의 바이블,코인 강의(공부하기),https://mingogogo.tistory.com/292,indicator_feature,EMA,"예고 퀴즈 상승 삼각형의 돌파 방향은? 위쪽 (상방) 아래쪽 (하방) 예측 불가 제5장 이동평균선과 오실레이터 ▼ 이동평균선 종류 단순이동평균(SMA) : 설정 기간 종가의 단순 평균 지수이동평균(EMA) : 최근 가격에 가중치. 변동성 큰 암호화폐에 더 유용 자주 쓰는 기간: 단기(5,10,20일), 중기(50,60일), 장기(120,200일) 골든크로스 : 단기선이 장기선 위로 교차 ="
292,2026-02-06T23:46:18+09:00,투자 강의 바이블,코인 강의(공부하기),https://mingogogo.tistory.com/292,indicator_feature,EMA,"선이 장기선 아래로 교차 = 매도 신호 주요 오실레이터 RSI (상대강도지수) : 0~100. 70이상 과매수, 30이하 과매도. 14일 기본. 다이버전스 = 강력한 반전 신호 MACD : 12일 EMA - 26일 EMA의 차이. MACD선이 시그널선(9일) 위로 교차=매수. 히스토그램으로 모멘텀 강도 확인 볼린저 밴드 : 20일선 중심 +-2표준편차. 밴드 좁아지면(스퀴즈) 곧 큰 움직임"
292,2026-02-06T23:46:18+09:00,투자 강의 바이블,코인 강의(공부하기),https://mingogogo.tistory.com/292,indicator_feature,EMA,"교차 = 매도 신호 주요 오실레이터 RSI (상대강도지수) : 0~100. 70이상 과매수, 30이하 과매도. 14일 기본. 다이버전스 = 강력한 반전 신호 MACD : 12일 EMA - 26일 EMA의 차이. MACD선이 시그널선(9일) 위로 교차=매수. 히스토그램으로 모멘텀 강도 확인 볼린저 밴드 : 20일선 중심 +-2표준편차. 밴드 좁아지면(스퀴즈) 곧 큰 움직임 예고 스토캐스틱 :"
292,2026-02-06T23:46:18+09:00,투자 강의 바이블,코인 강의(공부하기),https://mingogogo.tistory.com/292,indicator_feature,SMA,"절반 지점 표시 소진 갭 : 추세 끝 발생. 곧 반전 예고 퀴즈 상승 삼각형의 돌파 방향은? 위쪽 (상방) 아래쪽 (하방) 예측 불가 제5장 이동평균선과 오실레이터 ▼ 이동평균선 종류 단순이동평균(SMA) : 설정 기간 종가의 단순 평균 지수이동평균(EMA) : 최근 가격에 가중치. 변동성 큰 암호화폐에 더 유용 자주 쓰는 기간: 단기(5,10,20일), 중기(50,60일), 장기(120,2"
295,2026-02-15T02:13:57+09:00,밈코인 매집시그널,눌림코인 저장공간,https://mingogogo.tistory.com/295,algorithm_component,매집,밈 코인 매집
308,2026-04-13T10:09:31+09:00,4월13일 추천. 코인리스트,인증 저장공간,https://mingogogo.tistory.com/308,engine_or_scoring,컨트롤타워,"## **[오늘의 코인 리포트] 하락장 속에서도 터진 급등, ‘민지네 컨트롤타워’ 적중 내역 분석** **날짜: 2026년 4월 13일 (월)** **시장 상황: 비트/알트 조정 구간 (눌림목 관찰 필수)** 오늘 비트코인(-2.7%)과 알트코인(-3.1%) 전반이밀"
308,2026-04-13T10:09:31+09:00,4월13일 추천. 코인리스트,인증 저장공간,https://mingogogo.tistory.com/308,engine_or_scoring,컨트롤타워,"6년 4월 13일 (월)** **시장 상황: 비트/알트 조정 구간 (눌림목 관찰 필수)** 오늘 비트코인(-2.7%)과 알트코인(-3.1%) 전반이밀리는 **조정 구간**임에도 불구하고, 저희 **컨트롤타워 v3.0** 엔진이 포착한 종목들은 업비트 상승률 상위권을 휩쓸며 압도적인 퍼포먼스를 보여주고 있습니다. 실시간 적중 내역 공유합니다. ### **1. 실시간 업비트 급등 종목 (LIVE"
308,2026-04-13T10:09:31+09:00,4월13일 추천. 코인리스트,인증 저장공간,https://mingogogo.tistory.com/308,engine_or_scoring,컨트롤타워,관심 종목:** **메테오라(MET2)** - 기대 반등 수치 +195.9%로 매우 높음. * **주의 사항:** 비트코인 강한 하락세이므로 분할 매수와 손절가 준수는 필수입니다. > **[민지네 컨트롤타워 v3.0]**은 데이터와 알고리즘으로 시장을 이깁니다. > 더 상세한 실시간 시그널은 하단 상담 링크를 확인해 주세요. > **상담문의:** [https://open.kakao.com/
308,2026-04-13T10:09:31+09:00,4월13일 추천. 코인리스트,인증 저장공간,https://mingogogo.tistory.com/308,engine_or_scoring,교차 검증,점) * **이뮤터블엑스 (IMX):** **+3.8% 상승** (실시간 거래대금 상위권 랭크) ### **2. 분석 엔진별 주요 적중 포인트** #### **① 크로스채널 종합 판정 (8개 채널 교차 검증)** 여러 기술적 분석 지표가 동시에 '매수'를 가리킨 종목들이 실제 상승으로 이어졌습니다. * **스페이스아이디(ID):** 173점 (강력 추천) → **적중!** * **라이브피어(
308,2026-04-13T10:09:31+09:00,4월13일 추천. 코인리스트,인증 저장공간,https://mingogogo.tistory.com/308,engine_or_scoring,강력 추천,(ONG):** **최대 +7.8% 급등** (시스템 신호: 하모닉 패턴 및 단기 매도 종료 포착) * **스페이스아이디 (ID):** **+4.4% 상승** (시스템 신호: 씽크로 ULTRA 및 강력 추천 점수 173점) * **이뮤터블엑스 (IMX):** **+3.8% 상승** (실시간 거래대금 상위권 랭크) ### **2. 분석 엔진별 주요 적중 포인트** #### **① 크로스채널 종
308,2026-04-13T10:09:31+09:00,4월13일 추천. 코인리스트,인증 저장공간,https://mingogogo.tistory.com/308,engine_or_scoring,강력 추천,### **① 크로스채널 종합 판정 (8개 채널 교차 검증)** 여러 기술적 분석 지표가 동시에 '매수'를 가리킨 종목들이 실제 상승으로 이어졌습니다. * **스페이스아이디(ID):** 173점 (강력 추천) → **적중!** * **라이브피어(LPT):** 168점 (강력 추천) → **저평가 구간 탈출 중** * **디카르고(DKA):** 166점 (강력 추천) → **세력 매집 확인 신
308,2026-04-13T10:09:31+09:00,4월13일 추천. 코인리스트,인증 저장공간,https://mingogogo.tistory.com/308,engine_or_scoring,강력 추천,적 분석 지표가 동시에 '매수'를 가리킨 종목들이 실제 상승으로 이어졌습니다. * **스페이스아이디(ID):** 173점 (강력 추천) → **적중!** * **라이브피어(LPT):** 168점 (강력 추천) → **저평가 구간 탈출 중** * **디카르고(DKA):** 166점 (강력 추천) → **세력 매집 확인 신호 발생** #### **② 하이퍼 씽크로 (타임프레임 동기화)** 단기(
308,2026-04-13T10:09:31+09:00,4월13일 추천. 코인리스트,인증 저장공간,https://mingogogo.tistory.com/308,engine_or_scoring,강력 추천,스페이스아이디(ID):** 173점 (강력 추천) → **적중!** * **라이브피어(LPT):** 168점 (강력 추천) → **저평가 구간 탈출 중** * **디카르고(DKA):** 166점 (강력 추천) → **세력 매집 확인 신호 발생** #### **② 하이퍼 씽크로 (타임프레임 동기화)** 단기(5분)부터 장기(4시간)까지 모든 추세가 정렬된 종목들입니다. * **센트리퓨즈(CFG
308,2026-04-13T10:09:31+09:00,4월13일 추천. 코인리스트,인증 저장공간,https://mingogogo.tistory.com/308,engine_or_scoring,시스템 신호,. ### **1. 실시간 업비트 급등 종목 (LIVE)** 하락장 속에서도 거래대금이 몰리며 '나홀로 상승' 중인 종목들입니다. * **온톨로지가스 (ONG):** **최대 +7.8% 급등** (시스템 신호: 하모닉 패턴 및 단기 매도 종료 포착) * **스페이스아이디 (ID):** **+4.4% 상승** (시스템 신호: 씽크로 ULTRA 및 강력 추천 점수 173점) * **이뮤터블엑스
308,2026-04-13T10:09:31+09:00,4월13일 추천. 코인리스트,인증 저장공간,https://mingogogo.tistory.com/308,engine_or_scoring,시스템 신호,종목들입니다. * **온톨로지가스 (ONG):** **최대 +7.8% 급등** (시스템 신호: 하모닉 패턴 및 단기 매도 종료 포착) * **스페이스아이디 (ID):** **+4.4% 상승** (시스템 신호: 씽크로 ULTRA 및 강력 추천 점수 173점) * **이뮤터블엑스 (IMX):** **+3.8% 상승** (실시간 거래대금 상위권 랭크) ### **2. 분석 엔진별 주요 적중 포인
308,2026-04-13T10:09:31+09:00,4월13일 추천. 코인리스트,인증 저장공간,https://mingogogo.tistory.com/308,algorithm_component,하모닉 패턴,1. 실시간 업비트 급등 종목 (LIVE)** 하락장 속에서도 거래대금이 몰리며 '나홀로 상승' 중인 종목들입니다. * **온톨로지가스 (ONG):** **최대 +7.8% 급등** (시스템 신호: 하모닉 패턴 및 단기 매도 종료 포착) * **스페이스아이디 (ID):** **+4.4% 상승** (시스템 신호: 씽크로 ULTRA 및 강력 추천 점수 173점) * **이뮤터블엑스 (IMX):**
308,2026-04-13T10:09:31+09:00,4월13일 추천. 코인리스트,인증 저장공간,https://mingogogo.tistory.com/308,algorithm_component,매집,173점 (강력 추천) → **적중!** * **라이브피어(LPT):** 168점 (강력 추천) → **저평가 구간 탈출 중** * **디카르고(DKA):** 166점 (강력 추천) → **세력 매집 확인 신호 발생** #### **② 하이퍼 씽크로 (타임프레임 동기화)** 단기(5분)부터 장기(4시간)까지 모든 추세가 정렬된 종목들입니다. * **센트리퓨즈(CFG):** 씽크점수 81점
308,2026-04-13T10:09:31+09:00,4월13일 추천. 코인리스트,인증 저장공간,https://mingogogo.tistory.com/308,algorithm_component,거래대금,엔진이 포착한 종목들은 업비트 상승률 상위권을 휩쓸며 압도적인 퍼포먼스를 보여주고 있습니다. 실시간 적중 내역 공유합니다. ### **1. 실시간 업비트 급등 종목 (LIVE)** 하락장 속에서도 거래대금이 몰리며 '나홀로 상승' 중인 종목들입니다. * **온톨로지가스 (ONG):** **최대 +7.8% 급등** (시스템 신호: 하모닉 패턴 및 단기 매도 종료 포착) * **스페이스아이디 (
308,2026-04-13T10:09:31+09:00,4월13일 추천. 코인리스트,인증 저장공간,https://mingogogo.tistory.com/308,algorithm_component,거래대금,착) * **스페이스아이디 (ID):** **+4.4% 상승** (시스템 신호: 씽크로 ULTRA 및 강력 추천 점수 173점) * **이뮤터블엑스 (IMX):** **+3.8% 상승** (실시간 거래대금 상위권 랭크) ### **2. 분석 엔진별 주요 적중 포인트** #### **① 크로스채널 종합 판정 (8개 채널 교차 검증)** 여러 기술적 분석 지표가 동시에 '매수'를 가리킨 종목들이
308,2026-04-13T10:09:31+09:00,4월13일 추천. 코인리스트,인증 저장공간,https://mingogogo.tistory.com/308,algorithm_component,타임프레임,어(LPT):** 168점 (강력 추천) → **저평가 구간 탈출 중** * **디카르고(DKA):** 166점 (강력 추천) → **세력 매집 확인 신호 발생** #### **② 하이퍼 씽크로 (타임프레임 동기화)** 단기(5분)부터 장기(4시간)까지 모든 추세가 정렬된 종목들입니다. * **센트리퓨즈(CFG):** 씽크점수 81점 (초강강매수 5/5) * **아하토큰(AHT):** 씽크점
308,2026-04-13T10:09:31+09:00,4월13일 추천. 코인리스트,인증 저장공간,https://mingogogo.tistory.com/308,algorithm_component,동기화,:** 168점 (강력 추천) → **저평가 구간 탈출 중** * **디카르고(DKA):** 166점 (강력 추천) → **세력 매집 확인 신호 발생** #### **② 하이퍼 씽크로 (타임프레임 동기화)** 단기(5분)부터 장기(4시간)까지 모든 추세가 정렬된 종목들입니다. * **센트리퓨즈(CFG):** 씽크점수 81점 (초강강매수 5/5) * **아하토큰(AHT):** 씽크점수 82점
308,2026-04-13T10:09:31+09:00,4월13일 추천. 코인리스트,인증 저장공간,https://mingogogo.tistory.com/308,algorithm_component,눌림목,"## **[오늘의 코인 리포트] 하락장 속에서도 터진 급등, ‘민지네 컨트롤타워’ 적중 내역 분석** **날짜: 2026년 4월 13일 (월)** **시장 상황: 비트/알트 조정 구간 (눌림목 관찰 필수)** 오늘 비트코인(-2.7%)과 알트코인(-3.1%) 전반이밀리는 **조정 구간**임에도 불구하고, 저희 **컨트롤타워 v3.0** 엔진이 포착한 종목들은 업비트 상승률 상위권을"
308,2026-04-13T10:09:31+09:00,4월13일 추천. 코인리스트,인증 저장공간,https://mingogogo.tistory.com/308,algorithm_component,눌림목,"점수 **100점** (강력매수) * **카이트(KITE):** 알고리즘 점수 **90점** (강력매수) ### **3. 향후 투자 전략: ""조정 후 반등을 노려라""** 현재 시장은 전반적으로 **눌림목(Retest)** 구간에 진입했습니다. 무지성 매수보다는 시스템이 제안하는 **'저평가 거래량'** 종목에 집중해야 합니다. * **관심 종목:** **메테오라(MET2)** - 기대 반등"
53,2025-07-14T05:54:33+09:00,코인 프로그램 테스트 결과 10시간 경과,코인 프로그램 인증,https://mingogogo.tistory.com/53,performance_value,21,21 pct 18%
53,2025-07-14T05:54:33+09:00,코인 프로그램 테스트 결과 10시간 경과,코인 프로그램 인증,https://mingogogo.tistory.com/53,performance_value,20,20 pct 41%
53,2025-07-14T05:54:33+09:00,코인 프로그램 테스트 결과 10시간 경과,코인 프로그램 인증,https://mingogogo.tistory.com/53,performance_value,32,32 pct 99%
53,2025-07-14T05:54:33+09:00,코인 프로그램 테스트 결과 10시간 경과,코인 프로그램 인증,https://mingogogo.tistory.com/53,performance_value,15,15 pct 50%
53,2025-07-14T05:54:33+09:00,코인 프로그램 테스트 결과 10시간 경과,코인 프로그램 인증,https://mingogogo.tistory.com/53,performance_value,11,11 pct 20.22%
53,2025-07-14T05:54:33+09:00,코인 프로그램 테스트 결과 10시간 경과,코인 프로그램 인증,https://mingogogo.tistory.com/53,performance_value,14,14 pct 70%
53,2025-07-14T05:54:33+09:00,코인 프로그램 테스트 결과 10시간 경과,코인 프로그램 인증,https://mingogogo.tistory.com/53,performance_value,30,30 pct 97%
53,2025-07-14T05:54:33+09:00,코인 프로그램 테스트 결과 10시간 경과,코인 프로그램 인증,https://mingogogo.tistory.com/53,performance_value,10,10 pct 81%
53,2025-07-14T05:54:33+09:00,코인 프로그램 테스트 결과 10시간 경과,코인 프로그램 인증,https://mingogogo.tistory.com/53,performance_value,17,17 pct 1.6%
53,2025-07-14T05:54:33+09:00,코인 프로그램 테스트 결과 10시간 경과,코인 프로그램 인증,https://mingogogo.tistory.com/53,performance_value,14,14 pct 79%
53,2025-07-14T05:54:33+09:00,코인 프로그램 테스트 결과 10시간 경과,코인 프로그램 인증,https://mingogogo.tistory.com/53,performance_value,20,20 pct 78%
53,2025-07-14T05:54:33+09:00,코인 프로그램 테스트 결과 10시간 경과,코인 프로그램 인증,https://mingogogo.tistory.com/53,performance_value,27,27 pct 3.60%
53,2025-07-14T05:54:33+09:00,코인 프로그램 테스트 결과 10시간 경과,코인 프로그램 인증,https://mingogogo.tistory.com/53,performance_value,87,87 pct 6.71%
53,2025-07-14T05:54:33+09:00,코인 프로그램 테스트 결과 10시간 경과,코인 프로그램 인증,https://mingogogo.tistory.com/53,performance_value,20,20 pct 20%
60,2025-08-02T04:04:51+09:00,업비트 원화 마켓 코인 테마별 정리,코인 강의(공부하기),https://mingogogo.tistory.com/60,performance_value,05,05 pct 0.25%
64,2025-09-01T20:47:17+09:00,실시간 코인분석기,코인 프로그램 유료버전,https://mingogogo.tistory.com/64,scoring_value,10,10 score 100
64,2025-09-01T20:47:17+09:00,실시간 코인분석기,코인 프로그램 유료버전,https://mingogogo.tistory.com/64,performance_value,10,10 pct 0%
64,2025-09-01T20:47:17+09:00,실시간 코인분석기,코인 프로그램 유료버전,https://mingogogo.tistory.com/64,performance_value,50000006,50000006 pct 8%
64,2025-09-01T20:47:17+09:00,실시간 코인분석기,코인 프로그램 유료버전,https://mingogogo.tistory.com/64,performance_value,EB,EB pct 7%
64,2025-09-01T20:47:17+09:00,실시간 코인분석기,코인 프로그램 유료버전,https://mingogogo.tistory.com/64,performance_value,80,80 pct 84%
64,2025-09-01T20:47:17+09:00,실시간 코인분석기,코인 프로그램 유료버전,https://mingogogo.tistory.com/64,performance_value,96,96 pct 97%
64,2025-09-01T20:47:17+09:00,실시간 코인분석기,코인 프로그램 유료버전,https://mingogogo.tistory.com/64,performance_value,AD,AD pct 82%
64,2025-09-01T20:47:17+09:00,실시간 코인분석기,코인 프로그램 유료버전,https://mingogogo.tistory.com/64,performance_value,EC,EC pct 94%
64,2025-09-01T20:47:17+09:00,실시간 코인분석기,코인 프로그램 유료버전,https://mingogogo.tistory.com/64,performance_value,EC,EC pct 8%
64,2025-09-01T20:47:17+09:00,실시간 코인분석기,코인 프로그램 유료버전,https://mingogogo.tistory.com/64,performance_value,ED,ED pct 0%
66,2025-09-04T12:16:54+09:00,이더리움 850억 규모 매각 관점 시나리오2가지,카테고리 없음,https://mingogogo.tistory.com/66,performance_value,10,10 pct 70%
71,2025-09-08T20:36:55+09:00,비트코인 이더리움 알트코인 상관관계,코인 강의(공부하기),https://mingogogo.tistory.com/71,performance_value,BTC,BTC pct 50%
71,2025-09-08T20:36:55+09:00,비트코인 이더리움 알트코인 상관관계,코인 강의(공부하기),https://mingogogo.tistory.com/71,performance_value,60,60 pct 80%
71,2025-09-08T20:36:55+09:00,비트코인 이더리움 알트코인 상관관계,코인 강의(공부하기),https://mingogogo.tistory.com/71,performance_value,10,10 pct 0%
71,2025-09-08T20:36:55+09:00,비트코인 이더리움 알트코인 상관관계,코인 강의(공부하기),https://mingogogo.tistory.com/71,performance_value,BTC,BTC pct -3%
71,2025-09-08T20:36:55+09:00,비트코인 이더리움 알트코인 상관관계,코인 강의(공부하기),https://mingogogo.tistory.com/71,performance_value,ETH,ETH pct 15%
71,2025-09-08T20:36:55+09:00,비트코인 이더리움 알트코인 상관관계,코인 강의(공부하기),https://mingogogo.tistory.com/71,performance_value,BTC,BTC pct 60%
75,2025-09-10T02:14:50+09:00,업비트 코인 단타 프로그램 나눔 (비트코인 알트코인분석),코인 프로그램 무료 버전,https://mingogogo.tistory.com/75,performance_value,10,10 pct 0%
76,2025-09-10T16:53:44+09:00,코인 주식 보조지표 강의,코인 강의(공부하기),https://mingogogo.tistory.com/76,performance_value,16,16 pct -27%
76,2025-09-10T16:53:44+09:00,코인 주식 보조지표 강의,코인 강의(공부하기),https://mingogogo.tistory.com/76,performance_value,18,18 pct -35%
76,2025-09-10T16:53:44+09:00,코인 주식 보조지표 강의,코인 강의(공부하기),https://mingogogo.tistory.com/76,performance_value,92,92 pct 19%
76,2025-09-10T16:53:44+09:00,코인 주식 보조지표 강의,코인 강의(공부하기),https://mingogogo.tistory.com/76,performance_value,100,100 pct 2%
76,2025-09-10T16:53:44+09:00,코인 주식 보조지표 강의,코인 강의(공부하기),https://mingogogo.tistory.com/76,performance_value,12,12 pct 70%
78,2025-09-13T17:25:04+09:00,업비트 코인 분석기 완벽 사용 설명서 비트코인 알트코인 분석,코인 프로그램 유료버전,https://mingogogo.tistory.com/78,performance_value,12,12 pct 0%
79,2025-09-15T01:23:52+09:00,암호화폐(비트코인 알트코인) 분석기 (파동 분석 봇 v11.0): 당신의 24시간 AI 코인 분석가,코인 프로그램 인증,https://mingogogo.tistory.com/79,performance_value,10,10 pct 0%
79,2025-09-15T01:23:52+09:00,암호화폐(비트코인 알트코인) 분석기 (파동 분석 봇 v11.0): 당신의 24시간 AI 코인 분석가,코인 프로그램 인증,https://mingogogo.tistory.com/79,performance_value,AI,AI pct 100%
80,2025-09-16T23:52:39+09:00,"PAMING 급등코인분석 시스템, 무엇이 특별한가",코인 프로그램 유료버전,https://mingogogo.tistory.com/80,scoring_value,90,90 score 50
81,2025-09-17T00:01:33+09:00,"업비트 단타 트레이더를 위한 강력한 분석 툴, '파밍 분석기",코인 프로그램 유료버전,https://mingogogo.tistory.com/81,scoring_value,40,40 score 60
81,2025-09-17T00:01:33+09:00,"업비트 단타 트레이더를 위한 강력한 분석 툴, '파밍 분석기",코인 프로그램 유료버전,https://mingogogo.tistory.com/81,scoring_value,20,20 score 40
81,2025-09-17T00:01:33+09:00,"업비트 단타 트레이더를 위한 강력한 분석 툴, '파밍 분석기",코인 프로그램 유료버전,https://mingogogo.tistory.com/81,performance_value,BTC,BTC pct 30%
81,2025-09-17T00:01:33+09:00,"업비트 단타 트레이더를 위한 강력한 분석 툴, '파밍 분석기",코인 프로그램 유료버전,https://mingogogo.tistory.com/81,performance_value,BTC,BTC pct 100%
83,2025-09-20T16:57:43+09:00,코인강의,코인 강의(공부하기),https://mingogogo.tistory.com/83,performance_value,10,10 pct 0%
83,2025-09-20T16:57:43+09:00,코인강의,코인 강의(공부하기),https://mingogogo.tistory.com/83,performance_value,RSI,RSI pct 100%
83,2025-09-20T16:57:43+09:00,코인강의,코인 강의(공부하기),https://mingogogo.tistory.com/83,performance_value,14,14 pct 100%
84,2025-09-20T17:20:04+09:00,RCI 보조지표 강의,코인 강의(공부하기),https://mingogogo.tistory.com/84,performance_value,RCI,RCI pct 12%
84,2025-09-20T17:20:04+09:00,RCI 보조지표 강의,코인 강의(공부하기),https://mingogogo.tistory.com/84,performance_value,RCI,RCI pct 20%
94,2025-09-24T20:12:37+09:00,유엑스링크 해킹사건정리,코인 강의(공부하기),https://mingogogo.tistory.com/94,performance_value,15,15 pct 10%
101,2025-09-25T18:10:00+09:00,코인 주식 캔들 기본개념,코인 강의(공부하기),https://mingogogo.tistory.com/101,performance_value,30,30 pct -40%
101,2025-09-25T18:10:00+09:00,코인 주식 캔들 기본개념,코인 강의(공부하기),https://mingogogo.tistory.com/101,performance_value,10,10 pct 0%
102,2025-09-25T18:23:53+09:00,캔들기본편,코인 강의(공부하기),https://mingogogo.tistory.com/102,performance_value,85,85 pct 95%
102,2025-09-25T18:23:53+09:00,캔들기본편,코인 강의(공부하기),https://mingogogo.tistory.com/102,performance_value,78,78 pct 88%
102,2025-09-25T18:23:53+09:00,캔들기본편,코인 강의(공부하기),https://mingogogo.tistory.com/102,performance_value,65,65 pct 80%
102,2025-09-25T18:23:53+09:00,캔들기본편,코인 강의(공부하기),https://mingogogo.tistory.com/102,performance_value,82,82 pct 90%
102,2025-09-25T18:23:53+09:00,캔들기본편,코인 강의(공부하기),https://mingogogo.tistory.com/102,performance_value,92,92 pct 97%
102,2025-09-25T18:23:53+09:00,캔들기본편,코인 강의(공부하기),https://mingogogo.tistory.com/102,performance_value,89,89 pct 94%
102,2025-09-25T18:23:53+09:00,캔들기본편,코인 강의(공부하기),https://mingogogo.tistory.com/102,performance_value,87,87 pct 95%
102,2025-09-25T18:23:53+09:00,캔들기본편,코인 강의(공부하기),https://mingogogo.tistory.com/102,performance_value,84,84 pct 92%
105,2025-09-28T20:08:12+09:00,방송중 음성 출력시스템 텍스트 음성출,코인 강의(공부하기)/파밍놀이터,https://mingogogo.tistory.com/105,performance_value,10,10 pct 0%
105,2025-09-28T20:08:12+09:00,방송중 음성 출력시스템 텍스트 음성출,코인 강의(공부하기)/파밍놀이터,https://mingogogo.tistory.com/105,performance_value,EB,EB pct 7%
105,2025-09-28T20:08:12+09:00,방송중 음성 출력시스템 텍스트 음성출,코인 강의(공부하기)/파밍놀이터,https://mingogogo.tistory.com/105,performance_value,80,80 pct 84%
105,2025-09-28T20:08:12+09:00,방송중 음성 출력시스템 텍스트 음성출,코인 강의(공부하기)/파밍놀이터,https://mingogogo.tistory.com/105,performance_value,96,96 pct 97%
105,2025-09-28T20:08:12+09:00,방송중 음성 출력시스템 텍스트 음성출,코인 강의(공부하기)/파밍놀이터,https://mingogogo.tistory.com/105,performance_value,AD,AD pct 82%
105,2025-09-28T20:08:12+09:00,방송중 음성 출력시스템 텍스트 음성출,코인 강의(공부하기)/파밍놀이터,https://mingogogo.tistory.com/105,performance_value,50000006,50000006 pct 8%
107,2025-10-01T18:30:13+09:00,통합시장 추세분석기 제작:파밍,코인 프로그램 무료 버전,https://mingogogo.tistory.com/107,performance_value,100,100 pct 0%
107,2025-10-01T18:30:13+09:00,통합시장 추세분석기 제작:파밍,코인 프로그램 무료 버전,https://mingogogo.tistory.com/107,performance_value,10,10 pct 0%
107,2025-10-01T18:30:13+09:00,통합시장 추세분석기 제작:파밍,코인 프로그램 무료 버전,https://mingogogo.tistory.com/107,performance_value,EC,EC pct 94%
107,2025-10-01T18:30:13+09:00,통합시장 추세분석기 제작:파밍,코인 프로그램 무료 버전,https://mingogogo.tistory.com/107,performance_value,EC,EC pct 8%
107,2025-10-01T18:30:13+09:00,통합시장 추세분석기 제작:파밍,코인 프로그램 무료 버전,https://mingogogo.tistory.com/107,performance_value,ED,ED pct 0%
107,2025-10-01T18:30:13+09:00,통합시장 추세분석기 제작:파밍,코인 프로그램 무료 버전,https://mingogogo.tistory.com/107,performance_value,EB,EB pct 7%
107,2025-10-01T18:30:13+09:00,통합시장 추세분석기 제작:파밍,코인 프로그램 무료 버전,https://mingogogo.tistory.com/107,performance_value,80,80 pct 84%
107,2025-10-01T18:30:13+09:00,통합시장 추세분석기 제작:파밍,코인 프로그램 무료 버전,https://mingogogo.tistory.com/107,performance_value,96,96 pct 97%
107,2025-10-01T18:30:13+09:00,통합시장 추세분석기 제작:파밍,코인 프로그램 무료 버전,https://mingogogo.tistory.com/107,performance_value,AD,AD pct 82%
107,2025-10-01T18:30:13+09:00,통합시장 추세분석기 제작:파밍,코인 프로그램 무료 버전,https://mingogogo.tistory.com/107,performance_value,50000006,50000006 pct 8%
108,2025-10-01T18:49:07+09:00,텔레그램 봇 + 알트평균 그래프 매수매도 방법,코인 강의(공부하기),https://mingogogo.tistory.com/108,performance_value,20,20 pct 20%
108,2025-10-01T18:49:07+09:00,텔레그램 봇 + 알트평균 그래프 매수매도 방법,코인 강의(공부하기),https://mingogogo.tistory.com/108,performance_value,30,30 pct 30%
108,2025-10-01T18:49:07+09:00,텔레그램 봇 + 알트평균 그래프 매수매도 방법,코인 강의(공부하기),https://mingogogo.tistory.com/108,performance_value,50,50 pct 50%
108,2025-10-01T18:49:07+09:00,텔레그램 봇 + 알트평균 그래프 매수매도 방법,코인 강의(공부하기),https://mingogogo.tistory.com/108,performance_value,STEP,STEP pct 20%
108,2025-10-01T18:49:07+09:00,텔레그램 봇 + 알트평균 그래프 매수매도 방법,코인 강의(공부하기),https://mingogogo.tistory.com/108,performance_value,STEP,STEP pct 30%
108,2025-10-01T18:49:07+09:00,텔레그램 봇 + 알트평균 그래프 매수매도 방법,코인 강의(공부하기),https://mingogogo.tistory.com/108,performance_value,STEP,STEP pct 50%
108,2025-10-01T18:49:07+09:00,텔레그램 봇 + 알트평균 그래프 매수매도 방법,코인 강의(공부하기),https://mingogogo.tistory.com/108,performance_value,20,20 pct +3%
108,2025-10-01T18:49:07+09:00,텔레그램 봇 + 알트평균 그래프 매수매도 방법,코인 강의(공부하기),https://mingogogo.tistory.com/108,performance_value,675,675 pct +3%
108,2025-10-01T18:49:07+09:00,텔레그램 봇 + 알트평균 그래프 매수매도 방법,코인 강의(공부하기),https://mingogogo.tistory.com/108,performance_value,675,675 pct -3%
121,2025-10-22T17:07:59+09:00,보조지표에 대한 이해 (초보자용),코인 강의(공부하기),https://mingogogo.tistory.com/121,performance_value,40,40 pct 70%
121,2025-10-22T17:07:59+09:00,보조지표에 대한 이해 (초보자용),코인 강의(공부하기),https://mingogogo.tistory.com/121,performance_value,30,30 pct -40%
121,2025-10-22T17:07:59+09:00,보조지표에 대한 이해 (초보자용),코인 강의(공부하기),https://mingogogo.tistory.com/121,performance_value,20,20 pct -30%
121,2025-10-22T17:07:59+09:00,보조지표에 대한 이해 (초보자용),코인 강의(공부하기),https://mingogogo.tistory.com/121,performance_value,15,15 pct 20%
121,2025-10-22T17:07:59+09:00,보조지표에 대한 이해 (초보자용),코인 강의(공부하기),https://mingogogo.tistory.com/121,performance_value,30,30 pct 40%
121,2025-10-22T17:07:59+09:00,보조지표에 대한 이해 (초보자용),코인 강의(공부하기),https://mingogogo.tistory.com/121,performance_value,60,60 pct -70%
121,2025-10-22T17:07:59+09:00,보조지표에 대한 이해 (초보자용),코인 강의(공부하기),https://mingogogo.tistory.com/121,performance_value,30,30 pct 70%
121,2025-10-22T17:07:59+09:00,보조지표에 대한 이해 (초보자용),코인 강의(공부하기),https://mingogogo.tistory.com/121,performance_value,15,15 pct 0%
121,2025-10-22T17:07:59+09:00,보조지표에 대한 이해 (초보자용),코인 강의(공부하기),https://mingogogo.tistory.com/121,performance_value,250,250 pct 28%
121,2025-10-22T17:07:59+09:00,보조지표에 대한 이해 (초보자용),코인 강의(공부하기),https://mingogogo.tistory.com/121,performance_value,200,200 pct +33%
121,2025-10-22T17:07:59+09:00,보조지표에 대한 이해 (초보자용),코인 강의(공부하기),https://mingogogo.tistory.com/121,performance_value,180,180 pct +40%
121,2025-10-22T17:07:59+09:00,보조지표에 대한 이해 (초보자용),코인 강의(공부하기),https://mingogogo.tistory.com/121,performance_value,24,24 pct 180%
121,2025-10-22T17:07:59+09:00,보조지표에 대한 이해 (초보자용),코인 강의(공부하기),https://mingogogo.tistory.com/121,performance_value,24,24 pct 120%
121,2025-10-22T17:07:59+09:00,보조지표에 대한 이해 (초보자용),코인 강의(공부하기),https://mingogogo.tistory.com/121,performance_value,15,15 pct 4%
121,2025-10-22T17:07:59+09:00,보조지표에 대한 이해 (초보자용),코인 강의(공부하기),https://mingogogo.tistory.com/121,performance_value,520,520 pct 40%
121,2025-10-22T17:07:59+09:00,보조지표에 대한 이해 (초보자용),코인 강의(공부하기),https://mingogogo.tistory.com/121,performance_value,660,660 pct 40%
121,2025-10-22T17:07:59+09:00,보조지표에 대한 이해 (초보자용),코인 강의(공부하기),https://mingogogo.tistory.com/121,performance_value,655,655 pct 20%
121,2025-10-22T17:07:59+09:00,보조지표에 대한 이해 (초보자용),코인 강의(공부하기),https://mingogogo.tistory.com/121,performance_value,820,820 pct 35%
121,2025-10-22T17:07:59+09:00,보조지표에 대한 이해 (초보자용),코인 강의(공부하기),https://mingogogo.tistory.com/121,performance_value,10,10 pct 15%
121,2025-10-22T17:07:59+09:00,보조지표에 대한 이해 (초보자용),코인 강의(공부하기),https://mingogogo.tistory.com/121,performance_value,25,25 pct 60%
121,2025-10-22T17:07:59+09:00,보조지표에 대한 이해 (초보자용),코인 강의(공부하기),https://mingogogo.tistory.com/121,performance_value,10,10 pct 0%
121,2025-10-22T17:07:59+09:00,보조지표에 대한 이해 (초보자용),코인 강의(공부하기),https://mingogogo.tistory.com/121,performance_value,25,25 pct 0%
121,2025-10-22T17:07:59+09:00,보조지표에 대한 이해 (초보자용),코인 강의(공부하기),https://mingogogo.tistory.com/121,performance_value,900,900 pct 14%
121,2025-10-22T17:07:59+09:00,보조지표에 대한 이해 (초보자용),코인 강의(공부하기),https://mingogogo.tistory.com/121,performance_value,20,20 pct 50%
121,2025-10-22T17:07:59+09:00,보조지표에 대한 이해 (초보자용),코인 강의(공부하기),https://mingogogo.tistory.com/121,performance_value,80,80 pct 5%
121,2025-10-22T17:07:59+09:00,보조지표에 대한 이해 (초보자용),코인 강의(공부하기),https://mingogogo.tistory.com/121,performance_value,20,20 pct 30%
121,2025-10-22T17:07:59+09:00,보조지표에 대한 이해 (초보자용),코인 강의(공부하기),https://mingogogo.tistory.com/121,performance_value,350,350 pct 40%
121,2025-10-22T17:07:59+09:00,보조지표에 대한 이해 (초보자용),코인 강의(공부하기),https://mingogogo.tistory.com/121,performance_value,355,355 pct 40%
121,2025-10-22T17:07:59+09:00,보조지표에 대한 이해 (초보자용),코인 강의(공부하기),https://mingogogo.tistory.com/121,performance_value,380,380 pct 30%
121,2025-10-22T17:07:59+09:00,보조지표에 대한 이해 (초보자용),코인 강의(공부하기),https://mingogogo.tistory.com/121,performance_value,400,400 pct 30%
121,2025-10-22T17:07:59+09:00,보조지표에 대한 이해 (초보자용),코인 강의(공부하기),https://mingogogo.tistory.com/121,performance_value,340,340 pct -9.3%
121,2025-10-22T17:07:59+09:00,보조지표에 대한 이해 (초보자용),코인 강의(공부하기),https://mingogogo.tistory.com/121,performance_value,10,10 pct -30%
121,2025-10-22T17:07:59+09:00,보조지표에 대한 이해 (초보자용),코인 강의(공부하기),https://mingogogo.tistory.com/121,performance_value,40,40 pct -70%
121,2025-10-22T17:07:59+09:00,보조지표에 대한 이해 (초보자용),코인 강의(공부하기),https://mingogogo.tistory.com/121,performance_value,10,10 pct 20%
121,2025-10-22T17:07:59+09:00,보조지표에 대한 이해 (초보자용),코인 강의(공부하기),https://mingogogo.tistory.com/121,performance_value,000,000 pct 10%
121,2025-10-22T17:07:59+09:00,보조지표에 대한 이해 (초보자용),코인 강의(공부하기),https://mingogogo.tistory.com/121,performance_value,20,20 pct -10%
121,2025-10-22T17:07:59+09:00,보조지표에 대한 이해 (초보자용),코인 강의(공부하기),https://mingogogo.tistory.com/121,performance_value,800,800 pct +20%
121,2025-10-22T17:07:59+09:00,보조지표에 대한 이해 (초보자용),코인 강의(공부하기),https://mingogogo.tistory.com/121,performance_value,400,400 pct -6.7%
121,2025-10-22T17:07:59+09:00,보조지표에 대한 이해 (초보자용),코인 강의(공부하기),https://mingogogo.tistory.com/121,performance_value,40,40 pct 50%
121,2025-10-22T17:07:59+09:00,보조지표에 대한 이해 (초보자용),코인 강의(공부하기),https://mingogogo.tistory.com/121,performance_value,16,16 pct 40%
121,2025-10-22T17:07:59+09:00,보조지표에 대한 이해 (초보자용),코인 강의(공부하기),https://mingogogo.tistory.com/121,performance_value,17,17 pct 30%
121,2025-10-22T17:07:59+09:00,보조지표에 대한 이해 (초보자용),코인 강의(공부하기),https://mingogogo.tistory.com/121,performance_value,18,18 pct 30%
121,2025-10-22T17:07:59+09:00,보조지표에 대한 이해 (초보자용),코인 강의(공부하기),https://mingogogo.tistory.com/121,performance_value,23,23 pct 40%
121,2025-10-22T17:07:59+09:00,보조지표에 대한 이해 (초보자용),코인 강의(공부하기),https://mingogogo.tistory.com/121,performance_value,100,100 pct 23%
122,2025-10-22T17:29:29+09:00,"크립토에셋(암호화폐,코인)",코인 강의(공부하기),https://mingogogo.tistory.com/122,performance_value,50,50 pct -70%
122,2025-10-22T17:29:29+09:00,"크립토에셋(암호화폐,코인)",코인 강의(공부하기),https://mingogogo.tistory.com/122,performance_value,20,20 pct -30%
122,2025-10-22T17:29:29+09:00,"크립토에셋(암호화폐,코인)",코인 강의(공부하기),https://mingogogo.tistory.com/122,performance_value,10,10 pct -30%
122,2025-10-22T17:29:29+09:00,"크립토에셋(암호화폐,코인)",코인 강의(공부하기),https://mingogogo.tistory.com/122,performance_value,BTC,BTC pct 70%
122,2025-10-22T17:29:29+09:00,"크립토에셋(암호화폐,코인)",코인 강의(공부하기),https://mingogogo.tistory.com/122,performance_value,70,70 pct 30%
122,2025-10-22T17:29:29+09:00,"크립토에셋(암호화폐,코인)",코인 강의(공부하기),https://mingogogo.tistory.com/122,performance_value,BTC,BTC pct +50%
122,2025-10-22T17:29:29+09:00,"크립토에셋(암호화폐,코인)",코인 강의(공부하기),https://mingogogo.tistory.com/122,performance_value,105,105 pct 75%
122,2025-10-22T17:29:29+09:00,"크립토에셋(암호화폐,코인)",코인 강의(공부하기),https://mingogogo.tistory.com/122,performance_value,ETH,ETH pct +10%
122,2025-10-22T17:29:29+09:00,"크립토에셋(암호화폐,코인)",코인 강의(공부하기),https://mingogogo.tistory.com/122,performance_value,33,33 pct 25%
122,2025-10-22T17:29:29+09:00,"크립토에셋(암호화폐,코인)",코인 강의(공부하기),https://mingogogo.tistory.com/122,performance_value,90,90 pct 30%
122,2025-10-22T17:29:29+09:00,"크립토에셋(암호화폐,코인)",코인 강의(공부하기),https://mingogogo.tistory.com/122,performance_value,10,10 pct 000%
122,2025-10-22T17:29:29+09:00,"크립토에셋(암호화폐,코인)",코인 강의(공부하기),https://mingogogo.tistory.com/122,performance_value,10,10 pct 0%
122,2025-10-22T17:29:29+09:00,"크립토에셋(암호화폐,코인)",코인 강의(공부하기),https://mingogogo.tistory.com/122,performance_value,20,20 pct 0%
122,2025-10-22T17:29:29+09:00,"크립토에셋(암호화폐,코인)",코인 강의(공부하기),https://mingogogo.tistory.com/122,performance_value,2025,2025 pct 22%
122,2025-10-22T17:29:29+09:00,"크립토에셋(암호화폐,코인)",코인 강의(공부하기),https://mingogogo.tistory.com/122,performance_value,ETH,ETH pct 30%
123,2025-10-22T17:35:31+09:00,코인의 역사 이해하기,코인 강의(공부하기),https://mingogogo.tistory.com/123,performance_value,1971,1971 pct 98%
123,2025-10-22T17:35:31+09:00,코인의 역사 이해하기,코인 강의(공부하기),https://mingogogo.tistory.com/123,performance_value,000,000 pct 000%
123,2025-10-22T17:35:31+09:00,코인의 역사 이해하기,코인 강의(공부하기),https://mingogogo.tistory.com/123,performance_value,2024,2024 pct 0.83%
124,2025-10-22T17:47:04+09:00,돈복남 코인유튜버 코인서적 정리 요약,코인 강의(공부하기),https://mingogogo.tistory.com/124,performance_value,00,00 pct 0%
124,2025-10-22T17:47:04+09:00,돈복남 코인유튜버 코인서적 정리 요약,코인 강의(공부하기),https://mingogogo.tistory.com/124,performance_value,53,53 pct 1%
124,2025-10-22T17:47:04+09:00,돈복남 코인유튜버 코인서적 정리 요약,코인 강의(공부하기),https://mingogogo.tistory.com/124,performance_value,50,50 pct 100%
124,2025-10-22T17:47:04+09:00,돈복남 코인유튜버 코인서적 정리 요약,코인 강의(공부하기),https://mingogogo.tistory.com/124,performance_value,20,20 pct 0%
124,2025-10-22T17:47:04+09:00,돈복남 코인유튜버 코인서적 정리 요약,코인 강의(공부하기),https://mingogogo.tistory.com/124,performance_value,50,50 pct 30%
124,2025-10-22T17:47:04+09:00,돈복남 코인유튜버 코인서적 정리 요약,코인 강의(공부하기),https://mingogogo.tistory.com/124,performance_value,100,100 pct 30%
124,2025-10-22T17:47:04+09:00,돈복남 코인유튜버 코인서적 정리 요약,코인 강의(공부하기),https://mingogogo.tistory.com/124,performance_value,10,10 pct 20%
124,2025-10-22T17:47:04+09:00,돈복남 코인유튜버 코인서적 정리 요약,코인 강의(공부하기),https://mingogogo.tistory.com/124,performance_value,20,20 pct 30%
124,2025-10-22T17:47:04+09:00,돈복남 코인유튜버 코인서적 정리 요약,코인 강의(공부하기),https://mingogogo.tistory.com/124,performance_value,50,50 pct 80%
124,2025-10-22T17:47:04+09:00,돈복남 코인유튜버 코인서적 정리 요약,코인 강의(공부하기),https://mingogogo.tistory.com/124,performance_value,10,10 pct 0%
124,2025-10-22T17:47:04+09:00,돈복남 코인유튜버 코인서적 정리 요약,코인 강의(공부하기),https://mingogogo.tistory.com/124,performance_value,30,30 pct 0%
124,2025-10-22T17:47:04+09:00,돈복남 코인유튜버 코인서적 정리 요약,코인 강의(공부하기),https://mingogogo.tistory.com/124,performance_value,50,50 pct 0%
124,2025-10-22T17:47:04+09:00,돈복남 코인유튜버 코인서적 정리 요약,코인 강의(공부하기),https://mingogogo.tistory.com/124,performance_value,80,80 pct 90%
125,2025-10-25T02:55:56+09:00,"코인,주식 추세선 이해하기",코인 강의(공부하기),https://mingogogo.tistory.com/125,performance_value,850,850 pct 2%
125,2025-10-25T02:55:56+09:00,"코인,주식 추세선 이해하기",코인 강의(공부하기),https://mingogogo.tistory.com/125,performance_value,15,15 pct 50%
125,2025-10-25T02:55:56+09:00,"코인,주식 추세선 이해하기",코인 강의(공부하기),https://mingogogo.tistory.com/125,performance_value,50,50 pct +17%
125,2025-10-25T02:55:56+09:00,"코인,주식 추세선 이해하기",코인 강의(공부하기),https://mingogogo.tistory.com/125,performance_value,13,13 pct 5%
125,2025-10-25T02:55:56+09:00,"코인,주식 추세선 이해하기",코인 강의(공부하기),https://mingogogo.tistory.com/125,performance_value,28,28 pct 2.5%
125,2025-10-25T02:55:56+09:00,"코인,주식 추세선 이해하기",코인 강의(공부하기),https://mingogogo.tistory.com/125,performance_value,000,000 pct 11.5%
125,2025-10-25T02:55:56+09:00,"코인,주식 추세선 이해하기",코인 강의(공부하기),https://mingogogo.tistory.com/125,performance_value,55,55 pct 50%
125,2025-10-25T02:55:56+09:00,"코인,주식 추세선 이해하기",코인 강의(공부하기),https://mingogogo.tistory.com/125,performance_value,57,57 pct 50%
125,2025-10-25T02:55:56+09:00,"코인,주식 추세선 이해하기",코인 강의(공부하기),https://mingogogo.tistory.com/125,performance_value,10,10 pct 7%
125,2025-10-25T02:55:56+09:00,"코인,주식 추세선 이해하기",코인 강의(공부하기),https://mingogogo.tistory.com/125,performance_value,61,61 pct 8%
126,2025-10-25T03:08:33+09:00,코인패턴 강의 (파밍제작),코인 강의(공부하기),https://mingogogo.tistory.com/126,performance_value,60,60 pct -70%
126,2025-10-25T03:08:33+09:00,코인패턴 강의 (파밍제작),코인 강의(공부하기),https://mingogogo.tistory.com/126,performance_value,15,15 pct -30%
126,2025-10-25T03:08:33+09:00,코인패턴 강의 (파밍제작),코인 강의(공부하기),https://mingogogo.tistory.com/126,performance_value,50,50 pct 30%
126,2025-10-25T03:08:33+09:00,코인패턴 강의 (파밍제작),코인 강의(공부하기),https://mingogogo.tistory.com/126,performance_value,68,68 pct +22%
126,2025-10-25T03:08:33+09:00,코인패턴 강의 (파밍제작),코인 강의(공부하기),https://mingogogo.tistory.com/126,performance_value,20,20 pct -40%
126,2025-10-25T03:08:33+09:00,코인패턴 강의 (파밍제작),코인 강의(공부하기),https://mingogogo.tistory.com/126,performance_value,72,72 pct +31%
126,2025-10-25T03:08:33+09:00,코인패턴 강의 (파밍제작),코인 강의(공부하기),https://mingogogo.tistory.com/126,performance_value,10,10 pct -15%
126,2025-10-25T03:08:33+09:00,코인패턴 강의 (파밍제작),코인 강의(공부하기),https://mingogogo.tistory.com/126,performance_value,68,68 pct -23%
126,2025-10-25T03:08:33+09:00,코인패턴 강의 (파밍제작),코인 강의(공부하기),https://mingogogo.tistory.com/126,performance_value,30,30 pct -50%
126,2025-10-25T03:08:33+09:00,코인패턴 강의 (파밍제작),코인 강의(공부하기),https://mingogogo.tistory.com/126,performance_value,12,12 pct -33%
126,2025-10-25T03:08:33+09:00,코인패턴 강의 (파밍제작),코인 강의(공부하기),https://mingogogo.tistory.com/126,performance_value,35,35 pct -60%
126,2025-10-25T03:08:33+09:00,코인패턴 강의 (파밍제작),코인 강의(공부하기),https://mingogogo.tistory.com/126,performance_value,10,10 pct -20%
126,2025-10-25T03:08:33+09:00,코인패턴 강의 (파밍제작),코인 강의(공부하기),https://mingogogo.tistory.com/126,performance_value,79,79 pct +43%
126,2025-10-25T03:08:33+09:00,코인패턴 강의 (파밍제작),코인 강의(공부하기),https://mingogogo.tistory.com/126,performance_value,20,20 pct -35%
126,2025-10-25T03:08:33+09:00,코인패턴 강의 (파밍제작),코인 강의(공부하기),https://mingogogo.tistory.com/126,performance_value,83,83 pct -27%
126,2025-10-25T03:08:33+09:00,코인패턴 강의 (파밍제작),코인 강의(공부하기),https://mingogogo.tistory.com/126,performance_value,25,25 pct 45%
126,2025-10-25T03:08:33+09:00,코인패턴 강의 (파밍제작),코인 강의(공부하기),https://mingogogo.tistory.com/126,performance_value,87,87 pct +36%
126,2025-10-25T03:08:33+09:00,코인패턴 강의 (파밍제작),코인 강의(공부하기),https://mingogogo.tistory.com/126,performance_value,18,18 pct -28%
126,2025-10-25T03:08:33+09:00,코인패턴 강의 (파밍제작),코인 강의(공부하기),https://mingogogo.tistory.com/126,performance_value,75,75 pct -22%
126,2025-10-25T03:08:33+09:00,코인패턴 강의 (파밍제작),코인 강의(공부하기),https://mingogogo.tistory.com/126,performance_value,20,20 pct 35%
126,2025-10-25T03:08:33+09:00,코인패턴 강의 (파밍제작),코인 강의(공부하기),https://mingogogo.tistory.com/126,performance_value,60,60 pct 40%
126,2025-10-25T03:08:33+09:00,코인패턴 강의 (파밍제작),코인 강의(공부하기),https://mingogogo.tistory.com/126,performance_value,78,78 pct +28%
126,2025-10-25T03:08:33+09:00,코인패턴 강의 (파밍제작),코인 강의(공부하기),https://mingogogo.tistory.com/126,performance_value,25,25 pct -40%
126,2025-10-25T03:08:33+09:00,코인패턴 강의 (파밍제작),코인 강의(공부하기),https://mingogogo.tistory.com/126,performance_value,83,83 pct -32%
126,2025-10-25T03:08:33+09:00,코인패턴 강의 (파밍제작),코인 강의(공부하기),https://mingogogo.tistory.com/126,performance_value,30,30 pct 50%
126,2025-10-25T03:08:33+09:00,코인패턴 강의 (파밍제작),코인 강의(공부하기),https://mingogogo.tistory.com/126,performance_value,85,85 pct +38%
126,2025-10-25T03:08:33+09:00,코인패턴 강의 (파밍제작),코인 강의(공부하기),https://mingogogo.tistory.com/126,performance_value,18,18 pct 30%
126,2025-10-25T03:08:33+09:00,코인패턴 강의 (파밍제작),코인 강의(공부하기),https://mingogogo.tistory.com/126,performance_value,68,68 pct +24%
126,2025-10-25T03:08:33+09:00,코인패턴 강의 (파밍제작),코인 강의(공부하기),https://mingogogo.tistory.com/126,performance_value,20,20 pct -30%
126,2025-10-25T03:08:33+09:00,코인패턴 강의 (파밍제작),코인 강의(공부하기),https://mingogogo.tistory.com/126,performance_value,65,65 pct -25%
126,2025-10-25T03:08:33+09:00,코인패턴 강의 (파밍제작),코인 강의(공부하기),https://mingogogo.tistory.com/126,performance_value,72,72 pct +26%
126,2025-10-25T03:08:33+09:00,코인패턴 강의 (파밍제작),코인 강의(공부하기),https://mingogogo.tistory.com/126,performance_value,15,15 pct -25%
126,2025-10-25T03:08:33+09:00,코인패턴 강의 (파밍제작),코인 강의(공부하기),https://mingogogo.tistory.com/126,performance_value,70,70 pct -20%
126,2025-10-25T03:08:33+09:00,코인패턴 강의 (파밍제작),코인 강의(공부하기),https://mingogogo.tistory.com/126,performance_value,75,75 pct +28%
126,2025-10-25T03:08:33+09:00,코인패턴 강의 (파밍제작),코인 강의(공부하기),https://mingogogo.tistory.com/126,performance_value,65,65 pct 20%
126,2025-10-25T03:08:33+09:00,코인패턴 강의 (파밍제작),코인 강의(공부하기),https://mingogogo.tistory.com/126,performance_value,40,40 pct 70%
126,2025-10-25T03:08:33+09:00,코인패턴 강의 (파밍제작),코인 강의(공부하기),https://mingogogo.tistory.com/126,performance_value,82,82 pct +55%
126,2025-10-25T03:08:33+09:00,코인패턴 강의 (파밍제작),코인 강의(공부하기),https://mingogogo.tistory.com/126,performance_value,80,80 pct -40%
126,2025-10-25T03:08:33+09:00,코인패턴 강의 (파밍제작),코인 강의(공부하기),https://mingogogo.tistory.com/126,performance_value,CME,CME pct 80%
126,2025-10-25T03:08:33+09:00,코인패턴 강의 (파밍제작),코인 강의(공부하기),https://mingogogo.tistory.com/126,performance_value,10,10 pct 0%
127,2025-10-30T18:02:23+09:00,원화 가치 하락시 투자방법.,코인 강의(공부하기),https://mingogogo.tistory.com/127,performance_value,ETF,ETF pct 30%
127,2025-10-30T18:02:23+09:00,원화 가치 하락시 투자방법.,코인 강의(공부하기),https://mingogogo.tistory.com/127,performance_value,10,10 pct 5.5%
127,2025-10-30T18:02:23+09:00,원화 가치 하락시 투자방법.,코인 강의(공부하기),https://mingogogo.tistory.com/127,performance_value,ETF,ETF pct 25%
127,2025-10-30T18:02:23+09:00,원화 가치 하락시 투자방법.,코인 강의(공부하기),https://mingogogo.tistory.com/127,performance_value,ETF,ETF pct 20%
127,2025-10-30T18:02:23+09:00,원화 가치 하락시 투자방법.,코인 강의(공부하기),https://mingogogo.tistory.com/127,performance_value,15,15 pct 4%
127,2025-10-30T18:02:23+09:00,원화 가치 하락시 투자방법.,코인 강의(공부하기),https://mingogogo.tistory.com/127,performance_value,10,10 pct 20%
127,2025-10-30T18:02:23+09:00,원화 가치 하락시 투자방법.,코인 강의(공부하기),https://mingogogo.tistory.com/127,performance_value,250,250 pct 22%
127,2025-10-30T18:02:23+09:00,원화 가치 하락시 투자방법.,코인 강의(공부하기),https://mingogogo.tistory.com/127,performance_value,30,30 pct 50%
134,2025-11-02T23:34:51+09:00,"파밍 제작 ( 업비트,빗썸,바이낸스,뉴스 시스템 )",코인분석,https://mingogogo.tistory.com/134,performance_value,10,10 pct 50%
137,2025-11-04T00:03:05+09:00,코인 모의투자 프로그램 레버리지 125배가능  데이터 자동저장,코인 프로그램 무료 버전,https://mingogogo.tistory.com/137,performance_value,10,10 pct 0.05%
142,2025-11-07T00:11:04+09:00,"성공하는 마인드 ""RAS""
(망상 활성계)",민이 일기,https://mingogogo.tistory.com/142,performance_value,50000006,50000006 pct 8%
142,2025-11-07T00:11:04+09:00,"성공하는 마인드 ""RAS""
(망상 활성계)",민이 일기,https://mingogogo.tistory.com/142,performance_value,EB,EB pct 7%
142,2025-11-07T00:11:04+09:00,"성공하는 마인드 ""RAS""
(망상 활성계)",민이 일기,https://mingogogo.tistory.com/142,performance_value,80,80 pct 84%
142,2025-11-07T00:11:04+09:00,"성공하는 마인드 ""RAS""
(망상 활성계)",민이 일기,https://mingogogo.tistory.com/142,performance_value,96,96 pct 97%
142,2025-11-07T00:11:04+09:00,"성공하는 마인드 ""RAS""
(망상 활성계)",민이 일기,https://mingogogo.tistory.com/142,performance_value,AD,AD pct 82%
160,2025-11-13T06:16:01+09:00,11월 12일 추천리스트 그리고 결과,인증 저장공간,https://mingogogo.tistory.com/160,performance_value,EC,EC pct 94%
160,2025-11-13T06:16:01+09:00,11월 12일 추천리스트 그리고 결과,인증 저장공간,https://mingogogo.tistory.com/160,performance_value,EC,EC pct 8%
160,2025-11-13T06:16:01+09:00,11월 12일 추천리스트 그리고 결과,인증 저장공간,https://mingogogo.tistory.com/160,performance_value,ED,ED pct 0%
161,2025-11-13T06:27:39+09:00,코인 추천 했었던 내용 그리고 현제 결과,인증 저장공간,https://mingogogo.tistory.com/161,performance_value,EC,EC pct 94%
161,2025-11-13T06:27:39+09:00,코인 추천 했었던 내용 그리고 현제 결과,인증 저장공간,https://mingogogo.tistory.com/161,performance_value,EC,EC pct 8%
161,2025-11-13T06:27:39+09:00,코인 추천 했었던 내용 그리고 현제 결과,인증 저장공간,https://mingogogo.tistory.com/161,performance_value,ED,ED pct 0%
162,2025-11-13T08:03:05+09:00,11_13일 신형 디커플링 분석기,눌림코인 저장공간,https://mingogogo.tistory.com/162,performance_value,24,24 pct +0.80%
162,2025-11-13T08:03:05+09:00,11_13일 신형 디커플링 분석기,눌림코인 저장공간,https://mingogogo.tistory.com/162,performance_value,24,24 pct +1.21%
162,2025-11-13T08:03:05+09:00,11_13일 신형 디커플링 분석기,눌림코인 저장공간,https://mingogogo.tistory.com/162,performance_value,24,24 pct +2.00%
162,2025-11-13T08:03:05+09:00,11_13일 신형 디커플링 분석기,눌림코인 저장공간,https://mingogogo.tistory.com/162,performance_value,24,24 pct 2.22%
162,2025-11-13T08:03:05+09:00,11_13일 신형 디커플링 분석기,눌림코인 저장공간,https://mingogogo.tistory.com/162,performance_value,24,24 pct 0.76%
162,2025-11-13T08:03:05+09:00,11_13일 신형 디커플링 분석기,눌림코인 저장공간,https://mingogogo.tistory.com/162,performance_value,24,24 pct +0.96%
162,2025-11-13T08:03:05+09:00,11_13일 신형 디커플링 분석기,눌림코인 저장공간,https://mingogogo.tistory.com/162,performance_value,24,24 pct 0.60%
162,2025-11-13T08:03:05+09:00,11_13일 신형 디커플링 분석기,눌림코인 저장공간,https://mingogogo.tistory.com/162,performance_value,24,24 pct 1.82%
162,2025-11-13T08:03:05+09:00,11_13일 신형 디커플링 분석기,눌림코인 저장공간,https://mingogogo.tistory.com/162,performance_value,24,24 pct 4.00%
162,2025-11-13T08:03:05+09:00,11_13일 신형 디커플링 분석기,눌림코인 저장공간,https://mingogogo.tistory.com/162,performance_value,24,24 pct 3.05%
162,2025-11-13T08:03:05+09:00,11_13일 신형 디커플링 분석기,눌림코인 저장공간,https://mingogogo.tistory.com/162,performance_value,24,24 pct 3.51%
162,2025-11-13T08:03:05+09:00,11_13일 신형 디커플링 분석기,눌림코인 저장공간,https://mingogogo.tistory.com/162,performance_value,24,24 pct +0.32%
164,2025-11-15T03:14:48+09:00,암호화폐 상승 하락 시그널 완벽 가이드 금리 상승 하락에 따른 변동,코인 강의(공부하기),https://mingogogo.tistory.com/164,performance_value,30,30 pct -50%
164,2025-11-15T03:14:48+09:00,암호화폐 상승 하락 시그널 완벽 가이드 금리 상승 하락에 따른 변동,코인 강의(공부하기),https://mingogogo.tistory.com/164,performance_value,10,10 pct -20%
164,2025-11-15T03:14:48+09:00,암호화폐 상승 하락 시그널 완벽 가이드 금리 상승 하락에 따른 변동,코인 강의(공부하기),https://mingogogo.tistory.com/164,performance_value,CPI,CPI pct 3.5%
164,2025-11-15T03:14:48+09:00,암호화폐 상승 하락 시그널 완벽 가이드 금리 상승 하락에 따른 변동,코인 강의(공부하기),https://mingogogo.tistory.com/164,performance_value,CPI,CPI pct 3.2%
164,2025-11-15T03:14:48+09:00,암호화폐 상승 하락 시그널 완벽 가이드 금리 상승 하락에 따른 변동,코인 강의(공부하기),https://mingogogo.tistory.com/164,performance_value,10,10 pct -5%
164,2025-11-15T03:14:48+09:00,암호화폐 상승 하락 시그널 완벽 가이드 금리 상승 하락에 따른 변동,코인 강의(공부하기),https://mingogogo.tistory.com/164,performance_value,10,10 pct +1.9%
164,2025-11-15T03:14:48+09:00,암호화폐 상승 하락 시그널 완벽 가이드 금리 상승 하락에 따른 변동,코인 강의(공부하기),https://mingogogo.tistory.com/164,performance_value,39,39 pct +4.3%
164,2025-11-15T03:14:48+09:00,암호화폐 상승 하락 시그널 완벽 가이드 금리 상승 하락에 따른 변동,코인 강의(공부하기),https://mingogogo.tistory.com/164,performance_value,42,42 pct +12%
164,2025-11-15T03:14:48+09:00,암호화폐 상승 하락 시그널 완벽 가이드 금리 상승 하락에 따른 변동,코인 강의(공부하기),https://mingogogo.tistory.com/164,performance_value,45,45 pct -6.7%
164,2025-11-15T03:14:48+09:00,암호화폐 상승 하락 시그널 완벽 가이드 금리 상승 하락에 따른 변동,코인 강의(공부하기),https://mingogogo.tistory.com/164,performance_value,27,27 pct +63%
164,2025-11-15T03:14:48+09:00,암호화폐 상승 하락 시그널 완벽 가이드 금리 상승 하락에 따른 변동,코인 강의(공부하기),https://mingogogo.tistory.com/164,performance_value,71,71 pct -15%
164,2025-11-15T03:14:48+09:00,암호화폐 상승 하락 시그널 완벽 가이드 금리 상승 하락에 따른 변동,코인 강의(공부하기),https://mingogogo.tistory.com/164,performance_value,58,58 pct -3.3%
164,2025-11-15T03:14:48+09:00,암호화폐 상승 하락 시그널 완벽 가이드 금리 상승 하락에 따른 변동,코인 강의(공부하기),https://mingogogo.tistory.com/164,performance_value,350,350 pct +3.8%
164,2025-11-15T03:14:48+09:00,암호화폐 상승 하락 시그널 완벽 가이드 금리 상승 하락에 따른 변동,코인 강의(공부하기),https://mingogogo.tistory.com/164,performance_value,10,10 pct 0%
164,2025-11-15T03:14:48+09:00,암호화폐 상승 하락 시그널 완벽 가이드 금리 상승 하락에 따른 변동,코인 강의(공부하기),https://mingogogo.tistory.com/164,performance_value,10,10 pct 1.5%
164,2025-11-15T03:14:48+09:00,암호화폐 상승 하락 시그널 완벽 가이드 금리 상승 하락에 따른 변동,코인 강의(공부하기),https://mingogogo.tistory.com/164,performance_value,48,48 pct -67%
164,2025-11-15T03:14:48+09:00,암호화폐 상승 하락 시그널 완벽 가이드 금리 상승 하락에 따른 변동,코인 강의(공부하기),https://mingogogo.tistory.com/164,performance_value,10,10 pct 5.0%
164,2025-11-15T03:14:48+09:00,암호화폐 상승 하락 시그널 완벽 가이드 금리 상승 하락에 따른 변동,코인 강의(공부하기),https://mingogogo.tistory.com/164,performance_value,26,26 pct +69%
164,2025-11-15T03:14:48+09:00,암호화폐 상승 하락 시그널 완벽 가이드 금리 상승 하락에 따른 변동,코인 강의(공부하기),https://mingogogo.tistory.com/164,performance_value,46,46 pct +6.5%
164,2025-11-15T03:14:48+09:00,암호화폐 상승 하락 시그널 완벽 가이드 금리 상승 하락에 따른 변동,코인 강의(공부하기),https://mingogogo.tistory.com/164,performance_value,46,46 pct +13%
164,2025-11-15T03:14:48+09:00,암호화폐 상승 하락 시그널 완벽 가이드 금리 상승 하락에 따른 변동,코인 강의(공부하기),https://mingogogo.tistory.com/164,performance_value,ETF,ETF pct -0.3%
164,2025-11-15T03:14:48+09:00,암호화폐 상승 하락 시그널 완벽 가이드 금리 상승 하락에 따른 변동,코인 강의(공부하기),https://mingogogo.tistory.com/164,performance_value,30,30 pct 0%
164,2025-11-15T03:14:48+09:00,암호화폐 상승 하락 시그널 완벽 가이드 금리 상승 하락에 따른 변동,코인 강의(공부하기),https://mingogogo.tistory.com/164,performance_value,000,000 pct +40%
164,2025-11-15T03:14:48+09:00,암호화폐 상승 하락 시그널 완벽 가이드 금리 상승 하락에 따른 변동,코인 강의(공부하기),https://mingogogo.tistory.com/164,performance_value,65,65 pct -54%
164,2025-11-15T03:14:48+09:00,암호화폐 상승 하락 시그널 완벽 가이드 금리 상승 하락에 따른 변동,코인 강의(공부하기),https://mingogogo.tistory.com/164,performance_value,000,000 pct -24%
164,2025-11-15T03:14:48+09:00,암호화폐 상승 하락 시그널 완벽 가이드 금리 상승 하락에 따른 변동,코인 강의(공부하기),https://mingogogo.tistory.com/164,performance_value,70,70 pct -23%
164,2025-11-15T03:14:48+09:00,암호화폐 상승 하락 시그널 완벽 가이드 금리 상승 하락에 따른 변동,코인 강의(공부하기),https://mingogogo.tistory.com/164,performance_value,20,20 pct -50%
164,2025-11-15T03:14:48+09:00,암호화폐 상승 하락 시그널 완벽 가이드 금리 상승 하락에 따른 변동,코인 강의(공부하기),https://mingogogo.tistory.com/164,performance_value,15,15 pct -30%
164,2025-11-15T03:14:48+09:00,암호화폐 상승 하락 시그널 완벽 가이드 금리 상승 하락에 따른 변동,코인 강의(공부하기),https://mingogogo.tistory.com/164,performance_value,10,10 pct -15%
164,2025-11-15T03:14:48+09:00,암호화폐 상승 하락 시그널 완벽 가이드 금리 상승 하락에 따른 변동,코인 강의(공부하기),https://mingogogo.tistory.com/164,performance_value,20,20 pct -40%
164,2025-11-15T03:14:48+09:00,암호화폐 상승 하락 시그널 완벽 가이드 금리 상승 하락에 따른 변동,코인 강의(공부하기),https://mingogogo.tistory.com/164,performance_value,15,15 pct -25%
164,2025-11-15T03:14:48+09:00,암호화폐 상승 하락 시그널 완벽 가이드 금리 상승 하락에 따른 변동,코인 강의(공부하기),https://mingogogo.tistory.com/164,performance_value,10,10 pct -30%
165,2025-11-15T03:19:14+09:00,암호화폐(코인)투자 가이드 금리란?,카테고리 없음,https://mingogogo.tistory.com/165,performance_value,30,30 pct 50%
165,2025-11-15T03:19:14+09:00,암호화폐(코인)투자 가이드 금리란?,카테고리 없음,https://mingogogo.tistory.com/165,performance_value,20,20 pct 30%
165,2025-11-15T03:19:14+09:00,암호화폐(코인)투자 가이드 금리란?,카테고리 없음,https://mingogogo.tistory.com/165,performance_value,15,15 pct 25%
165,2025-11-15T03:19:14+09:00,암호화폐(코인)투자 가이드 금리란?,카테고리 없음,https://mingogogo.tistory.com/165,performance_value,40,40 pct 60%
165,2025-11-15T03:19:14+09:00,암호화폐(코인)투자 가이드 금리란?,카테고리 없음,https://mingogogo.tistory.com/165,performance_value,20,20 pct 40%
165,2025-11-15T03:19:14+09:00,암호화폐(코인)투자 가이드 금리란?,카테고리 없음,https://mingogogo.tistory.com/165,performance_value,25,25 pct 5.5%
165,2025-11-15T03:19:14+09:00,암호화폐(코인)투자 가이드 금리란?,카테고리 없음,https://mingogogo.tistory.com/165,performance_value,69,69 pct 77%
165,2025-11-15T03:19:14+09:00,암호화폐(코인)투자 가이드 금리란?,카테고리 없음,https://mingogogo.tistory.com/165,performance_value,800,800 pct 82%
165,2025-11-15T03:19:14+09:00,암호화폐(코인)투자 가이드 금리란?,카테고리 없음,https://mingogogo.tistory.com/165,performance_value,50,50 pct 30%
165,2025-11-15T03:19:14+09:00,암호화폐(코인)투자 가이드 금리란?,카테고리 없음,https://mingogogo.tistory.com/165,performance_value,000,000 pct 16.7%
165,2025-11-15T03:19:14+09:00,암호화폐(코인)투자 가이드 금리란?,카테고리 없음,https://mingogogo.tistory.com/165,performance_value,16,16 pct 7%
165,2025-11-15T03:19:14+09:00,암호화폐(코인)투자 가이드 금리란?,카테고리 없음,https://mingogogo.tistory.com/165,performance_value,CPI,CPI pct 2%
165,2025-11-15T03:19:14+09:00,암호화폐(코인)투자 가이드 금리란?,카테고리 없음,https://mingogogo.tistory.com/165,performance_value,85,85 pct 95%
165,2025-11-15T03:19:14+09:00,암호화폐(코인)투자 가이드 금리란?,카테고리 없음,https://mingogogo.tistory.com/165,performance_value,30,30 pct 80%
165,2025-11-15T03:19:14+09:00,암호화폐(코인)투자 가이드 금리란?,카테고리 없음,https://mingogogo.tistory.com/165,performance_value,50,50 pct 80%
165,2025-11-15T03:19:14+09:00,암호화폐(코인)투자 가이드 금리란?,카테고리 없음,https://mingogogo.tistory.com/165,performance_value,FTX,FTX pct -30%
165,2025-11-15T03:19:14+09:00,암호화폐(코인)투자 가이드 금리란?,카테고리 없음,https://mingogogo.tistory.com/165,performance_value,40,40 pct 70%
165,2025-11-15T03:19:14+09:00,암호화폐(코인)투자 가이드 금리란?,카테고리 없음,https://mingogogo.tistory.com/165,performance_value,2021,2021 pct -50%
165,2025-11-15T03:19:14+09:00,암호화폐(코인)투자 가이드 금리란?,카테고리 없음,https://mingogogo.tistory.com/165,performance_value,50,50 pct 99%
165,2025-11-15T03:19:14+09:00,암호화폐(코인)투자 가이드 금리란?,카테고리 없음,https://mingogogo.tistory.com/165,performance_value,2022,2022 pct -99.9%
165,2025-11-15T03:19:14+09:00,암호화폐(코인)투자 가이드 금리란?,카테고리 없음,https://mingogogo.tistory.com/165,performance_value,60,60 pct 80%
165,2025-11-15T03:19:14+09:00,암호화폐(코인)투자 가이드 금리란?,카테고리 없음,https://mingogogo.tistory.com/165,performance_value,2022,2022 pct -77%
165,2025-11-15T03:19:14+09:00,암호화폐(코인)투자 가이드 금리란?,카테고리 없음,https://mingogogo.tistory.com/165,performance_value,15,15 pct 30%
165,2025-11-15T03:19:14+09:00,암호화폐(코인)투자 가이드 금리란?,카테고리 없음,https://mingogogo.tistory.com/165,performance_value,10,10 pct 20%
165,2025-11-15T03:19:14+09:00,암호화폐(코인)투자 가이드 금리란?,카테고리 없음,https://mingogogo.tistory.com/165,performance_value,2022,2022 pct 15%
165,2025-11-15T03:19:14+09:00,암호화폐(코인)투자 가이드 금리란?,카테고리 없음,https://mingogogo.tistory.com/165,performance_value,2020,2020 pct -50%
165,2025-11-15T03:19:14+09:00,암호화폐(코인)투자 가이드 금리란?,카테고리 없음,https://mingogogo.tistory.com/165,performance_value,10,10 pct 15%
165,2025-11-15T03:19:14+09:00,암호화폐(코인)투자 가이드 금리란?,카테고리 없음,https://mingogogo.tistory.com/165,performance_value,30,30 pct 30%
165,2025-11-15T03:19:14+09:00,암호화폐(코인)투자 가이드 금리란?,카테고리 없음,https://mingogogo.tistory.com/165,performance_value,300,300 pct 30%
165,2025-11-15T03:19:14+09:00,암호화폐(코인)투자 가이드 금리란?,카테고리 없음,https://mingogogo.tistory.com/165,performance_value,200,200 pct 20%
165,2025-11-15T03:19:14+09:00,암호화폐(코인)투자 가이드 금리란?,카테고리 없음,https://mingogogo.tistory.com/165,performance_value,100,100 pct 30%
165,2025-11-15T03:19:14+09:00,암호화폐(코인)투자 가이드 금리란?,카테고리 없음,https://mingogogo.tistory.com/165,performance_value,USDT,USDT pct 20%
165,2025-11-15T03:19:14+09:00,암호화폐(코인)투자 가이드 금리란?,카테고리 없음,https://mingogogo.tistory.com/165,performance_value,10,10 pct -7%
165,2025-11-15T03:19:14+09:00,암호화폐(코인)투자 가이드 금리란?,카테고리 없음,https://mingogogo.tistory.com/165,performance_value,50,50 pct 200%
165,2025-11-15T03:19:14+09:00,암호화폐(코인)투자 가이드 금리란?,카테고리 없음,https://mingogogo.tistory.com/165,performance_value,BTC,BTC pct 30%
165,2025-11-15T03:19:14+09:00,암호화폐(코인)투자 가이드 금리란?,카테고리 없음,https://mingogogo.tistory.com/165,performance_value,ALT,ALT pct 40%
165,2025-11-15T03:19:14+09:00,암호화폐(코인)투자 가이드 금리란?,카테고리 없음,https://mingogogo.tistory.com/165,performance_value,BTC,BTC pct 10%
165,2025-11-15T03:19:14+09:00,암호화폐(코인)투자 가이드 금리란?,카테고리 없음,https://mingogogo.tistory.com/165,performance_value,ALT,ALT pct 15%
165,2025-11-15T03:19:14+09:00,암호화폐(코인)투자 가이드 금리란?,카테고리 없음,https://mingogogo.tistory.com/165,performance_value,10,10 pct 50%
165,2025-11-15T03:19:14+09:00,암호화폐(코인)투자 가이드 금리란?,카테고리 없음,https://mingogogo.tistory.com/165,performance_value,10,10 pct 0%
165,2025-11-15T03:19:14+09:00,암호화폐(코인)투자 가이드 금리란?,카테고리 없음,https://mingogogo.tistory.com/165,performance_value,12,12 pct -45%
169,2025-11-16T15:27:59+09:00,MINJINE 코인 자동화 사업 로드맵,카테고리 없음,https://mingogogo.tistory.com/169,performance_value,20,20 pct -30%
169,2025-11-16T15:27:59+09:00,MINJINE 코인 자동화 사업 로드맵,카테고리 없음,https://mingogogo.tistory.com/169,performance_value,30,30 pct 30%
169,2025-11-16T15:27:59+09:00,MINJINE 코인 자동화 사업 로드맵,카테고리 없음,https://mingogogo.tistory.com/169,performance_value,10,10 pct 0%
169,2025-11-16T15:27:59+09:00,MINJINE 코인 자동화 사업 로드맵,카테고리 없음,https://mingogogo.tistory.com/169,performance_value,12,12 pct 0%
169,2025-11-16T15:27:59+09:00,MINJINE 코인 자동화 사업 로드맵,카테고리 없음,https://mingogogo.tistory.com/169,performance_value,FAQ,FAQ pct 50%
169,2025-11-16T15:27:59+09:00,MINJINE 코인 자동화 사업 로드맵,카테고리 없음,https://mingogogo.tistory.com/169,performance_value,15,15 pct 0%
169,2025-11-16T15:27:59+09:00,MINJINE 코인 자동화 사업 로드맵,카테고리 없음,https://mingogogo.tistory.com/169,performance_value,20,20 pct 30%
169,2025-11-16T15:27:59+09:00,MINJINE 코인 자동화 사업 로드맵,카테고리 없음,https://mingogogo.tistory.com/169,performance_value,EC,EC pct 94%
169,2025-11-16T15:27:59+09:00,MINJINE 코인 자동화 사업 로드맵,카테고리 없음,https://mingogogo.tistory.com/169,performance_value,EC,EC pct 8%
169,2025-11-16T15:27:59+09:00,MINJINE 코인 자동화 사업 로드맵,카테고리 없음,https://mingogogo.tistory.com/169,performance_value,ED,ED pct 0%
173,2025-11-19T23:04:53+09:00,MINJINE 마케팅 전략,매출 폭발 마케팅 실전기,https://mingogogo.tistory.com/173,performance_value,80,80 pct 99%
173,2025-11-19T23:04:53+09:00,MINJINE 마케팅 전략,매출 폭발 마케팅 실전기,https://mingogogo.tistory.com/173,performance_value,30,30 pct -40%
173,2025-11-19T23:04:53+09:00,MINJINE 마케팅 전략,매출 폭발 마케팅 실전기,https://mingogogo.tistory.com/173,performance_value,500,500 pct 80%
173,2025-11-19T23:04:53+09:00,MINJINE 마케팅 전략,매출 폭발 마케팅 실전기,https://mingogogo.tistory.com/173,performance_value,800,800 pct 52%
173,2025-11-19T23:04:53+09:00,MINJINE 마케팅 전략,매출 폭발 마케팅 실전기,https://mingogogo.tistory.com/173,performance_value,10,10 pct 30%
180,2025-11-22T20:27:46+09:00,제안서,카테고리 없음,https://mingogogo.tistory.com/180,performance_value,000,000 pct 10%
180,2025-11-22T20:27:46+09:00,제안서,카테고리 없음,https://mingogogo.tistory.com/180,performance_value,10,10 pct 0%
180,2025-11-22T20:27:46+09:00,제안서,카테고리 없음,https://mingogogo.tistory.com/180,performance_value,30,30 pct 40%
181,2025-11-23T12:23:49+09:00,11월23일 브리핑,코인 프로그램 인증,https://mingogogo.tistory.com/181,performance_value,EC,EC pct 94%
181,2025-11-23T12:23:49+09:00,11월23일 브리핑,코인 프로그램 인증,https://mingogogo.tistory.com/181,performance_value,EC,EC pct 8%
181,2025-11-23T12:23:49+09:00,11월23일 브리핑,코인 프로그램 인증,https://mingogogo.tistory.com/181,performance_value,ED,ED pct 0%
181,2025-11-23T12:23:49+09:00,11월23일 브리핑,코인 프로그램 인증,https://mingogogo.tistory.com/181,performance_value,OG,OG pct 14%
181,2025-11-23T12:23:49+09:00,11월23일 브리핑,코인 프로그램 인증,https://mingogogo.tistory.com/181,performance_value,14,14 pct 73%
182,2025-11-23T22:39:06+09:00,파밍 코인분석기 후기 [데이터 분석] 급등 신호 포착!,코인 프로그램 인증,https://mingogogo.tistory.com/182,performance_value,EC,EC pct 94%
182,2025-11-23T22:39:06+09:00,파밍 코인분석기 후기 [데이터 분석] 급등 신호 포착!,코인 프로그램 인증,https://mingogogo.tistory.com/182,performance_value,EC,EC pct 8%
182,2025-11-23T22:39:06+09:00,파밍 코인분석기 후기 [데이터 분석] 급등 신호 포착!,코인 프로그램 인증,https://mingogogo.tistory.com/182,performance_value,ED,ED pct 0%
182,2025-11-23T22:39:06+09:00,파밍 코인분석기 후기 [데이터 분석] 급등 신호 포착!,코인 프로그램 인증,https://mingogogo.tistory.com/182,performance_value,CTC,CTC pct +31%
182,2025-11-23T22:39:06+09:00,파밍 코인분석기 후기 [데이터 분석] 급등 신호 포착!,코인 프로그램 인증,https://mingogogo.tistory.com/182,performance_value,TOSHI,TOSHI pct +13%
194,2025-11-25T19:39:04+09:00,데이터로 바닥 잡는 '퀀텀 알파' 분석기,코인 프로그램 유료버전,https://mingogogo.tistory.com/194,performance_value,10,10 pct 0%
195,2025-11-25T19:46:08+09:00,바이낸스 인터페이스,코인 강의(공부하기),https://mingogogo.tistory.com/195,performance_value,10,10 pct 0%
198,2025-11-25T20:10:35+09:00,바이낸스 인터페이스,코인 강의(공부하기),https://mingogogo.tistory.com/198,performance_value,10,10 pct 0%
206,2025-11-26T23:43:55+09:00,"마진거래 vs 선물거래 가이드 바이낸스,비트겟,바이비트,MEXC,OKX",코인 강의(공부하기),https://mingogogo.tistory.com/206,performance_value,10,10 pct 0%
206,2025-11-26T23:43:55+09:00,"마진거래 vs 선물거래 가이드 바이낸스,비트겟,바이비트,MEXC,OKX",코인 강의(공부하기),https://mingogogo.tistory.com/206,performance_value,01,01 pct 0.06%
206,2025-11-26T23:43:55+09:00,"마진거래 vs 선물거래 가이드 바이낸스,비트겟,바이비트,MEXC,OKX",코인 강의(공부하기),https://mingogogo.tistory.com/206,performance_value,10,10 pct 0.06%
206,2025-11-26T23:43:55+09:00,"마진거래 vs 선물거래 가이드 바이낸스,비트겟,바이비트,MEXC,OKX",코인 강의(공부하기),https://mingogogo.tistory.com/206,performance_value,12,12 pct 0.88%
206,2025-11-26T23:43:55+09:00,"마진거래 vs 선물거래 가이드 바이낸스,비트겟,바이비트,MEXC,OKX",코인 강의(공부하기),https://mingogogo.tistory.com/206,performance_value,50,50 pct 1%
206,2025-11-26T23:43:55+09:00,"마진거래 vs 선물거래 가이드 바이낸스,비트겟,바이비트,MEXC,OKX",코인 강의(공부하기),https://mingogogo.tistory.com/206,performance_value,ROI,ROI pct 102.6%
206,2025-11-26T23:43:55+09:00,"마진거래 vs 선물거래 가이드 바이낸스,비트겟,바이비트,MEXC,OKX",코인 강의(공부하기),https://mingogogo.tistory.com/206,performance_value,10,10 pct 80%
207,2025-11-26T23:49:28+09:00,선물거래 양방향 배팅 노하우,코인 강의(공부하기),https://mingogogo.tistory.com/207,performance_value,BTC,BTC pct +8.3%
207,2025-11-26T23:49:28+09:00,선물거래 양방향 배팅 노하우,코인 강의(공부하기),https://mingogogo.tistory.com/207,performance_value,BTC,BTC pct -8.3%
207,2025-11-26T23:49:28+09:00,선물거래 양방향 배팅 노하우,코인 강의(공부하기),https://mingogogo.tistory.com/207,performance_value,BTC,BTC pct 10%
207,2025-11-26T23:49:28+09:00,선물거래 양방향 배팅 노하우,코인 강의(공부하기),https://mingogogo.tistory.com/207,performance_value,100,100 pct 0.05%
207,2025-11-26T23:49:28+09:00,선물거래 양방향 배팅 노하우,코인 강의(공부하기),https://mingogogo.tistory.com/207,performance_value,20,20 pct -30%
207,2025-11-26T23:49:28+09:00,선물거래 양방향 배팅 노하우,코인 강의(공부하기),https://mingogogo.tistory.com/207,performance_value,04,04 pct 0.06%
207,2025-11-26T23:49:28+09:00,선물거래 양방향 배팅 노하우,코인 강의(공부하기),https://mingogogo.tistory.com/207,performance_value,58,58 pct -10%
207,2025-11-26T23:49:28+09:00,선물거래 양방향 배팅 노하우,코인 강의(공부하기),https://mingogogo.tistory.com/207,performance_value,63,63 pct 50%
207,2025-11-26T23:49:28+09:00,선물거래 양방향 배팅 노하우,코인 강의(공부하기),https://mingogogo.tistory.com/207,performance_value,14,14 pct 3%
207,2025-11-26T23:49:28+09:00,선물거래 양방향 배팅 노하우,코인 강의(공부하기),https://mingogogo.tistory.com/207,performance_value,10,10 pct 0%
207,2025-11-26T23:49:28+09:00,선물거래 양방향 배팅 노하우,코인 강의(공부하기),https://mingogogo.tistory.com/207,performance_value,16,16 pct 4%
207,2025-11-26T23:49:28+09:00,선물거래 양방향 배팅 노하우,코인 강의(공부하기),https://mingogogo.tistory.com/207,performance_value,01,01 pct 0.03%
207,2025-11-26T23:49:28+09:00,선물거래 양방향 배팅 노하우,코인 강의(공부하기),https://mingogogo.tistory.com/207,performance_value,06,06 pct 0.24%
208,2025-11-27T00:10:06+09:00,마진거래 시뮬레이터,코인 강의(공부하기),https://mingogogo.tistory.com/208,performance_value,10,10 pct 0%
208,2025-11-27T00:10:06+09:00,마진거래 시뮬레이터,코인 강의(공부하기),https://mingogogo.tistory.com/208,performance_value,50,50 pct 0%
208,2025-11-27T00:10:06+09:00,마진거래 시뮬레이터,코인 강의(공부하기),https://mingogogo.tistory.com/208,performance_value,14,14 pct 3%
208,2025-11-27T00:10:06+09:00,마진거래 시뮬레이터,코인 강의(공부하기),https://mingogogo.tistory.com/208,performance_value,28,28 pct 6%
208,2025-11-27T00:10:06+09:00,마진거래 시뮬레이터,코인 강의(공부하기),https://mingogogo.tistory.com/208,performance_value,10,10 pct 95%
213,2025-11-27T23:18:13+09:00,추천 또는 인증 글,인증 저장공간,https://mingogogo.tistory.com/213,performance_value,EC,EC pct 94%
213,2025-11-27T23:18:13+09:00,추천 또는 인증 글,인증 저장공간,https://mingogogo.tistory.com/213,performance_value,EC,EC pct 8%
213,2025-11-27T23:18:13+09:00,추천 또는 인증 글,인증 저장공간,https://mingogogo.tistory.com/213,performance_value,ED,ED pct 0%
214,2025-11-27T23:31:21+09:00,2025 추천 리스트,수익율 인증공간 날자별 최대 3일후까지,https://mingogogo.tistory.com/214,performance_value,19,19 pct 43%
214,2025-11-27T23:31:21+09:00,2025 추천 리스트,수익율 인증공간 날자별 최대 3일후까지,https://mingogogo.tistory.com/214,performance_value,28,28 pct 25%
214,2025-11-27T23:31:21+09:00,2025 추천 리스트,수익율 인증공간 날자별 최대 3일후까지,https://mingogogo.tistory.com/214,performance_value,100,100 pct 0%
214,2025-11-27T23:31:21+09:00,2025 추천 리스트,수익율 인증공간 날자별 최대 3일후까지,https://mingogogo.tistory.com/214,performance_value,23,23 pct 56%
214,2025-11-27T23:31:21+09:00,2025 추천 리스트,수익율 인증공간 날자별 최대 3일후까지,https://mingogogo.tistory.com/214,performance_value,0G,0G pct +17.55%
215,2025-11-27T23:41:35+09:00,11월 19일 추천 코인 수익율 인증,수익율 인증공간 날자별 최대 3일후까지,https://mingogogo.tistory.com/215,performance_value,EC,EC pct 94%
215,2025-11-27T23:41:35+09:00,11월 19일 추천 코인 수익율 인증,수익율 인증공간 날자별 최대 3일후까지,https://mingogogo.tistory.com/215,performance_value,EC,EC pct 8%
215,2025-11-27T23:41:35+09:00,11월 19일 추천 코인 수익율 인증,수익율 인증공간 날자별 최대 3일후까지,https://mingogogo.tistory.com/215,performance_value,ED,ED pct 0%
216,2025-11-27T23:53:30+09:00,11월 13일 오전 7시 58분 추천리스트 수익율 체크,수익율 인증공간 날자별 최대 3일후까지,https://mingogogo.tistory.com/216,performance_value,13,13 pct 25%
216,2025-11-27T23:53:30+09:00,11월 13일 오전 7시 58분 추천리스트 수익율 체크,수익율 인증공간 날자별 최대 3일후까지,https://mingogogo.tistory.com/216,performance_value,27,27 pct 09%
216,2025-11-27T23:53:30+09:00,11월 13일 오전 7시 58분 추천리스트 수익율 체크,수익율 인증공간 날자별 최대 3일후까지,https://mingogogo.tistory.com/216,performance_value,100,100 pct 0%
216,2025-11-27T23:53:30+09:00,11월 13일 오전 7시 58분 추천리스트 수익율 체크,수익율 인증공간 날자별 최대 3일후까지,https://mingogogo.tistory.com/216,performance_value,18,18 pct 77%
216,2025-11-27T23:53:30+09:00,11월 13일 오전 7시 58분 추천리스트 수익율 체크,수익율 인증공간 날자별 최대 3일후까지,https://mingogogo.tistory.com/216,performance_value,0G,0G pct +18.23%
216,2025-11-27T23:53:30+09:00,11월 13일 오전 7시 58분 추천리스트 수익율 체크,수익율 인증공간 날자별 최대 3일후까지,https://mingogogo.tistory.com/216,performance_value,EC,EC pct 94%
216,2025-11-27T23:53:30+09:00,11월 13일 오전 7시 58분 추천리스트 수익율 체크,수익율 인증공간 날자별 최대 3일후까지,https://mingogogo.tistory.com/216,performance_value,EC,EC pct 8%
216,2025-11-27T23:53:30+09:00,11월 13일 오전 7시 58분 추천리스트 수익율 체크,수익율 인증공간 날자별 최대 3일후까지,https://mingogogo.tistory.com/216,performance_value,ED,ED pct 0%
217,2025-11-28T00:00:01+09:00,11월 11일 추천 코인 리스트 수익율 체크 (과거초기 분석 프로그램),코인 프로그램 인증,https://mingogogo.tistory.com/217,performance_value,28,28 pct 28%
217,2025-11-28T00:00:01+09:00,11월 11일 추천 코인 리스트 수익율 체크 (과거초기 분석 프로그램),코인 프로그램 인증,https://mingogogo.tistory.com/217,performance_value,112,112 pct 75%
217,2025-11-28T00:00:01+09:00,11월 11일 추천 코인 리스트 수익율 체크 (과거초기 분석 프로그램),코인 프로그램 인증,https://mingogogo.tistory.com/217,performance_value,100,100 pct 0%
217,2025-11-28T00:00:01+09:00,11월 11일 추천 코인 리스트 수익율 체크 (과거초기 분석 프로그램),코인 프로그램 인증,https://mingogogo.tistory.com/217,performance_value,DAO,DAO pct +38.22%
217,2025-11-28T00:00:01+09:00,11월 11일 추천 코인 리스트 수익율 체크 (과거초기 분석 프로그램),코인 프로그램 인증,https://mingogogo.tistory.com/217,performance_value,32,32 pct 33%
217,2025-11-28T00:00:01+09:00,11월 11일 추천 코인 리스트 수익율 체크 (과거초기 분석 프로그램),코인 프로그램 인증,https://mingogogo.tistory.com/217,performance_value,EC,EC pct 94%
217,2025-11-28T00:00:01+09:00,11월 11일 추천 코인 리스트 수익율 체크 (과거초기 분석 프로그램),코인 프로그램 인증,https://mingogogo.tistory.com/217,performance_value,EC,EC pct 8%
217,2025-11-28T00:00:01+09:00,11월 11일 추천 코인 리스트 수익율 체크 (과거초기 분석 프로그램),코인 프로그램 인증,https://mingogogo.tistory.com/217,performance_value,ED,ED pct 0%
218,2025-11-28T00:29:45+09:00,11월25일 오후 6시 신형디커플링 추천리스트 3일 수익율 추적,수익율 인증공간 날자별 최대 3일후까지,https://mingogogo.tistory.com/218,performance_value,28,28 pct 93%
218,2025-11-28T00:29:45+09:00,11월25일 오후 6시 신형디커플링 추천리스트 3일 수익율 추적,수익율 인증공간 날자별 최대 3일후까지,https://mingogogo.tistory.com/218,performance_value,115,115 pct 55%
218,2025-11-28T00:29:45+09:00,11월25일 오후 6시 신형디커플링 추천리스트 3일 수익율 추적,수익율 인증공간 날자별 최대 3일후까지,https://mingogogo.tistory.com/218,performance_value,100,100 pct 0%
218,2025-11-28T00:29:45+09:00,11월25일 오후 6시 신형디커플링 추천리스트 3일 수익율 추적,수익율 인증공간 날자별 최대 3일후까지,https://mingogogo.tistory.com/218,performance_value,51,51 pct 76%
218,2025-11-28T00:29:45+09:00,11월25일 오후 6시 신형디커플링 추천리스트 3일 수익율 추적,수익율 인증공간 날자별 최대 3일후까지,https://mingogogo.tistory.com/218,performance_value,41,41 pct 74%
221,2025-11-28T21:15:32+09:00,7월15일 추천 리스트 3일간 인증,수익율 인증공간 날자별 최대 3일후까지,https://mingogogo.tistory.com/221,performance_value,37,37 pct 21%
221,2025-11-28T21:15:32+09:00,7월15일 추천 리스트 3일간 인증,수익율 인증공간 날자별 최대 3일후까지,https://mingogogo.tistory.com/221,performance_value,100,100 pct 0%
221,2025-11-28T21:15:32+09:00,7월15일 추천 리스트 3일간 인증,수익율 인증공간 날자별 최대 3일후까지,https://mingogogo.tistory.com/221,performance_value,15,15 pct 60%
221,2025-11-28T21:15:32+09:00,7월15일 추천 리스트 3일간 인증,수익율 인증공간 날자별 최대 3일후까지,https://mingogogo.tistory.com/221,performance_value,10,10 pct 24%
222,2025-11-28T21:35:59+09:00,7월10일 추천 리스트 3일간 인증,수익율 인증공간 날자별 최대 3일후까지,https://mingogogo.tistory.com/222,performance_value,36,36 pct 13%
222,2025-11-28T21:35:59+09:00,7월10일 추천 리스트 3일간 인증,수익율 인증공간 날자별 최대 3일후까지,https://mingogogo.tistory.com/222,performance_value,49,49 pct 51%
222,2025-11-28T21:35:59+09:00,7월10일 추천 리스트 3일간 인증,수익율 인증공간 날자별 최대 3일후까지,https://mingogogo.tistory.com/222,performance_value,100,100 pct 0%
222,2025-11-28T21:35:59+09:00,7월10일 추천 리스트 3일간 인증,수익율 인증공간 날자별 최대 3일후까지,https://mingogogo.tistory.com/222,performance_value,36,36 pct 95%
222,2025-11-28T21:35:59+09:00,7월10일 추천 리스트 3일간 인증,수익율 인증공간 날자별 최대 3일후까지,https://mingogogo.tistory.com/222,performance_value,21,21 pct 92%
223,2025-11-28T21:45:29+09:00,7월11일 추천 리스트 3일간 인증,수익율 인증공간 날자별 최대 3일후까지,https://mingogogo.tistory.com/223,performance_value,15,15 pct 85%
223,2025-11-28T21:45:29+09:00,7월11일 추천 리스트 3일간 인증,수익율 인증공간 날자별 최대 3일후까지,https://mingogogo.tistory.com/223,performance_value,70,70 pct 81%
223,2025-11-28T21:45:29+09:00,7월11일 추천 리스트 3일간 인증,수익율 인증공간 날자별 최대 3일후까지,https://mingogogo.tistory.com/223,performance_value,100,100 pct 0%
223,2025-11-28T21:45:29+09:00,7월11일 추천 리스트 3일간 인증,수익율 인증공간 날자별 최대 3일후까지,https://mingogogo.tistory.com/223,performance_value,19,19 pct 29%
223,2025-11-28T21:45:29+09:00,7월11일 추천 리스트 3일간 인증,수익율 인증공간 날자별 최대 3일후까지,https://mingogogo.tistory.com/223,performance_value,17,17 pct 02%
224,2025-11-28T21:55:57+09:00,7월13일 추천 리스트 3일간 인증,수익율 인증공간 날자별 최대 3일후까지,https://mingogogo.tistory.com/224,performance_value,11,11 pct 23%
224,2025-11-28T21:55:57+09:00,7월13일 추천 리스트 3일간 인증,수익율 인증공간 날자별 최대 3일후까지,https://mingogogo.tistory.com/224,performance_value,24,24 pct 42%
224,2025-11-28T21:55:57+09:00,7월13일 추천 리스트 3일간 인증,수익율 인증공간 날자별 최대 3일후까지,https://mingogogo.tistory.com/224,performance_value,100,100 pct 0%
224,2025-11-28T21:55:57+09:00,7월13일 추천 리스트 3일간 인증,수익율 인증공간 날자별 최대 3일후까지,https://mingogogo.tistory.com/224,performance_value,13,13 pct 87%
224,2025-11-28T21:55:57+09:00,7월13일 추천 리스트 3일간 인증,수익율 인증공간 날자별 최대 3일후까지,https://mingogogo.tistory.com/224,performance_value,13,13 pct 19%
226,2025-11-29T15:57:14+09:00,7월14일 추천 리스트 3일간 인증,수익율 인증공간 날자별 최대 3일후까지,https://mingogogo.tistory.com/226,performance_value,11,11 pct 44%
226,2025-11-29T15:57:14+09:00,7월14일 추천 리스트 3일간 인증,수익율 인증공간 날자별 최대 3일후까지,https://mingogogo.tistory.com/226,performance_value,18,18 pct 85%
226,2025-11-29T15:57:14+09:00,7월14일 추천 리스트 3일간 인증,수익율 인증공간 날자별 최대 3일후까지,https://mingogogo.tistory.com/226,performance_value,100,100 pct 0%
226,2025-11-29T15:57:14+09:00,7월14일 추천 리스트 3일간 인증,수익율 인증공간 날자별 최대 3일후까지,https://mingogogo.tistory.com/226,performance_value,XRP,XRP pct +18.85%
226,2025-11-29T15:57:14+09:00,7월14일 추천 리스트 3일간 인증,수익율 인증공간 날자별 최대 3일후까지,https://mingogogo.tistory.com/226,performance_value,15,15 pct 38%
226,2025-11-29T15:57:14+09:00,7월14일 추천 리스트 3일간 인증,수익율 인증공간 날자별 최대 3일후까지,https://mingogogo.tistory.com/226,performance_value,AI,AI pct +14.68%
228,2025-11-29T16:12:23+09:00,7월17일 추천 리스트 3일간 인증,수익율 인증공간 날자별 최대 3일후까지,https://mingogogo.tistory.com/228,performance_value,10,10 pct +11.96%
228,2025-11-29T16:12:23+09:00,7월17일 추천 리스트 3일간 인증,수익율 인증공간 날자별 최대 3일후까지,https://mingogogo.tistory.com/228,performance_value,27,27 pct 32%
228,2025-11-29T16:12:23+09:00,7월17일 추천 리스트 3일간 인증,수익율 인증공간 날자별 최대 3일후까지,https://mingogogo.tistory.com/228,performance_value,100,100 pct 0%
228,2025-11-29T16:12:23+09:00,7월17일 추천 리스트 3일간 인증,수익율 인증공간 날자별 최대 3일후까지,https://mingogogo.tistory.com/228,performance_value,AI,AI pct +17.66%
228,2025-11-29T16:12:23+09:00,7월17일 추천 리스트 3일간 인증,수익율 인증공간 날자별 최대 3일후까지,https://mingogogo.tistory.com/228,performance_value,17,17 pct 51%
229,2025-11-29T16:18:49+09:00,7월18일 추천 리스트 3일간 인증,수익율 인증공간 날자별 최대 3일후까지,https://mingogogo.tistory.com/229,performance_value,10,10 pct +11.86%
229,2025-11-29T16:18:49+09:00,7월18일 추천 리스트 3일간 인증,수익율 인증공간 날자별 최대 3일후까지,https://mingogogo.tistory.com/229,performance_value,20,20 pct 96%
229,2025-11-29T16:18:49+09:00,7월18일 추천 리스트 3일간 인증,수익율 인증공간 날자별 최대 3일후까지,https://mingogogo.tistory.com/229,performance_value,100,100 pct 0%
229,2025-11-29T16:18:49+09:00,7월18일 추천 리스트 3일간 인증,수익율 인증공간 날자별 최대 3일후까지,https://mingogogo.tistory.com/229,performance_value,15,15 pct 14%
229,2025-11-29T16:18:49+09:00,7월18일 추천 리스트 3일간 인증,수익율 인증공간 날자별 최대 3일후까지,https://mingogogo.tistory.com/229,performance_value,13,13 pct 68%
230,2025-11-29T16:25:00+09:00,7월19일 추천 리스트 3일간 인증,수익율 인증공간 날자별 최대 3일후까지,https://mingogogo.tistory.com/230,performance_value,10,10 pct +10.78%
230,2025-11-29T16:25:00+09:00,7월19일 추천 리스트 3일간 인증,수익율 인증공간 날자별 최대 3일후까지,https://mingogogo.tistory.com/230,performance_value,32,32 pct 37%
230,2025-11-29T16:25:00+09:00,7월19일 추천 리스트 3일간 인증,수익율 인증공간 날자별 최대 3일후까지,https://mingogogo.tistory.com/230,performance_value,100,100 pct 0%
230,2025-11-29T16:25:00+09:00,7월19일 추천 리스트 3일간 인증,수익율 인증공간 날자별 최대 3일후까지,https://mingogogo.tistory.com/230,performance_value,24,24 pct 74%
230,2025-11-29T16:25:00+09:00,7월19일 추천 리스트 3일간 인증,수익율 인증공간 날자별 최대 3일후까지,https://mingogogo.tistory.com/230,performance_value,738,738 pct +10.94%
231,2025-11-29T16:34:23+09:00,7월21일 추천 리스트 3일간 인증,수익율 인증공간 날자별 최대 3일후까지,https://mingogogo.tistory.com/231,performance_value,12,12 pct 75%
231,2025-11-29T16:34:23+09:00,7월21일 추천 리스트 3일간 인증,수익율 인증공간 날자별 최대 3일후까지,https://mingogogo.tistory.com/231,performance_value,34,34 pct 48%
231,2025-11-29T16:34:23+09:00,7월21일 추천 리스트 3일간 인증,수익율 인증공간 날자별 최대 3일후까지,https://mingogogo.tistory.com/231,performance_value,100,100 pct 0%
231,2025-11-29T16:34:23+09:00,7월21일 추천 리스트 3일간 인증,수익율 인증공간 날자별 최대 3일후까지,https://mingogogo.tistory.com/231,performance_value,27,27 pct 95%
231,2025-11-29T16:34:23+09:00,7월21일 추천 리스트 3일간 인증,수익율 인증공간 날자별 최대 3일후까지,https://mingogogo.tistory.com/231,performance_value,23,23 pct 74%
236,2025-11-30T18:31:50+09:00,바이낸스 간접 체험 선물 마진거래,코인 강의(공부하기),https://mingogogo.tistory.com/236,performance_value,54,54 pct 32%
236,2025-11-30T18:31:50+09:00,바이낸스 간접 체험 선물 마진거래,코인 강의(공부하기),https://mingogogo.tistory.com/236,performance_value,45,45 pct 68%
236,2025-11-30T18:31:50+09:00,바이낸스 간접 체험 선물 마진거래,코인 강의(공부하기),https://mingogogo.tistory.com/236,performance_value,023,023 pct 4%
236,2025-11-30T18:31:50+09:00,바이낸스 간접 체험 선물 마진거래,코인 강의(공부하기),https://mingogogo.tistory.com/236,performance_value,019,019 pct 8%
236,2025-11-30T18:31:50+09:00,바이낸스 간접 체험 선물 마진거래,코인 강의(공부하기),https://mingogogo.tistory.com/236,performance_value,015,015 pct 6%
236,2025-11-30T18:31:50+09:00,바이낸스 간접 체험 선물 마진거래,코인 강의(공부하기),https://mingogogo.tistory.com/236,performance_value,008,008 pct 7%
236,2025-11-30T18:31:50+09:00,바이낸스 간접 체험 선물 마진거래,코인 강의(공부하기),https://mingogogo.tistory.com/236,performance_value,58,58 pct 42%
236,2025-11-30T18:31:50+09:00,바이낸스 간접 체험 선물 마진거래,코인 강의(공부하기),https://mingogogo.tistory.com/236,performance_value,95,95 pct -2.1%
236,2025-11-30T18:31:50+09:00,바이낸스 간접 체험 선물 마진거래,코인 강의(공부하기),https://mingogogo.tistory.com/236,performance_value,98,98 pct +1.3%
236,2025-11-30T18:31:50+09:00,바이낸스 간접 체험 선물 마진거래,코인 강의(공부하기),https://mingogogo.tistory.com/236,performance_value,100,100 pct +2.8%
236,2025-11-30T18:31:50+09:00,바이낸스 간접 체험 선물 마진거래,코인 강의(공부하기),https://mingogogo.tistory.com/236,performance_value,10,10 pct 0%
237,2025-11-30T22:42:12+09:00,7월22일 추천 리스트 3일간 인증,수익율 인증공간 날자별 최대 3일후까지,https://mingogogo.tistory.com/237,performance_value,11,11 pct 13%
237,2025-11-30T22:42:12+09:00,7월22일 추천 리스트 3일간 인증,수익율 인증공간 날자별 최대 3일후까지,https://mingogogo.tistory.com/237,performance_value,66,66 pct 77%
237,2025-11-30T22:42:12+09:00,7월22일 추천 리스트 3일간 인증,수익율 인증공간 날자별 최대 3일후까지,https://mingogogo.tistory.com/237,performance_value,100,100 pct 0%
237,2025-11-30T22:42:12+09:00,7월22일 추천 리스트 3일간 인증,수익율 인증공간 날자별 최대 3일후까지,https://mingogogo.tistory.com/237,performance_value,12,12 pct 58%
238,2025-11-30T22:52:44+09:00,7월23일 추천 리스트 3일간 인증,수익율 인증공간 날자별 최대 3일후까지,https://mingogogo.tistory.com/238,performance_value,10,10 pct 01%
238,2025-11-30T22:52:44+09:00,7월23일 추천 리스트 3일간 인증,수익율 인증공간 날자별 최대 3일후까지,https://mingogogo.tistory.com/238,performance_value,14,14 pct 24%
238,2025-11-30T22:52:44+09:00,7월23일 추천 리스트 3일간 인증,수익율 인증공간 날자별 최대 3일후까지,https://mingogogo.tistory.com/238,performance_value,100,100 pct 0%
238,2025-11-30T22:52:44+09:00,7월23일 추천 리스트 3일간 인증,수익율 인증공간 날자별 최대 3일후까지,https://mingogogo.tistory.com/238,performance_value,AI,AI pct +12.91%
238,2025-11-30T22:52:44+09:00,7월23일 추천 리스트 3일간 인증,수익율 인증공간 날자별 최대 3일후까지,https://mingogogo.tistory.com/238,performance_value,HUNT,HUNT pct +11.40%
239,2025-11-30T22:54:47+09:00,7월24일 추천 리스트 3일간 인증,수익율 인증공간 날자별 최대 3일후까지,https://mingogogo.tistory.com/239,performance_value,12,12 pct 26%
239,2025-11-30T22:54:47+09:00,7월24일 추천 리스트 3일간 인증,수익율 인증공간 날자별 최대 3일후까지,https://mingogogo.tistory.com/239,performance_value,100,100 pct 0%
239,2025-11-30T22:54:47+09:00,7월24일 추천 리스트 3일간 인증,수익율 인증공간 날자별 최대 3일후까지,https://mingogogo.tistory.com/239,performance_value,10,10 pct 24%
240,2025-11-30T23:00:15+09:00,7월 26일 추천 리스트 3일간 인증,수익율 인증공간 날자별 최대 3일후까지,https://mingogogo.tistory.com/240,performance_value,100,100 pct 0%
243,2025-12-01T20:12:55+09:00,마진거래 강의 2강,코인 강의(공부하기),https://mingogogo.tistory.com/243,performance_value,100,100 pct 10%
243,2025-12-01T20:12:55+09:00,마진거래 강의 2강,코인 강의(공부하기),https://mingogogo.tistory.com/243,performance_value,10,10 pct 0%
243,2025-12-01T20:12:55+09:00,마진거래 강의 2강,코인 강의(공부하기),https://mingogogo.tistory.com/243,performance_value,100,100 pct 000%
243,2025-12-01T20:12:55+09:00,마진거래 강의 2강,코인 강의(공부하기),https://mingogogo.tistory.com/243,performance_value,10,10 pct -12%
243,2025-12-01T20:12:55+09:00,마진거래 강의 2강,코인 강의(공부하기),https://mingogogo.tistory.com/243,performance_value,22,22 pct 0%
243,2025-12-01T20:12:55+09:00,마진거래 강의 2강,코인 강의(공부하기),https://mingogogo.tistory.com/243,performance_value,15,15 pct 5%
243,2025-12-01T20:12:55+09:00,마진거래 강의 2강,코인 강의(공부하기),https://mingogogo.tistory.com/243,performance_value,52,52 pct 30%
243,2025-12-01T20:12:55+09:00,마진거래 강의 2강,코인 강의(공부하기),https://mingogogo.tistory.com/243,performance_value,52,52 pct 25%
243,2025-12-01T20:12:55+09:00,마진거래 강의 2강,코인 강의(공부하기),https://mingogogo.tistory.com/243,performance_value,48,48 pct 4%
243,2025-12-01T20:12:55+09:00,마진거래 강의 2강,코인 강의(공부하기),https://mingogogo.tistory.com/243,performance_value,10,10 pct -15%
243,2025-12-01T20:12:55+09:00,마진거래 강의 2강,코인 강의(공부하기),https://mingogogo.tistory.com/243,performance_value,50,50 pct +0.015%
243,2025-12-01T20:12:55+09:00,마진거래 강의 2강,코인 강의(공부하기),https://mingogogo.tistory.com/243,performance_value,015,015 pct 0.045%
243,2025-12-01T20:12:55+09:00,마진거래 강의 2강,코인 강의(공부하기),https://mingogogo.tistory.com/243,performance_value,045,045 pct 0.315%
243,2025-12-01T20:12:55+09:00,마진거래 강의 2강,코인 강의(공부하기),https://mingogogo.tistory.com/243,performance_value,045,045 pct 1.35%
243,2025-12-01T20:12:55+09:00,마진거래 강의 2강,코인 강의(공부하기),https://mingogogo.tistory.com/243,performance_value,80,80 pct 20%
248,2025-12-03T00:39:40+09:00,BTC마켓  원화마켓 상장 유망코인,코인 강의(공부하기),https://mingogogo.tistory.com/248,performance_value,50,50 pct 200%
258,2025-12-09T23:34:56+09:00,2년치 차트 역사를 실시간으로 해부하는 초정밀 분석 엔진,코인 프로그램 유료버전,https://mingogogo.tistory.com/258,performance_value,EC,EC pct 94%
258,2025-12-09T23:34:56+09:00,2년치 차트 역사를 실시간으로 해부하는 초정밀 분석 엔진,코인 프로그램 유료버전,https://mingogogo.tistory.com/258,performance_value,EC,EC pct 8%
258,2025-12-09T23:34:56+09:00,2년치 차트 역사를 실시간으로 해부하는 초정밀 분석 엔진,코인 프로그램 유료버전,https://mingogogo.tistory.com/258,performance_value,ED,ED pct 0%
262,2025-12-11T12:07:04+09:00,코인분석기 3종,코인 프로그램 유료버전,https://mingogogo.tistory.com/262,scoring_value,55,55 score 70
262,2025-12-11T12:07:04+09:00,코인분석기 3종,코인 프로그램 유료버전,https://mingogogo.tistory.com/262,scoring_value,31,31 score 45
262,2025-12-11T12:07:04+09:00,코인분석기 3종,코인 프로그램 유료버전,https://mingogogo.tistory.com/262,scoring_value,RSI,RSI score 25
262,2025-12-11T12:07:04+09:00,코인분석기 3종,코인 프로그램 유료버전,https://mingogogo.tistory.com/262,scoring_value,RSI,RSI score 20
262,2025-12-11T12:07:04+09:00,코인분석기 3종,코인 프로그램 유료버전,https://mingogogo.tistory.com/262,scoring_value,RSI,RSI score 10
262,2025-12-11T12:07:04+09:00,코인분석기 3종,코인 프로그램 유료버전,https://mingogogo.tistory.com/262,scoring_value,10,10 score 15
262,2025-12-11T12:07:04+09:00,코인분석기 3종,코인 프로그램 유료버전,https://mingogogo.tistory.com/262,scoring_value,90,90 score 15
262,2025-12-11T12:07:04+09:00,코인분석기 3종,코인 프로그램 유료버전,https://mingogogo.tistory.com/262,scoring_value,80,80 score 12
262,2025-12-11T12:07:04+09:00,코인분석기 3종,코인 프로그램 유료버전,https://mingogogo.tistory.com/262,scoring_value,CCI,CCI score 15
262,2025-12-11T12:07:04+09:00,코인분석기 3종,코인 프로그램 유료버전,https://mingogogo.tistory.com/262,scoring_value,100,100 score 12
262,2025-12-11T12:07:04+09:00,코인분석기 3종,코인 프로그램 유료버전,https://mingogogo.tistory.com/262,scoring_value,MFI,MFI score 15
262,2025-12-11T12:07:04+09:00,코인분석기 3종,코인 프로그램 유료버전,https://mingogogo.tistory.com/262,scoring_value,10,10 score 12
262,2025-12-11T12:07:04+09:00,코인분석기 3종,코인 프로그램 유료버전,https://mingogogo.tistory.com/262,scoring_value,60,60 score 79
262,2025-12-11T12:07:04+09:00,코인분석기 3종,코인 프로그램 유료버전,https://mingogogo.tistory.com/262,scoring_value,40,40 score 59
262,2025-12-11T12:07:04+09:00,코인분석기 3종,코인 프로그램 유료버전,https://mingogogo.tistory.com/262,scoring_value,20,20 score 39
262,2025-12-11T12:07:04+09:00,코인분석기 3종,코인 프로그램 유료버전,https://mingogogo.tistory.com/262,performance_value,10,10 pct +15%
262,2025-12-11T12:07:04+09:00,코인분석기 3종,코인 프로그램 유료버전,https://mingogogo.tistory.com/262,performance_value,30,30 pct 80%
262,2025-12-11T12:07:04+09:00,코인분석기 3종,코인 프로그램 유료버전,https://mingogogo.tistory.com/262,performance_value,24,24 pct -10%
262,2025-12-11T12:07:04+09:00,코인분석기 3종,코인 프로그램 유료버전,https://mingogogo.tistory.com/262,performance_value,10,10 pct 0%
263,2025-12-11T12:08:30+09:00,코인분석기 3종 프로그램 사용가이드,코인 프로그램 유료버전,https://mingogogo.tistory.com/263,scoring_value,55,55 score 69
263,2025-12-11T12:08:30+09:00,코인분석기 3종 프로그램 사용가이드,코인 프로그램 유료버전,https://mingogogo.tistory.com/263,scoring_value,46,46 score 54
263,2025-12-11T12:08:30+09:00,코인분석기 3종 프로그램 사용가이드,코인 프로그램 유료버전,https://mingogogo.tistory.com/263,scoring_value,31,31 score 45
263,2025-12-11T12:08:30+09:00,코인분석기 3종 프로그램 사용가이드,코인 프로그램 유료버전,https://mingogogo.tistory.com/263,scoring_value,60,60 score 79
263,2025-12-11T12:08:30+09:00,코인분석기 3종 프로그램 사용가이드,코인 프로그램 유료버전,https://mingogogo.tistory.com/263,scoring_value,40,40 score 59
263,2025-12-11T12:08:30+09:00,코인분석기 3종 프로그램 사용가이드,코인 프로그램 유료버전,https://mingogogo.tistory.com/263,scoring_value,20,20 score 39
263,2025-12-11T12:08:30+09:00,코인분석기 3종 프로그램 사용가이드,코인 프로그램 유료버전,https://mingogogo.tistory.com/263,performance_value,10,10 pct +15%
263,2025-12-11T12:08:30+09:00,코인분석기 3종 프로그램 사용가이드,코인 프로그램 유료버전,https://mingogogo.tistory.com/263,performance_value,10,10 pct 0%
266,2025-12-13T19:55:20+09:00,코인 청산빔이란?,코인 강의(공부하기),https://mingogogo.tistory.com/266,performance_value,100,100 pct 100%
266,2025-12-13T19:55:20+09:00,코인 청산빔이란?,코인 강의(공부하기),https://mingogogo.tistory.com/266,performance_value,10,10 pct 0%
266,2025-12-13T19:55:20+09:00,코인 청산빔이란?,코인 강의(공부하기),https://mingogogo.tistory.com/266,performance_value,20,20 pct 100%
266,2025-12-13T19:55:20+09:00,코인 청산빔이란?,코인 강의(공부하기),https://mingogogo.tistory.com/266,performance_value,30,30 pct -50%
266,2025-12-13T19:55:20+09:00,코인 청산빔이란?,코인 강의(공부하기),https://mingogogo.tistory.com/266,performance_value,BTC,BTC pct 60%
266,2025-12-13T19:55:20+09:00,코인 청산빔이란?,코인 강의(공부하기),https://mingogogo.tistory.com/266,performance_value,BTC,BTC pct 40%
266,2025-12-13T19:55:20+09:00,코인 청산빔이란?,코인 강의(공부하기),https://mingogogo.tistory.com/266,performance_value,BTC,BTC pct -5%
266,2025-12-13T19:55:20+09:00,코인 청산빔이란?,코인 강의(공부하기),https://mingogogo.tistory.com/266,performance_value,10,10 pct 20%
266,2025-12-13T19:55:20+09:00,코인 청산빔이란?,코인 강의(공부하기),https://mingogogo.tistory.com/266,performance_value,000,000 pct 2%
292,2026-02-06T23:46:18+09:00,투자 강의 바이블,코인 강의(공부하기),https://mingogogo.tistory.com/292,performance_value,60,60 pct 70%
292,2026-02-06T23:46:18+09:00,투자 강의 바이블,코인 강의(공부하기),https://mingogogo.tistory.com/292,performance_value,38,38 pct 2%
292,2026-02-06T23:46:18+09:00,투자 강의 바이블,코인 강의(공부하기),https://mingogogo.tistory.com/292,performance_value,50,50 pct 61.8%
292,2026-02-06T23:46:18+09:00,투자 강의 바이블,코인 강의(공부하기),https://mingogogo.tistory.com/292,performance_value,61,61 pct 8%
292,2026-02-06T23:46:18+09:00,투자 강의 바이블,코인 강의(공부하기),https://mingogogo.tistory.com/292,performance_value,23,23 pct 6%
292,2026-02-06T23:46:18+09:00,투자 강의 바이블,코인 강의(공부하기),https://mingogogo.tistory.com/292,performance_value,78,78 pct 6%
292,2026-02-06T23:46:18+09:00,투자 강의 바이블,코인 강의(공부하기),https://mingogogo.tistory.com/292,performance_value,127,127 pct 2%
292,2026-02-06T23:46:18+09:00,투자 강의 바이블,코인 강의(공부하기),https://mingogogo.tistory.com/292,performance_value,161,161 pct 8%
292,2026-02-06T23:46:18+09:00,투자 강의 바이블,코인 강의(공부하기),https://mingogogo.tistory.com/292,performance_value,200,200 pct 261.8%
292,2026-02-06T23:46:18+09:00,투자 강의 바이블,코인 강의(공부하기),https://mingogogo.tistory.com/292,performance_value,BTC,BTC pct 1.5%
292,2026-02-06T23:46:18+09:00,투자 강의 바이블,코인 강의(공부하기),https://mingogogo.tistory.com/292,performance_value,BTC,BTC pct 60%
292,2026-02-06T23:46:18+09:00,투자 강의 바이블,코인 강의(공부하기),https://mingogogo.tistory.com/292,performance_value,ETH,ETH pct 25%
292,2026-02-06T23:46:18+09:00,투자 강의 바이블,코인 강의(공부하기),https://mingogogo.tistory.com/292,performance_value,10,10 pct 5%
292,2026-02-06T23:46:18+09:00,투자 강의 바이블,코인 강의(공부하기),https://mingogogo.tistory.com/292,performance_value,BTC,BTC pct 40%
292,2026-02-06T23:46:18+09:00,투자 강의 바이블,코인 강의(공부하기),https://mingogogo.tistory.com/292,performance_value,20,20 pct 10%
292,2026-02-06T23:46:18+09:00,투자 강의 바이블,코인 강의(공부하기),https://mingogogo.tistory.com/292,performance_value,BTC,BTC pct 25%
292,2026-02-06T23:46:18+09:00,투자 강의 바이블,코인 강의(공부하기),https://mingogogo.tistory.com/292,performance_value,ETH,ETH pct 20%
292,2026-02-06T23:46:18+09:00,투자 강의 바이블,코인 강의(공부하기),https://mingogogo.tistory.com/292,performance_value,25,25 pct 25%
292,2026-02-06T23:46:18+09:00,투자 강의 바이블,코인 강의(공부하기),https://mingogogo.tistory.com/292,performance_value,80,80 pct 20%
292,2026-02-06T23:46:18+09:00,투자 강의 바이블,코인 강의(공부하기),https://mingogogo.tistory.com/292,performance_value,50,50 pct 100%
292,2026-02-06T23:46:18+09:00,투자 강의 바이블,코인 강의(공부하기),https://mingogogo.tistory.com/292,performance_value,10,10 pct 11%
292,2026-02-06T23:46:18+09:00,투자 강의 바이블,코인 강의(공부하기),https://mingogogo.tistory.com/292,performance_value,10,10 pct 0%
292,2026-02-06T23:46:18+09:00,투자 강의 바이블,코인 강의(공부하기),https://mingogogo.tistory.com/292,performance_value,1000,1000 pct 2%
292,2026-02-06T23:46:18+09:00,투자 강의 바이블,코인 강의(공부하기),https://mingogogo.tistory.com/292,performance_value,100,100 pct 60%
293,2026-02-09T20:45:44+09:00,텔레그램 급락 경고 시스템 분석 결과,코인 프로그램 인증,https://mingogogo.tistory.com/293,scoring_value,HIGH,HIGH score 98
293,2026-02-09T20:45:44+09:00,텔레그램 급락 경고 시스템 분석 결과,코인 프로그램 인증,https://mingogogo.tistory.com/293,scoring_value,95,95 score 100
293,2026-02-09T20:45:44+09:00,텔레그램 급락 경고 시스템 분석 결과,코인 프로그램 인증,https://mingogogo.tistory.com/293,scoring_value,80,80 score 94
293,2026-02-09T20:45:44+09:00,텔레그램 급락 경고 시스템 분석 결과,코인 프로그램 인증,https://mingogogo.tistory.com/293,scoring_value,50,50 score 79
308,2026-04-13T10:09:31+09:00,4월13일 추천. 코인리스트,인증 저장공간,https://mingogogo.tistory.com/308,scoring_value,ULTRA,ULTRA score 173
308,2026-04-13T10:09:31+09:00,4월13일 추천. 코인리스트,인증 저장공간,https://mingogogo.tistory.com/308,scoring_value,ID,ID score 173
308,2026-04-13T10:09:31+09:00,4월13일 추천. 코인리스트,인증 저장공간,https://mingogogo.tistory.com/308,scoring_value,LPT,LPT score 168
308,2026-04-13T10:09:31+09:00,4월13일 추천. 코인리스트,인증 저장공간,https://mingogogo.tistory.com/308,scoring_value,DKA,DKA score 166
308,2026-04-13T10:09:31+09:00,4월13일 추천. 코인리스트,인증 저장공간,https://mingogogo.tistory.com/308,scoring_value,CFG,CFG score 81
308,2026-04-13T10:09:31+09:00,4월13일 추천. 코인리스트,인증 저장공간,https://mingogogo.tistory.com/308,scoring_value,AHT,AHT score 82
308,2026-04-13T10:09:31+09:00,4월13일 추천. 코인리스트,인증 저장공간,https://mingogogo.tistory.com/308,scoring_value,ANKR,ANKR score 100
308,2026-04-13T10:09:31+09:00,4월13일 추천. 코인리스트,인증 저장공간,https://mingogogo.tistory.com/308,scoring_value,KITE,KITE score 90
308,2026-04-13T10:09:31+09:00,4월13일 추천. 코인리스트,인증 저장공간,https://mingogogo.tistory.com/308,performance_value,ONG,ONG pct +7.8%
308,2026-04-13T10:09:31+09:00,4월13일 추천. 코인리스트,인증 저장공간,https://mingogogo.tistory.com/308,performance_value,ID,ID pct +4.4%
308,2026-04-13T10:09:31+09:00,4월13일 추천. 코인리스트,인증 저장공간,https://mingogogo.tistory.com/308,performance_value,IMX,IMX pct +3.8%
308,2026-04-13T10:09:31+09:00,4월13일 추천. 코인리스트,인증 저장공간,https://mingogogo.tistory.com/308,performance_value,MET2,MET2 pct +195.9%
